product_id,name,brand,category,price,size_value,size_unit,ingredients,key_ingredients,source,date_collected
P001,hold me tight pro shampoo spring wonder,Lavojoy,Shampoo,97520,280,ml,"water, cocamidopropyl hydroxsultaine, sodium c14-16 olefin sulfonate, sodium lauroyl sarcosinate, sodium lauroamphoaetate, sodium taurine cocoyl methyltaurate, sodium chloride, phenoxyethanol, peg-40 hydrogenated castor oil, fragrance, cocamide mea, cocamidopropyl betaine, hydroxyacetopjenone, betaine, peg-6 caprylick capric glycerides, piroctone olamine, sodium isostearoyl lactylate, polyquaternium-10, citric acid, sodium cocoyl isethionate, trimethylolpropane tricaprylate tricaprate, etidronic acid, panthenol, butylene glycol, phytosteryl oleate, glyceryl behenate, sodium benzoate, ppg-26-buteth-26, zingiber officinale root extract, anemarrhena asphodeloides root extract, panax ginseng root extract, propylene glycol, caffeine, angelica polymorpha sinensis root extract, biota orientalis leaf extract, polygonum multiflorum root extract, 1, 2-hexanediol, caprylyl glycol, cyclodextrin, chlorphenesin, adenosine, glycerin, ethylhexylglycerin, diaminopyrimidine oxide, niacinamide, yeast extract, aesculus hippocastanum seed extract, ammonium glycyrrhizate, zinc gluconate, sodium citrate, chrysin, arginine, oleanolic acid, palmityoyl tripeptide-1, myristoyl pentapeptide-4, acetyl tetrapeptide-3, hexapeptide-3, biotin","[""piroctone olamine"", ""panthenol"", ""panax ginseng root extract"", ""caffeine"", ""polygonum multiflorum root extract"", ""adenosine"", ""glycerin"", ""diaminopyrimidine oxide"", ""niacinamide"", ""aesculus hippocastanum seed extract"", ""zinc gluconate"", ""chrysin"", ""arginine"", ""oleanolic acid"", ""acetyl tetrapeptide-3"", ""biotin""]",https://www.sociolla.com/shampoo/77587-hold-me-tight-pro-shampoo-spring-wonder,11/1/2025
P002,real mary exfoliating scalp shampoo,Rated Green,Shampoo,89100,100,ml,"water, rosmarinus offici nalis leaf water, sodium cocoyl isethionate, sodium methyl cocoyl taurate, disodium laureth sulfosuccinate, sodium lauroyl lactylate, decyl glucoside, rosmarinus officinalis leaf oil, quillaja saponaria bark extract, zingiber officina le root extract, mentha piperita oil, glycerin, methylpropanediol, lauramide mipa, caprylyl glycol, coco - glucoside, citric acid, 1, 2-hexanediol, trihydroxystearin, caprylic capric triglyceride, ethylhexylglycerin, polyquaternium-10, salicylic acid, sodium citrate, sodium phytate, butylene glycol, tocopherol, alcohol, cetearyl alcohol, sodium benzoate, limonene","[""rosmarinus officinalis leaf oil"", ""glycerin"", ""salicylic acid"", ""tocopherol""]",https://www.sociolla.com/shampoo/14647-real-mary-exfoliating-scalp-shampoo?size=100_ml,11/1/2025
P003,real grow anti-hair loss stimulating scalp spray,Rated Green,Hair Tonic,211500,120,ml,"rosmarinus officinalis leaf water, water, alcohol, dipropylene glycol, glycerin, methylpropanediol, rosmarinus officinalis leaf oil, pinus sylvestris leaf oil, glycine soja seed extract, citrus aurantium dulcis peel oil, cocos nucifera fruit extract, octyldodeceth-16, 1, 2-hexanediol, menthol, salicylic acid, panthenol, tromethamine, zinc lactate, ethylhexylglycerin, pentylene glycol, butylene glycol, octanediol, biotin, hydrogenated lecithin, polyglyceryl-10 stearate, sodium ascorbyl phosphate, tocopheryl acetate, glyceryl arachidonate, glyceryl linolenate, retinyl palmitate, caffeine, limonene, linalool, geranio","[""glycerin"", ""rosmarinus officinalis leaf oil"", ""menthol"", ""salicylic acid"", ""panthenol"", ""zinc lactate"", ""biotin"", ""sodium ascorbyl phosphate"", ""tocopheryl acetate"", ""retinyl palmitate"", ""caffeine""]",https://www.sociolla.com/hair-serum/56919-real-grow-anti-hair-loss-stimulating-scalp-spray,11/1/2025
P004,texture experience conditioner green tea butter,Makarizo Professional,Conditioner,66600,250,ml,"aqua water, sodium laureth sulfate, cocamidopropyl betaine, glycerin, polyquaternium-7, sodium chloride, fragrance","[""glycerin""]",https://www.sociolla.com/conditioner/28173-texture-experience-conditioner-green-tea-butter,11/1/2025
P005,keratin pro daily use hair mask,CBD Professional,Hair Mask,76800,250,g,"aqua, cyclopentasiloxane, behentrimonium chloride, hydroxypropyl starch phosphate, cetearyl alcohol, perfume, cetyl alcohol, glyceryl stearate, cetrimonium chloride, dimethiconol, isopropanol, peg-100 stearate, phenoxyethanol, panthenol, sodium pca, sorbitan caprylate, bht, disodium edta, hydrolyzed keratin, benzotriazolyl dodecyl p-cresol, sodium metabisulfite, citric acid","[""panthenol"", ""hydrolyzed keratin""]",https://www.sociolla.com/hair-mask/67659-keratin-pro-daily-use-hair-mask-500gr,11/1/2025
P006,bonvie kemiri gin tonic (with biotin + aloe vera + peppermint),Bonvie,Hair Tonic,90200,60,ml,"oleanolic acid, biotin, ginseng, kemiri, peppermint dan aloe vera","[""oleanolic acid"", ""biotin"", ""panax ginseng root extract""]",https://www.sociolla.com/hair-tonic/86019-bonvie-kemiri-gin-tonic-with-biotin-aloe-vera-peppermint,11/1/2025
P007,rosemary hair growth oil,Lash Boss,Hair Serum,255000,100,ml,"rosemary, 3% encapsulated biotin, rice bran oil, argan and jojoba oil","[""biotin""]",https://www.sociolla.com/hair-oil/82652-rosemary-hair-growth-oil?size=100_ml,11/1/2025
P008,hot oil hair & scalp treatment by ree dermawellness,Ree Derma Wellness,Hair Oil,204600,100,ml,"water, capsicum anuum powder, ascorbic acid, pyridoxine, tacopherols, manganese, flavonoids cocos nucifera oil, phylloquinone occurs naturally from ingredients","[""ascorbic acid""]",https://www.sociolla.com/hair-oil/62563-hot-oil-hair-and-scalp-treatment-by-ree-dermawellness?size=100ml,11/1/2025
P009,erhair scalperfect allantoin & silk protein scalp soothing serum,Erha,Scalp Serum,95200,30,ml,"allantoin, hydrolyzed silk protein, piroctone olamine, zinc gluconate, niacinamide, salicylic acid, menthol","[""allantoin"", ""hydrolyzed silk"", ""piroctone olamine"", ""zinc gluconate"", ""niacinamide"", ""salicylic acid"", ""menthol""]",https://www.sociolla.com/hair-serum/53680-erhair-scalperfect-allantoin-and-silk-protein-scalp-soothing-serum,11/1/2025
P010,ciara hair perfector protein cream,Ciara,Hair Vitamin,109250,60,ml,"silk amino extract, rambutan seed extract, keratin, hyaluranic acid","[""keratin""]",https://www.sociolla.com/hair-serum/85953-ciara-hair-perfector-protein-cream,11/1/2025
P011,premium ex hair fall care & repair conditioner treatment,Tsubaki,Conditioner,179530,450,ml,"aqua, stearyl alcohol, isopentyldiol, behentrimonium chloride, glycerin, dimethicone, sorbitol, cetyl alcohol, dipropylene glycol, isopropyl alcohol, fragrance, aminopropyl dimethicone, isopropyl myristate, sodium methyltaurate, peg-2 laurate, salicylic acid, sodium benzoate, phenoxyethanol, c13-16 isoparaffin, polysilicone-13, steartrimonium chloride, laurtrimonium chloride, c10-13 isoparaffin, squalane, disodium edta, camellia japonica seed oil, butylene glycol, cetrimonium chloride, sodium dilauramidoglutamide lysine, amodimethicone, bis-ethylhexyloxyphenol methoxyphenyl triazine, phytosteryl macadamiate, ppg-2-deceth-12, citrus unshiu peel extract, eucheuma serra grateloupia sparsa saccharina angustata ulva linza undaria pinnatifida extract, lactic acid, saccharina angustata undaria pinnatifida extract, tocopherol, phytosteryl octyldodecyl lauroyl glutamate?","[""glycerin"", ""dimethicone"", ""salicylic acid"", ""amodimethicone"", ""lactic acid"", ""tocopherol""]",https://www.sociolla.com/conditioner/89478-premium-ex-hair-fall-care-and-repair-conditioner-treatment,1/6/2026
P013,collagen repair hair serum,CBD Professional,Hair Serum,937205,100,ml,"cyclopentasiloxane, isohexadecane, dimethiconol, dimethicone, caprylic capric triglyceride, isopropyl myristate, perfume, aqua, carthamus tinctorius seed oil, rubus idaeus fruit extract, hydrolyzed collagen, phenoxyethanol","[""dimethicone"", ""hydrolyzed collagen""]",https://www.sociolla.com/hair-serum/76003-collagen-repair-hair-serum-100ml,1/6/2026
P014,missdaisy perfume shampoo - rose & oud,Miss Daisy,Shampoo,369000,500,ml,"aqua, sodium lauroyl methylaminopropionate, sodium methyl cocoyl taurate, cocoamidopropyl betaine, lauryl hydroxysultaine, ppg-2 hydroxyethyl coco isostearamide, peg-250 distearate, fragrance, palmitamidopropyltrimonium chloride, dipropylene glycol, phenoxyethanol, citric acid, polyquaternium-10, guar hydroxypropyltrimonium chloride, c10-40 isoalkylamidopropylethyldimonium ethosulfate, tetrasodium edta, o-cymen-5-ol, hydrolyzed wheat protein, silk amino acids, ceramide np, ceramide ap, ceramide eop, phytoshingosine, cholesterol, sodium lauroyl lactylate, carbomer, xanthan gum, nicotiamide, helichrysum italicum extract, hydrolyzed rhodophycea extract","[""hydrolyzed wheat protein"", ""silk amino acids"", ""ceramide np""]",https://www.sociolla.com/shampoo/76276-missdaisy-perfume-shampoo-rose-and-oud?size=500ml,1/6/2026
P015,intensive scalp serum,Djamujamu,Scalp Serum,203350,45,ml,"water, alcohol, pisum sativum sprout extract, ocimum basilicum hairy root culture extract, peg-40 hydrogenated castor oil, panax ginseng root extract, menthyl lactate, hydroxyethylcellulose, sodium benzoate, zingiber officinale root oil, salicylic acid, santalum austrocaledonicum wood oil","[""panax ginseng root extract"", ""salicylic acid""]",https://www.sociolla.com/hair-serum/74234-intensive-scalp-serum,1/6/2026
P016,barber daily 2 in 1 hair tonic bottle,Makarizo Professional,Hair Tonic,82980,140,ml,"water, alcohol, propylene glycol, peg-40 hydrogenated castor oil, aloe vera leaf extract, fragrance, phenoxyethanol, menthol, panthenyl ethyl ether, piroctone olamine, citric acid, menthyl lactate, panax ginseng root extract, potassium sorbate, sodium ben","[""menthol"", ""piroctone olamine"", ""panax ginseng root extract""]",https://www.sociolla.com/hair-tonic/28188-barber-daily-2-in-1-hair-tonic-bottle,1/6/2026
P017,argan repair oil,Dancoly,Hair Oil,259470,60,ml,argania spinosa kernel oil helianthus annuus seed oil opuntia tuna extract citrus aurantium amara flower extract boswellia carterii oil parfum phenoxyethanol,"[""argania spinosa kernel oil""]",https://www.sociolla.com/hair-oil/9717-argan-repair-oil,1/6/2026
P018,kelaya hair shampoo,Kelaya,Shampoo,48500,100,ml,"aqua, sodium laureth sulfate, cocamidopropyl betaine, tetrahydroxy ethyl sulphate- disodium, aloe barbadensis extract, menthol, polyquaternium-7, peg-150 distearate, fragrance, potassium hydroxide, aleurites moluccana extract, cetrimonium chloride, bis pg-amodimethicone, sodium chloride, peg-400, piroctone olamine, tetrasodium edta methylchloroisothiazolinone, methylisothiazolinone","[""aloe barbadensis leaf extract"", ""menthol"", ""dimethicone"", ""piroctone olamine""]",https://www.sociolla.com/shampoo/77942-hair-treatment-shampoo-kemiri-and-extract-aloe-vera,1/6/2026
P019,keratin protein repair conditioner,Beamarry New York,Conditioner,152213,380,ml,"aqua, cetearyl alcohol, ethylhexyl palmitate, steartrimonium chloride, dimethicone, glyceryl stearate, hydroxyethylcellulose, dmdm hydantoin, parfum, glycerin, propylene glycol phenoxyethanol panthenol macadamia ternifolia seed oil, argania spinosa kernel oil, ci 19140, keratin, hydrolyzed keratin, oxidized keratin, rosmarinus officinalis leaf oil, rosa rugosa flower extract, rosa rugosa flower oil, michelia alba flower oil cymbidium grandiflorum root extract, ci 75470, rosa centifolia flower extract, jasminum officinale extract, bellis perennis flower extract, xanthan gum","[""dimethicone"", ""glycerin"", ""panthenol"", ""argania spinosa kernel oil"", ""keratin"", ""hydrolyzed keratin"", ""rosmarinus officinalis leaf oil""]",https://www.sociolla.com/conditioner/85225-keratin-protein-repair-conditioner,1/6/2026
P020,coconut milk hair serum,Beamarry New York,Hair Serum,190246,110,ml,"cyclopentasiloxaneisododecane, ethylhexyl palmitate, dimethiconol dimethicone parfum, olea europaea jolive fruit oil argania spinosa kernel oil orbignya oleifera seed oil, tocopheryl acetate, ci 15985, simmondsia chinensis seed oil butyrospermum parkii, vitis vinifera seed oil, prunus amygdalus dulcis oil, keratin, hydrolyzed keratin, oxidized keratin","[""dimethicone"", ""argania spinosa kernel oil"", ""tocopheryl acetate"", ""butyrospermum parkii"", ""keratin"", ""hydrolyzed keratin""]",https://www.sociolla.com/hair-serum/85240-coconut-milk-hair-serum,1/6/2026
P021,fino premium touch permeation essence hair mask,Shiseido Fino,Hair Mask,136856,230,g,"water, sorbitol, dimethicone, hydrogenated rapeseed oil alcohol, isopentyldiol, behentrimonium chloride, aminopropyldimethicone, alkyl oxyhydroxypropylarginine hcl, stearyldihydroxypropyldimonium oligosaccharide, glutamate, stearyltrimonium chloride, trehalose, squalane, peg-90m, pca, dilauroyl glutamate, polyquaternium-64, royal jelly extract, isopropanol, cetanol, octyldodecanol, ethanol, pg, bg, silica, bht, tocopherol, phenoxyethanol, sodium benzoate, fragrance, yellow 5","[""dimethicone"", ""arginine"", ""zinc pca"", ""tocopherol""]",https://www.tokopedia.com/colorsbeaute/shiseido-fino-premium-touch-hair-mask-masker-rambut?extParam=ivf%3Dfalse%26keyword%3Dfino+premium+touch+permeation+essence+hair+mask%26search_id%3D2026022107382711B9842E0A271F39DNIJ%26src%3Dsearch&t_id=1771659741293&t_st=2&t_pp=search_result&t_efo=search_pure_goods_card&t_ef=goods_search&t_sm=&t_spt=search_result,1/7/2026
P022,cbd professional keratin pro daily,CBD Professional,Hair Mask,105000,500,gr,"aqua, cyclopentasiloxane, behentrimonium chloride, hydroxypropyl starch phosphate, cetearyl alcohol, perfume, cetyl alcohol, glyceryl stearate, cetrimonium chloride, dimethiconol, isopropanol, peg-100 stearate, phenoxyethanol, panthenol, sodium pca, sorbitan caprylate, bht, disodium edta, hydrolyzed keratin, benzotriazolyl dodecyl p-cresol, sodium metabisulfite, citric acid","[""panthenol"", ""hydrolyzed keratin""]",https://www.tokopedia.com/cbdprofessional/bbd-cbd-professional-keratin-pro-daily-use-hair-mask-500gr-haircare-treatment-perawatan-setelah-shampoo-conditioner-vitamin-rambut-kering-kusut-kusam-menjadi-halus-berkilau-membersihkan-melembutkan-rambut-seperti-smoothing-1729420095615175062?extParam=ivf%3Dfalse%26keyword%3Dhair+care+hair+mask%26search_id%3D20260107112831CD00692C3BFE5939DSZU%26src%3Dsearch%26whid%3D12613736&t_id=1767785334549&t_st=5&t_pp=search_result&t_efo=search_pure_goods_card&t_ef=goods_search&t_sm=&t_spt=search_result,1/7/2026
P023,makarizo hair recovery,Makarizo,Hair Vitamin,69700,50,ml,"cyclopentasiloxane, cyclotetrasiloxane, phenyl trimethicone, dimethiconol, fragrance, tocopheryl acetate, hydrolyzed silk, pg-propyl methylsilanediol crosspolymer, hydrogenated soybean oil, retinyl palmitate, ascorbyl palmitate","[""tocopheryl acetate"", ""hydrolyzed silk"", ""retinyl palmitate""]",https://www.watsons.co.id/id/makarizo-hair-recovery-pump-50ml/p/BP_45180,1/7/2026
P024,hair fall control shampoo,Lab On Hair,Shampoo,130000,300,ml,"water, sodium laureth sulfate, cocamide mea, acrylates copolymer, cocamidopropyl hydroxysultaine, sodium chloride, fragrance, sodium cocoyl glycinate, dimethicone, glycerin, peg-150 distearate, behentrimonium chloride, triethanolamine, zingiber officinale root, polyquaternium-7, methylparaben, allantoin, isopropyl alcohol, disodium edta, propylene glycol, magnesium nitrate, undecylenic acid, arginine, salicylic acid, zingiber officinale root extract, 1, 2-hexanediol, hydroxyacetophenone, propanediol, ci 19140, methylchloroisothiazolinone, magnesium chloride, methylisothiazolinone, panax ginseng root extract, ci 16255, hydrolyzed pea protein, larix europaea wood extract, glycine, sodium metabisulfite, camellia sinensis leaf extract, zinc chloride","[""dimethicone"", ""glycerin"", ""allantoin"", ""arginine"", ""salicylic acid"", ""panax ginseng root extract"", ""hydrolyzed wheat protein"", ""camellia sinensis leaf extract""]",https://www.tokopedia.com/labonhair/lab-on-hair-anti-hair-fall-shampoo-sampo-perawatan-rambut-anti-rontok-anti-hair-fall-shampoo-membantu-revitalisasi-rambut-menjaga-kesehatan-kulit-kepala-mempercepat-pertumbuhan-rambut-dengan-redensyl-emortal-pep-ginger-ginseng-1729439470128564295?extParam=whid%3D16414396&aff_unique_id=&channel=others&chain_key=,1/7/2026
P025,tresemme keratin smooth keratinbond,TRESemmé,Hair Serum,156900,97,ML,"cyclopentasiloxane, cyclohexasiloxane, dimethiconol, phenyl trimethicone, sclerocarya birrea seed oil, hydrolyzed keratin, fragrance, aminopropyl dimethicone, dimethicone crosspolymer","[""hydrolyzed keratin""]",https://www.sociolla.com/hair-serum/73476-tresemme-keratin-smooth-keratinbond-no-4-serum,1/7/2026
P026,elseve aminexil serum,L'Oreal Paris,Hair Serum,125000,102,ml,"aqua water, alcohol denat, diaminopyrimidine oxide, tocopherol, sodium hyaluronate, sodium citrate, caffeine, safflower glucoside, peg-40 hydrogenated castor oil, arginine, aminomethyl propanol, ammonium polyacryloyldimethyl taurate, limonene, menthol, piroctone olamine, citric acid, coumarin, parfum fragrance ","[""diaminopyrimidine oxide"", ""tocopherol"", ""sodium hyaluronate"", ""caffeine"", ""arginine"", ""menthol"", ""piroctone olamine""]",https://www.watsons.co.id/id/l-oreal-elseve-aminexil-serum-anti-hair-fall-serum-102ml/p/BP_59845,1/7/2026
P027,wonderlux hold my strands! hair fall treatment,Wonderlux,Scalp Serum,150000,75,ml,"aqua, butylene glycol, tetrasodium, disuccinoyl cystine, propanediol, ammonium polyacryloyldimethyl taurate, hydroxypropylgluconamide, niacinamide, aloe barbadensis extract, oryza sativa bran water, hydroxypropylammonium gluconate, glycerin, ethanol, pathenol, chlorphenesin, phenoxyethanol, zingiber officinale extract, ppg-26-buteth-26, peg-40 hydrogenated castor oil, phyllanthus emblica fruit extract, bioflavonoids, glycine, apigenin, serine, glutamic acid, oleanolic acid, aspartic acid, leucine, biotinoyl tripeptide-1, alanine, lysine, arginine, tyrosine, phenylalanine, threonine, proline, valine, isoleucine, histidine","[""niacinamide"", ""aloe barbadensis leaf extract"", ""glycerin"", ""panthenol"", ""oleanolic acid"", ""biotinoyl tripeptide-1"", ""arginine""]",https://www.watsons.co.id/id/wonderlux-wonderlux-hold-my-strands-hair-fall-treatment-scalp-serum-75ml/p/BP_39916,1/7/2026
P029,ginseng hair tonic,Mylea,Hair Tonic,49900,200,ml,"aqua, isopropyl alcohol, fragrance, peg-40 hydrogenated castor oil, propylene glycol, piroctone olamine, sodium salicylate, d-panthenol, citric acid, menthol, camphor, polysorbate 80, chamomilla recutita flower extract, glucose, linoleic acid, retinyl palmitate, alcohol, lactic acid, sodium benzoate, equisetum arvense extract, betula alba leaf extract, urtica dioica extract, phenoxyethanol, tocopheryl acetate, capric acid, potassium sorbate, ci 60730, caramel, ci 42090, methylparaben, tartaric acid, ethylparaben, propylparaben, butylparaben, bht","[""piroctone olamine"", ""panthenol"", ""menthol"", ""chamomilla recutita extract"", ""retinyl palmitate"", ""lactic acid"", ""tocopheryl acetate""]",https://www.watsons.co.id/id/mylea-ginseng-hair-tonic-200-ml/p/BP_72455,1/7/2026
P030,cave hair tonic,Cave,Hair Tonic,150000,150,ml,"aqua, alcohol denat, peg-40 hydrogenated castor oil, aleurites moluccana extract, fragrance components and finished fragrances, panthenol, propylene glycol, menthol, capsicum annuum extract, cetyl pyridium chloride, ci 42090, biotin","[""panthenol"", ""menthol"", ""biotin""]",https://www.watsons.co.id/id/cave-cave-hair-tonic-150ml/p/BP_43416,1/7/2026
P031,heat&sun protection detangle spray,Beamarry New York,Heat Protection,167580,200,ml,"aqua, trideceth-10 amodimethicone, dimethiconol, glycerin, cocodimonium hydrox propyl hydrolyzed keratin, propylene glycol, panthenol, tea-dodecylbenzenesulfonate, peg-40 hydrogenated castor oil, cetrimonium chloride, ethyl lauroyl arginate hcl, sodium citrate, benzophenône 4, parfum ethylhexy glycerin, 12-hexane diol citric acid, argania spinosá kernel oil, cocos nucifera oil macadamia ternifo lia seed oil, sodium hivaluronate vitex trifola fruit extract, keratin, endrolvzed keratin oxidized keratin","[""dimethicone"", ""glycerin"", ""hydrolyzed keratin"", ""panthenol"", ""argania spinosa kernel oil"", ""keratin""]",https://www.sociolla.com/shampoo/85377-heat-and-sun-protection-detangle-spray,1/9/2026
P032,pantene conditioner miracles collagen repair for damage care,Pantene,Conditioner,18000,70,ml,"water, silicone quaternium-26, stearyl alcohol, cetyl alcohol, benzyl alcohol, disodium edta, polysorbate 20, hexyl cinnamal, panthenol, histidine, panthenyl ethyl ether, citric acid, collagen","[""panthenol"", ""hydrolyzed collagen""]",https://www.tokopedia.com/watsons-indonesia-official-store/pantene-conditioner-miracles-collagen-repair-for-damage-care-70ml?extParam=ivf%3Dfalse%26keyword%3Dconditioner%26search_id%3D202601091126430BB4AEC17105210F8KP8%26src%3Dsearch&t_id=1767957222016&t_st=4&t_pp=search_result&t_efo=search_pure_goods_card&t_ef=goods_search&t_sm=&t_spt=search_resulty,1/9/2026
P033,loreal total repair 5 hair spa mask,L'Oreal Paris,Hair Mask,100400,200,ml,"aqua water, cetearyl alcohol, behentrimonium chloride, glycerin, cetyl esters, hydroxypropyltrimonium hydrolyzed wheat protein, dodocene, phenoxyethanol, arginine, chlorhexidine digluconate, poloxamen 407, limonene, linalool, benzyl salicylate, isopropyl myristate, 2-oleamido-1, 3-octadecandediol, serine, bht, citric acid, butylphenyl methylpropional, lauryl peg ppg-18 18 methicone, glutamic acid, hexyl cinnamal, glyceryl linoleate, glyceryl oleate, glyceryl linolenate, parfum fragrance (fil c37037 1 ","[""glycerin"", ""hydrolyzed wheat protein"", ""arginine""]",https://www.watsons.co.id/id/l-oreal-l-oreal-total-repair-5-hair-spa-mask-200ml/p/BP_48665,1/9/2026
P035,kerastase chronologiste hair oil,Kérastase,Hair Oil,1200000,75,ml,"isododecane, caprylic capric triglyceride, dimethicone, dicaprylyl ether, dimethiconol, trimethylsiloxysilicate, parfum fragrance, linalool, argania spinosa kernel oil, helianthus annuus seed oil sunflower seed oil, limonene, citronellol, jasminum grandiflorum flower extract jasmine flower extract, tocopherol, geraniol, benzyl alcohol, benzyl benzoate, commiphora myrrha resin extract","[""dimethicone"", ""argania spinosa kernel oil"", ""tocopherol""]",https://www.tokopedia.com/kerastaseofficial/kerastase-chronologiste-hair-oil-75ml-hair-perfume-in-oil-parfum-rambut-dan-serum-untuk-rambut-rapuh-kusam-1730674859546937228?extParam=src%3Dshop%26whid%3D13679389&aff_unique_id=&channel=others&chain_key=,1/9/2026
P036,kerastase serum potentialiste,Kérastase,Hair Serum,770000,90,ml,"aqua water eau, alcohol denat, bifida ferment lysate, ascorbyl glucoside, aminomethyl propanol, peg-40 hydrogenated castor oil, carbomer, mannose, polysorbate 21, alpha-glucan oligosaccharide, phenoxyethanol, glycerin, pentylene glycol, polymnia sonchifolia root juice, faex extract yeast extract extrait de levure, sodium benzoate, maltodextrin, limonene, geraniol, hexyl cinnamal, benzyl benzoate, benzyl alcohol, lactobacillus, linalool, citral, parfum fragrance","[""glycerin""]",https://www.tokopedia.com/kerastaseofficial/kerastase-serum-potentialiste-90ml-scalp-barrier-serum-serum-untuk-keseimbangan-microbiome-di-kulit-kepala-mengandung-10-bifidus-probiotic-prebiotic-1-vitamin-c-1729961148801648524?extParam=whid%3D13679389%26src%3Dshop&aff_unique_id=&channel=others&chain_key=,1/9/2026
P037,kerastase bain nutri genesis,Kérastase,Shampoo,998000,500,ml,"aqua, sodium laureth sulfate, ammonium lauryl sulfate, cocamidopropyl betaine, sodium chloride, parfum, glycol distearate, cocamide mea, laureth-7, citric acid, sodium benzoate, sodium hydroxide, polyquaternium-10, peg-4 rapeseedamide, menthol, guar hydroxypropyltrimonium chloride, caffeine, arginine, serine, hydrolyzed keratin, hydrolyzed wheat protein, tocopherol, linalool, hexyl cinnamal, benzyl salicylate, limonene, geraniol, ci 17200 ","[""menthol"", ""caffeine"", ""arginine"", ""hydrolyzed keratin"", ""hydrolyzed wheat protein"", ""tocopherol""]",https://www.tokopedia.com/kerastaseofficial/kerastase-bain-nutri-genesis-500ml-anti-hair-fall-shampoo-thick-hair-shampoo-untuk-rambut-rontok-patah-helaian-tebal-1730357209723602828?extParam=src%3Dshop%26whid%3D13679389&aff_unique_id=&channel=others&chain_key=,1/9/2026
P038,sdb heat protection spray,SDB,Heat Protection,65490,100,ml,"aqua, cyclopentasiloxane, dimethicone, cyclohexasiloxane, hydrolyzed keratin, collagen, panthenol, glycerin, polyquaternium-7, peg-12 dimethicone, phenoxyethanol, ethylhexylglycerin, disodium edta, citric acid, parfum ","[""dimethicone"", ""hydrolyzed keratin"", ""hydrolyzed collagen"", ""panthenol"", ""glycerin""]",https://www.tokopedia.com/nimetolshop/sdb-heat-protection-spray-100ml-keratin-collagen-melindungi-rambut-rusak-kusut-catok-hair-dryer-1730888079183414903?extParam=ivf%3Dfalse%26keyword%3Dheat+protectant%26search_id%3D20260109111329357A6FDF7642BF2E6BEZ%26src%3Dsearch&t_id=1767957222016&t_st=1&t_pp=search_result&t_efo=search_pure_goods_card&t_ef=goods_search&t_sm=&t_spt=search_result,1/9/2026
P039,schwarzkopf professional osis+ flatliner,OSiS+,Heat Protection,220000,200,ml,"aqua, alcohol denat, propylene glycol, polyurethane-48, peg-60 hydrogenated castor oil, sodium benzoate, parfum, bis-isobutyl peg ?ppg-20 ?35 ?amodimethicone copolymer, cetyl ethylhexanoate, lactic acid, polysorbate 80, butylene glycol, methylpropanediol, gluconolactone, hydrolyzed keratin, linalool, methyl benzoate","[""dimethicone"", ""lactic acid"", ""hydrolyzed keratin""]",https://www.tokopedia.com/firsthandgrooming/schwarzkopf-professional-osis-flatliner-heat-protection-spray,1/9/2026
P040,makarizo advisor hair recovery vitamax,Makarizo,Heat Protection,35000,28,mLx,"cyclotetrasiloxane, cyclopentasiloxane, dimethiconol, phenyl trimethicone, tocopheryl acetate, perfume, hydrolyzed silk pg-propyl, hydrogenated soybean oil, retinyl palmitate, ascorbyl palmitate","[""tocopheryl acetate"", ""hydrolyzed silk"", ""retinyl palmitate""]",https://www.tokopedia.com/makarizo-advisor/makarizo-advisor-hair-recovery-vitamax-8mlx3-vitamin-rambut-hair-vitamin-serum-rambut-hair-serum-heat-protectant-perawatan-haircare-melembutkan-1733752031937398034?extParam=ivf%3Dfalse%26keyword%3Dheat+protectant%26search_id%3D20260109111329357A6FDF7642BF2E6BEZ%26src%3Dsearch&t_id=1767957222016&t_st=3&t_pp=search_result&t_efo=search_pure_goods_card&t_ef=goods_search&t_sm=&t_spt=search_result,1/9/2026
P041,voluminous & grow scalp treatment hair tonic serum,Hairmony,Hair Tonic,102860,100,mL,"water, alcohol denat, propylene glycol, glicerine, panax ginseng root extract, peg-40 hydrogenated castor oil, phenoxyethanol, butylene glycol, menthol, panthenol, ammonium acryloyldimethyltaurate vp copolymer, arthemisia vulgaris extract, natrium edta, allantoin, ethylhexylglycerin, sophora flavescens root extract, capsicum anuum fruit extract, lycium chinense fruit extract, camellia cinesis leaf extract, angelca gigas root extract, angelca dahurica root extract, rubus coreanus fruit extract, morus alba root extract, pinus palustris leaf extract, lithospermum erythrorhizon root extract, polygonum ultifloronum root extract, citric acid, salicylic acid, sodium benzoate, potassium sorbate","[""panax ginseng root extract"", ""menthol"", ""panthenol"", ""allantoin"", ""camellia sinensis leaf extract"", ""polygonum multiflorum root extract"", ""salicylic acid""]",https://www.sociolla.com/hair-tonic/75578-voluminous-and-grow-scalp-treatment-hair-tonic-serum,1/28/2026
P042,kundal scalp care and caffeine shampoo,Kundal,Shampoo,169500,500,mL,"1, 2-hexanediol, allantoin, alpha-isomethyl ionone, angelica gigas extract, aqua, asarum sieboldii root extract, betaine, butylene glycol, caffeine, camellia japonica leaf extract, camellia sinensis leaf extract, caprylyl glycol, carthamus tinctorius flower extract, ceratonia siliqua fruit extract, citric acid, coco-betaine, coco-glucoside, cordyceps sinensis extract, coumarin, decyl glucoside, dioscorea japonica root extract, diospyros kaki fruit extract, dipotassium glycyrrhizate, dipropylene glycol, fragrance components and finished fragrances, ginkgo biloba leaf extract, glycerin, glycine max seed extract, glycyrrhiza glabra root extract, guar hydroxypropyltrimonium chloride, hexyl cinnamal, hydrolyzed collagen, hydroxyacetophenone, hydroxycitronellal, linalool, lithospermum erythrorhizon root extract, lycium chinense fruit extract, menthol, morus alba bark extract, niacinamide, paeonia lactiflora root extract, panax ginseng root extract, panthenol, polygonum multiflorum root extract, portulaca oleracea extract, propylene glycol laurate, rheum palmatum root extract, salicylic acid, sodium chloride, sodium coco-sulfate, sodium gluconate, sophora flavescens root extract, thuja occidentalis leaf extract, ulmus davidiana root extract, ziziphus jujuba fruit extract","[""allantoin"", ""caffeine"", ""camellia sinensis leaf extract"", ""glycerin"", ""glycyrrhiza glabra root extract"", ""hydrolyzed collagen"", ""menthol"", ""niacinamide"", ""panax ginseng root extract"", ""panthenol"", ""polygonum multiflorum root extract"", ""salicylic acid""]",https://www.sociolla.com/shampoo/70784-kundal-scalp-care-and-caffeine-shampoo,1/28/2026
P043,euphoria perfume silky conditioner,Hairoic,Conditioner,34048,180,gr,"hair moisturizing agent, vitamin e, vitamin c, vitamin b5, glycerin, aloe vera extract, allantoin, hair & scalp nutrition, vitamin e, vitamin b5, niacinamide, soothing agent, allantoin, aloe vera extract, vitamin b5, triple scalp barrier protection, blooming fragrance","[""glycerin"", ""allantoin"", ""niacinamide""]",https://www.sociolla.com/conditioner/91174-euphoria-perfume-silky-conditioner,1/28/2026
P044,orange flower color protect hair mask,Dancoly,Hair Mask,251100,500,gr,"aqua water, citrus aurantium amara flower extract, vitis vinifera seed oil, pelargonium graveolens extract, glyceryl stearates, dimethicone peg-10 15 crosspolymer, dimethicone silsesquioxane copolymer, polyoxyethylene cetyl-stearyl ether, simmondsia chinensis oil peg-8 esters, rosa rugosa flower extract, peg-4 sorbitan stearate, hyaluronic acid, hydroxypropyl guar, phenoxyethanol","[""dimethicone""]",https://www.sociolla.com/hair-mask/9720-orange-flower-color-protect-hair-mask,1/28/2026
P045,hair loss shampoo,Dancoly,Shampoo,303400,530,gr,"water, decyl glucoside, lauryl glucoside, sodium cocoyl glutamate, cocodimonium hydroxypropyl hydrolyzed wheat protein, sophora flavescens root extract, capsicum annuum extract, lycium chinense fruit extract, camellia sinensis leaf extract, angelica gigas root extract, angelica dahurica root extract, rubus coreanus fruit extract, morus alba root extract, pinus palustris leaf extract, lithospermum officinale root extract, polygonum multiflorum root extract, menthol, propylene glycol, salicylic acid, dexpanthenol, rosmarinus officinalis leaf oil, lavandula angustifolia oil, ocimum basilicum oil, salvia sclarea oil, pelargonium graveolens flower oil, citrus grandis peel oil, citrus limon peel oil, citrus aurantium dulcis peel oil, citrus aurantium bergamia fruit oil, sodium hyaluronate, niacinamide, citric acid, 1, 2-hexanediol, caprylyl glycol, polyquaternium-10, disodium edta, limonene","[""hydrolyzed wheat protein"", ""camellia sinensis leaf extract"", ""polygonum multiflorum root extract"", ""menthol"", ""salicylic acid"", ""rosmarinus officinalis leaf oil"", ""sodium hyaluronate"", ""niacinamide""]",https://www.sociolla.com/shampoo/59448-lador-hair-loss-shampoo?size=530ml,1/28/2026
P046,hair tonic biotin hairfall control,Dove,Hair Tonic,47000,75,ml,"water, oleth-20, phenoxyethanol, glycerin, caprylyl glycol, perfume, disodium edta, zinc sulfate heptahydrate, hydrolyzed yeast protein, urea, sodium benzoate, disodium phosphate, sodium hydroxide, potassium sorbate, biotin, citric acid, ceramide ng","[""glycerin"", ""hydrolyzed wheat protein"", ""biotin"", ""ceramide np""]",https://www.watsons.co.id/id/dove-hair-tonic-biotin-hairfall-control-75ml/p/BP_64363,1/31/2026
P047,hair energy aloe & melon,Makarizo,Creambath,120600,500,g,"water, cetearyl alcohol, paraffinum liquidum, ethylhexyl palmitate, propylene glycol, cetyl esters, cetrimonium chloride, fragrance, behentrimonium chloride, amodimethicone, ceteareth-20, bis pg amodimethicone, aloe barbadensis leaf extract, dmdm hydantoin, panthenyl ethyl ether, c14-15 alcohols, steartrimonium chloride, trideceth-12, trideceth-10, menthol, cl 47005, cl 42090, phenoxyethanol, butylene glycol, menthyl lactate, lactic acid, iodopropynyl butylcarbamate, passiflora edulis seed oil, isotridecanol, cyclotetrasiloxane, oryza sativa bran oil, hydrolyzed keratin, magnesium nitrate, euterpe oleracea fruit oil, methylchloroisothiazolinone, magnesium chloride, citrus aurantifolia fruit extract, methylisothiazolinone, persea gratissima fruit extract, trigonella foenum-graecum seed extract, cucumis melo fruit extract","[""amodimethicone"", ""dimethicone"", ""aloe barbadensis leaf extract"", ""menthol"", ""lactic acid"", ""hydrolyzed keratin""]",https://www.watsons.co.id/id/makarizo-hair-energy-aloe-melon-500g/p/BP_47079,1/31/2026
P048,grace and glow hair vitamin mist,Grace and Glow,Hair Mist,34500,100,ml,"water, glyserine, peg-40 hydrogenated castor oil, fragrance, phenoxyethanol, silk extract, chlorphenesin, panthenol, ethylhexylglycerin, disodium edta, butylene glycol, propylene glycol, anthemis nobilis flower extract, sclerocarya birrea fruit extract, butyrospermum parkii butter, olea europea fruit oil, helianthus annuus hydroxyacetophenone, calendula officinalis flower extract, hydrolyzed keratin","[""panthenol"", ""butyrospermum parkii"", ""calendula officinalis extract"", ""hydrolyzed keratin""]",https://www.tokopedia.com/graceandglowofficial/grace-and-glow-hair-vitamin-mist-silk-protect-daisy-peony-blush-haircare-perawatan-treatment-rambut-spray-untuk-melembutkan-rambut-kering-dan-bercabang-with-argan-oil-1729432845638928652?extParam=ivf%3Dfalse%26keyword%3D%09hair+mist%26search_id%3D2026013111594637BC2F75BF1BCF2F95EG%26src%3Dsearch&t_id=1769860690089&t_st=3&t_pp=search_result&t_efo=search_pure_goods_card&t_ef=goods_search&t_sm=&t_spt=search_result,1/31/2026
P049,real argan repairing shampoo,Rated Green,Shampoo,89100,100,ml,"water, disodium laureth sulfosuccinate, cocamidopropyl betaine, lauramide mipa, sodium cocoyl isethionate, argania spinosa kernel oil, quillaja saponaria bark extract, coco-glucoside, sodium chloride, citric acid, sorbeth-30 tetraoleate, decyl glucoside, polyquaternium-10, trihydroxystearin, polyquaternium-22, caprylic capric triglyceride, sodium citrate, caprylyl glycol, ethylhexylglycerin, soyamidopropylamine oxide, sodium phytate, sorbitan laurate, 1, 2-hexanediol, glycolipids, tocopherol, betaine, panthenol, butylene glycol, acetyl hexapeptide-8, ascorbic acid polypeptide, acetyl octapeptide-3, acetyl tetrapeptide-2, acetyl tetrapeptide-3, acetyl tetrapeptide-5, acetyl tetrapeptide-9, carnosine, copper tripeptide-1, nonapeptide-1, palmitoyl pentapeptide-4, palmitoyl tripeptide-1, palmitoyl tripeptide-5, alcohol denat, cetearyl alcohol, sodium benzoate, potassium sorbate, fragrance","[""argania spinosa kernel oil"", ""tocopherol"", ""panthenol"", ""ascorbic acid"", ""acetyl tetrapeptide-3"", ""copper tripeptide-1""]",https://www.sociolla.com/shampoo/79402-real-argan-repairing-shampoo?size=100ml,1/31/2026
P050,real argan smoothing hair serum,Rated Green,Hair Serum,231200,150,ml,"cyclopentasiloxane, dimethiconol, dimethicone, argania spinosa kernel oil, c12-15 alkyl benzoate, water, glycolipids, alcohol denat, fragrance ","[""dimethicone"", ""argania spinosa kernel oil""]",https://www.sociolla.com/hair-serum/69202-real-argan-smoothing-hair-serum,1/31/2026
P051,missdaisy perfume hair mask,Miss Daisy,Hair Mask,289000,250,ml,"aqua, cetearyl alcohol, brassicamidopropyl dimethylamine, dimethicone, amodimethicone, cetearaeth-7, ceteareth-25, cyclopentasiloxane, fragrance, behentrimonium chloride, dipropylene glycol, glycolic acid, simmondsia chinensis seed oil, squalane, butyrospermum parkii, argania spinosa kernel oil, phenoxyethanol, polyquaternium-7, guar hydroxypropyltrimonium chloride, c10-40 isoalkylamidopropylethyldimonium ethosulfate, o-cymen-5-ol, hyrdolyzed wheat protein, silk amino acids, ceramide np, ceramide ap, ceramide eop, phytoshingosine, cholesterol, sodium lauroyl lactylate, carbomer, xanthan gum, nicotiamide","[""dimethicone"", ""amodimethicone"", ""simmondsia chinensis seed oil"", ""butyrospermum parkii"", ""argania spinosa kernel oil"", ""hydrolyzed wheat protein"", ""silk amino acids"", ""ceramide np""]",https://www.sociolla.com/hair-mask/76280-missdaisy-perfume-hair-mask-blackcurrant-and-vanilla-sugar,1/31/2026
P052,mdrop dead growgeous,Wonderlux,Scalp Serum,166500,75,ml,"aqua, butylene glycol, 2, 4-diamino-pyrimidine-3-oxide ), ammonium polyacryloyldimethyl taurate, niacinamide, propanediol, oryza sativa bran water, glycerin, panthenol, zingiber officinale extract, phenoxyethanol, chlorphenesin, nasturtium officinale flower leaf extract, ppg-26-buteth-26, peg-40 hydrogenated castor oil, aloe barbadensis extract, pisum sativum sprout extract, sodium benzoate, magnesium ascorbyl phosphate, hydrolyzed corn protein, glycine, apigenin, adenosine, serine, glutamic acid, oleanolic acid, aspartic acid, leucine active ingredient 000071, biotinoyl tripeptide-1, alanine, arginine, tyrosine, phenylalanine, threonine, proline, valine, isoleucine, carnitine","[""niacinamide"", ""glycerin"", ""panthenol"", ""aloe barbadensis leaf extract"", ""adenosine"", ""oleanolic acid"", ""biotinoyl tripeptide-1"", ""arginine""]",https://www.sociolla.com/hair-serum/78251-drop-dead-growgeous-densifying-hair-scalp-serum,1/31/2026
P053,daikin conditioner,O'sweet Singapore,Conditioner,327999,450,ml,"hydrolyzed wheat protein, lactic acid, propylparaben, sodium lauroyl hydrolyzed silk, trideceth-12, aqua, behentrimonium chloride, cetearyl alcohol, cetrimonium chloride, cetyl alcohol, hydroxyethylcellulose, methylisothiazolinone, methylparaben, parfum, snail secretion filtrate, zingiber officinale extract, hyaluronic acid","[""hydrolyzed wheat protein"", ""lactic acid"", ""hydrolyzed silk""]",https://www.sociolla.com/conditioner/58773-daikin-conditioner?size=450_ml,1/31/2026
P054,hair mistion! eternal bloom,Wonderlux,Hair Mist,327999,50,ml,"water, trideceth-9, fragnance components and finished fragrance, peg-40 hydrogenated castor oil, propanediol, phenoxyethanol, caprylic capric triglyceride, ethoxydiglycol, pentaclethra macroloba seed oil, polysorbate 20, sodium pca, chlorphenesin, d-panthenol, disodium edta, o-cymen-5-ol, hydroxypropylgluconamide, hydroxypropyl ammonium gluconate, polyquaternium-7, glycerin, magnolia officinalis bark extract, zingiber officinale root extract, hydrolyzed jojobaesters, tartaric acid, benzyl alcohol, sodium benzoate, potassium sorbate","[""panthenol"", ""glycerin""]",https://www.sociolla.com/hair-mist/87300-eternal-bloom-smooth-nourishment-hair-mist,1/31/2026
P055,hair volumizing conditioner,Woshday,Conditioner,249000,340,ml,"water, cetearyl alcohol, cetyl alcohol, glycerin, isopropyl palmitate, fragrance, cetyl esters, behentrimonium chloride, brassicyl valinate esylate, stearamidopropyl dimethylamine, phenoxyethanol, brassica alcohol, citric acid, isopropyl alcohol, cetrimonium chloride, chlorphenesin, calcium gluconate, colloidal oatmeal, guar hydroxypropyltrimonium chloride, panthenol, simmondsia chinensis seed oil, vitis vinifera seed oil, lactic acid, leuconostoc radish root ferment filtrate, dihydroxypropyl arginine hcl, polyquaternium-7, tocopheryl acetate, aloe barbadensis leaf juice, sodium benzoate, camellia sinensis leaf extract, potassium sorbate","[""glycerin"", ""panthenol"", ""simmondsia chinensis seed oil"", ""lactic acid"", ""arginine"", ""tocopheryl acetate"", ""camellia sinensis leaf extract""]",https://www.sociolla.com/conditioner/91716-hair-volumizing-conditioner,1/31/2026
P057,texture experience creambath strawberry yoghurt softening & shine-boosting treatment,Makarizo Professional,Creambath,166500,75,ml,"aqua, cetyl alcohol, stearyl alcohol, behentrimonium methosulfate, cetearyl alcohol, glycerin, cetrimonium chloride, parfum fragrance, propylene glycol, isopropyl myristate, cocos nucifera oil, butyrospermum parkii, hydrolyzed keratin, fragaria ananassa fruit extract, tocopheryl acetate, panthenol, citric acid, sodium benzoate, potassium sorbate, lactic acid","[""glycerin"", ""butyrospermum parkii"", ""hydrolyzed keratin"", ""tocopheryl acetate"", ""panthenol"", ""lactic acid""]",https://www.sociolla.com/hair-mask/28165-texture-experience-creambath-strawberry-yoghurt-softening-and-shine-boosting-treatment?size=200ml,1/31/2026
P058,drop dead growgeous! hair densifying conditioner,Wonderlux,Conditioner,98400,200,ml,"aqua, cetearyl alcohol, glycerin, mineral oil, fragrance components and finished fragrances, stearamidopropyl dimethylamine, dimethiconol, behentrimonium chloride, dimethicone, propanediol, ceteareth-22, phenoxyethanol, cetrimonium chloride, hydrolyzed jojoba esters, citric acid, dipropylene glycol, amodimethicone, chlorphenesin, bisamino peg ppg-41 3 aminoethyl pg-propyl dimethicone, laureth-4, laureth-5, laureth-23, peg-55 stearate, disodium edta, bht, xanthan gum, caprylyl glycol, butylene glycol, ci 19140, ci 42090, peg-26-buteth-26, peg-40 hydrogenated castor oil, magnesium ascorbyl phosphate, hydrolyzed corn protein, sodium benzoate, arginine, glycine, adenosine, serine, glutamic acid, aspartic acid, leucine, apigenin, alanine, lysine, tyrosine, phenylalanine, threonine, proline, valine, oleanolic acid, isoleucine, biotinoyl tripeptide-1, histidine, carnitine","[""glycerin"", ""dimethicone"", ""amodimethicone"", ""arginine"", ""adenosine"", ""oleanolic acid"", ""biotinoyl tripeptide-1""]",https://www.sociolla.com/conditioner/92385-drop-dead-growgeous-hair-densifying-conditioner,1/31/2026
P059,pomelo hair tonic,Cocoon,Hair Tonic,114000,140,ml,"water, isododecane, c15-19 alkane, glycerin, citrus grandis peel oil, xylitylglucoside, anhydroxylitol, maltitol, xylitol, pelvetia canaliculata extract, propanediol, arginine, lactic acid, glycine soja germ extract, triticum vulgare germ extract, scutellaria baicalensis root extract, bisabolol, gluconolactone, calcium gluconate, panthenol, betaine, citrus aurantium dulcis peel oil, mentha piperita oil, sodium polyacrylate starch, glycereth-26, phenyl trimethicone, caprylyl methicone, trisodium ethylenediamine disuccinate, ethyhexylglycerin, bht, phenoxyethanol, sodium benzoate","[""glycerin"", ""arginine"", ""lactic acid"", ""bisabolol"", ""panthenol""]",https://www.sociolla.com/hair-serum/75608-pomelo-hair-tonic,1/31/2026
P060,my hair recipe essential oil serum,Innisfree,Hair Oil,110400,100,ml,"cyclopentasiloxane, dimethiconol, octyldodecanol, camellia japonica seed oil, trisiloxane, fragrance parfum, glycolipids, glycerin, water aqua eau, ceramide np, camellia japonica flower extract, phytosphingosine, hydrogenated lecithin, camellia japonica leaf extract","[""glycerin"", ""ceramide np""]",https://www.sociolla.com/hair-oil/79102-my-hair-recipe-essential-oil-serum,1/31/2026
P061,osweet singapore anti-dandruff & oil control shampoo,O'sweet Singapore,Shampoo,241799,300,ml,"water, sodium lauryl alcohol polyether sulfate, essence, c8-c14 alkyl glucoside, octyl glucoside, bis aminopropyl polydimethylsiloxane, polydimethylsiloxane alcohol, cetyl alcohol, sodium stearoyl lactylate, cocamidopropyl pg dimethyl ammonium chloride, sorbitan tristearate, lysine thiazolidinecarboxylate, guar gum hydroxypropyl trimethyl ammonium chloride, allantoin, menthol, potassium cocoyl glycine potassium lauroyl sarcosine, glycerin, sodium lauryl ether sulfate, ethylene glycol distearate, polylysine, pyrrolidone ethanolamine salt, dichlorobenzyl alcohol, citric acid, silk fibroin, coconut amide dea, titanium dioxide, quaternary ammonium salt - 80, coconut glucoside, propylene glycol, sodium isostearyl lactylate, sodium lactate, polyquaternary ammonium salt - 7, benzyl alcohol, phenoxyethanol, sodium benzoate, methyl isothiazolinone","[""allantoin"", ""menthol"", ""glycerin""]",https://www.sociolla.com/shampoo/79044-o-sweet-singapore-anti-dandruff-and-oil-control-shampoo,1/31/2026
P063,texture experience creambath mint sorbet purifying & refreshing treatment,Makarizo Professional,Hair Mask,92250,200,ml,"piroctone olamine, menthol, panthenol, hydrolyzed collagen","[""piroctone olamine"", ""menthol"", ""panthenol"", ""hydrolyzed collagen""]",https://www.sociolla.com/hair-mask/28164-texture-experience-creambath-mint-sorbet-purifying-and-refreshing-treatment?size=200ml,1/31/2026
P064,ginseng & chesnut seed extract hair tonic with biotin & panthenol,Votre Peau,Hair Tonic,112200,100,ml,"ekstrak ginseng, horse chestnut, retinyl palmitate, biotin, panthenol","[""retinyl palmitate"", ""biotin"", ""panthenol""]",https://www.sociolla.com/hair-tonic/80556-ginseng-and-chesnut-seed-extract-hair-tonic-with-biotin-and-panthenol,1/31/2026
P065,dreamy hour perfume hair vitamin mist,Hairoic,Hair Mist,122400,50,gr,"itamin e, vitamin c, vitamin b5, glycerin, aloe vera extract, allantoin, niacinamide, triple shaft protection, dan blooming fragrance","[""glycerin"", ""allantoin"", ""niacinamide""]",https://www.sociolla.com/hair-mist/91175-dreamy-hour-perfume-hair-vitamin-mist,1/31/2026
P066,amethyst anti dandruff shampoo,Grace and Glow,Shampoo,77625,400,ml,"aqua, sodium laureth sulfate, glycerin, cocamidopropyl betaine, disodium lauroamphodiacetate, parfum, dimethicone, climbazole, sodium chloride, lactobacillus ferment, c12-13 alkyl lactate, citric acid, dichlorobenzyl alcohol, zinc gluconate, glycol distearate, disodium lauryl sulfosuccinate, cocamide dea, laureth-3, disodium edta, methylparaben, guar hydroxypropyltrimonium chloride, panthenol, hydrogenated castor oil, cocamide methyl mea, c12-13 alcohols, thuja orientalis extract, magnesium nitrate, hydrolyzed yeast extract, glucose, propylene glycol, phenoxyethanol, hydroxyacetophenone, 1, 2-hexanediol, methylchloroisothiazolinone, lactic acid, lactococcus ferment lysate, magnesium chloride, ci 42090, sodium hyaluronate, methylisothiazolinone, ethylhexylglycerin, ci 16255","[""glycerin"", ""dimethicone"", ""climbazole"", ""zinc gluconate"", ""panthenol"", ""lactic acid"", ""sodium hyaluronate""]",https://www.sociolla.com/shampoo/69363-amethyst-anti-dandruff-shampoo,1/31/2026
P067,mielle rosemary mint scalp hair strengthening oil,Mielle,Hair Oil,197000,59,ml,"soybean oil, castor seed oil, coconut oil, olive fruit oil, sweet almond oil, wheat germ oil, sunflower seed oil, grapeseed oil, jojoba seed oil, babassu seed oil, essential oil blend, rosemary leaf oil, peppermint oil, eucalyptus oil, biotin, horsetail extract, nettle leaf extract, chamomile flower extract","[""biotin""]",https://www.tokopedia.com/beauty-change-storeid/mielle-rosemary-mint-scalp-hair-strengthening-oil-59ml-conditioner-dengan-biotin-untuk-rambut-kuat-berkilau-dan-kulit-kepala-sehat-1733558285217072601?extParam=ivf%3Dfalse%26keyword%3Dperawatan+rambut%26search_id%3D20260207122913577BCC914F9E553B9HOB%26src%3Dsearch&t_id=1770467395580&t_st=2&t_pp=search_result&t_efo=search_pure_goods_card&t_ef=goods_search&t_sm=&t_spt=search_result,1/31/2026
P068,marula oil hair serum,Dancoly,Hair Serum,278100,60,ml,"helianthus annuus seed oil, cyclopentasiloxane, dimethicone silsesquioxane copolymer, marula oil, macadamie ternifolia seed oil, parfum fragrance","[""dimethicone"", ""macadamia ternifolia seed oil""]",https://www.sociolla.com/hair-serum/52711-marula-oil-hair-serum,1/31/2026
P069,mk3 repair & revive hair mask jar,Makarizo Professional,Hair Mask,245880,500,ml,"aqua, cetearyl alcohol, glycerin, c12-15 alkyl benzoate, parfum, behentrimonium chloride, phenoxyethanol, cetrimonium chloride, panthenol, ethylhexylglycerin, sodium pca, ceteareth-20, sodium lactate, polysilicone-15, arginine, aspartic acid, pca, tetrasodium edta, argania spinosa kernel oil, cocos nucifera oil, glycine soja oil, helianthus annuus seed oil, ethyl macadamiate, glycine, alanine, serine, valine, isoleucine, proline, threonine, actinidia chinensis fruit extract, histidine, phenylalanine, niacinamide, aesculus hippocastanum seed extract, yeast extract, ammonium glycyrrhizate, zinc gluconate, caffeine, tocopherol, biotin","[""glycerin"", ""panthenol"", ""arginine"", ""zinc pca"", ""argania spinosa kernel oil"", ""niacinamide"", ""aesculus hippocastanum seed extract"", ""zinc gluconate"", ""caffeine"", ""tocopherol"", ""biotin""]",https://www.sociolla.com/hair-mask/84319-mk3-repair-and-revive-hair-mask-jar,1/31/2026
P070,wonder hair oil,La'dor,Hair Oil,294000,100,ml,"cyclopentasiloxane, cyclohexasiloxane, isopropyl myristate, dimethicone, isododecane, c12-15 alkyl benzoate, hydrogenated ethylhexyl olivate, hydrogenated olive oil unsaponifiables, amodimethicone, persea gratissima oil, argania spinosa kernel oil, tocopheryl acetate, moringa oleifera seed oil, camellia japonica seed oil, macadamia ternifolia seed oil, sclerocarya birrea seed oil, squalane, helianthus annuus seed oil, fragrance","[""dimethicone"", ""amodimethicone"", ""argania spinosa kernel oil"", ""tocopheryl acetate"", ""macadamia ternifolia seed oil""]",https://www.sociolla.com/hair-oil/59454-lador-wonder-hair-oil?size=10ml,1/31/2026
P072,bonvie coco hair oil scalp & hair treatment,Bonvie,Hair Oil,63000,30,ml,"coconut oil, kemiri, peppermint oil, tocopherol","[""tocopherol""]",https://www.sociolla.com/hair-oil/86022-bonvie-coco-hair-oil-scalp-and-hair-treatment,1/31/2026
P073,conditioner with cinnamon & amino acid,Ree Derma Wellness,Conditioner,130500,250,ml,"aqua, cetearyl alcohol, cetyl ester, behentrimonium chlroide, glycerine, lauryl acid, rosmarinus officinalis flower extract, glycine soja extract, eugenia carophyllus bud oil, phenoxyethanol, illicium verum extract, cinnamomum casia bark extract, isopropanol, sodium benzoate, myristic acid, pimpinella anisum fruit extract, cetrimonium chloride, niacinamide, palmitic acid, caprylic acid, lechitin, oleic acid, capric acid, lechitin, oleic acid, capric acid, l lactic acid, arginine, stearic acid, linoleic acid, caproic acid, ethyl lauroyl arginate hcl, tetrasodium glutamate diacetate","[""glycerin"", ""rosmarinus officinalis leaf extract"", ""niacinamide"", ""lactic acid"", ""arginine""]",https://www.sociolla.com/conditioner/63188-conditioner-with-cinnamon-and-amino-acid,1/31/2026
P074,mk3 damage repair shampoo,Makarizo Professional,Shampoo,184464,250,ml,"aqua, sodium cocoyl isethionate, glycerin, cocamidopropyl betaine, sodium lauroyl sarcosinate, c15-19 alkane, parfum, peg-120 methyl glucose trioleate, acrylates c10-30 alkyl acrylate crosspolymer, phenoxyethanol, polyquaternium-47, c12-15 alkyl benzoate, guar hydroxypropyltrimonium chloride, sodium hydroxide, peg-40 hydrogenated castor oil, panthenol, ethylhexylglycerin, sodium pca, sodium lactate, cocos nucifera oil, helianthus annuus seed oil, tetrasodium edta, ethyl macadamiate, arginine, aspartic acid, pca, glycine, alanine, serine, sodium benzoate, valine, isoleucine, proline, threonine, histidine, phenylalanine, niacinamide, aesculus hippocastanum seed extract, yeast extract, ammonium glycyrrhizate, methylchloroisothiazolinone, zinc gluconate, methylisothiazolinone, caffeine, tocopherol, biotin","[""glycerin"", ""panthenol"", ""arginine"", ""zinc pca"", ""niacinamide"", ""aesculus hippocastanum seed extract"", ""zinc gluconate"", ""caffeine"", ""tocopherol"", ""biotin""]",https://www.sociolla.com/shampoo/84320-mk3-damage-repair-shampoo,1/31/2026
P075,mk3 repair and revive conditioner,Makarizo Professional,Conditioner,184464,250,ml,"aqua, cetearyl alcohol, glycerin, parfum, c12-15 alkyl benzoate, behentrimonium chloride, phenoxyethanol, cetrimonium chloride, ethylhexylglycerin, sodium pca, ceteareth-20, sodium lactate, polysilicone-15, arginine, aspartic acid, pca, tetrasodium edta, argania spinosa kernel oil, helianthus annuus seed oil, ethyl macadamiate, glycine, alanine, serine, valine, isoleucine, proline, threonine, histidine, phenylalanine, tocopherol","[""glycerin"", ""arginine"", ""zinc pca"", ""argania spinosa kernel oil"", ""tocopherol""]",https://www.sociolla.com/conditioner/84321-mk3-repair-and-revive-conditioner,1/31/2026
P076,diane power treatment hair mask,Moist Diane,Hair Mask,164000,230,ml,"aqua, stearyl alcohol, sorbitol, behentrimonium chloride, dimethicone, fragrance components and finished fragrances, phenoxyethanol, isopropyl alcohol, hydroxyethylcellulose, quaternium-33, butylene glycol, arginine, glutamic acid, argania spinosa kernel oil, hydrolyzed collagen, hydrolyzed egg shell membrane, glycerin, alcohol, hydrolyzed milk protein, hydrolyzed keratin pg-propyl methylsilanediol, propylene glycol, laurdimonium hydroxypropyl hydrolyzed keratin, hydrolyzed keratin, hydrolyzed silk, keratin, polyquaternium-61, distearyldimonium chloride, cholesterol, ceramide ng, ceramide as, ceramide np, ceramide ap, ceramide eop, caramel","[""dimethicone"", ""arginine"", ""argania spinosa kernel oil"", ""hydrolyzed collagen"", ""glycerin"", ""hydrolyzed keratin"", ""hydrolyzed silk"", ""keratin"", ""ceramide np""]",https://www.sociolla.com/hair-mask/80754-diane-power-treatment-hair-mask-230g,1/31/2026
P077,hijab expert hair fall treatment shampoo,Safi,Shampoo,64900,230,ml,"water, sodium laureth sulfate, cocamidopropyl betaine, dimethiconol, glyceryl stearate, glycerin, panthenol, carbomer, sodium chloride, styrene acrylates copolymer, guarhydroxypropyltrimonium chloride, sodium hydroxide, tetrasodium edta, peg-14m, charcoal powder, hydrolyzed wheat protein, nigella sativa seed oil, fragrance, methylchloroisothiazolinone, methylisothiazolinone climbazole, carbomer, menthol, styrene acrylates copolymer, guar hydroxypropyltrimonium chloride, copolymer, guar hydroxypropyltrimonium chloride, silicone quaternium-16, peg-14m, sodium hydroxide, argania spinosa kernel oil, sodium chloride","[""glycerin"", ""panthenol"", ""hydrolyzed wheat protein"", ""climbazole"", ""menthol"", ""argania spinosa kernel oil""]",https://www.sociolla.com/shampoo/25190-hijab-expert-hair-fall-treatment-shampoo?size=320_gr,1/31/2026
P078,deep nourish repair hair oil,Ree Derma Wellness,Hair Oil,182600,100,ml,"lauric acid, olive oil, myristic acid, palmitic acid, caprilyc acid, oleic acid, capric acid, stearic acid, linoleic acid, parfum, caproic acid, tocopheryl acetate, biotin, turmeric extract, isononyl isononanoate, isostearoyl hydrolyzed keratin","[""tocopheryl acetate"", ""biotin"", ""hydrolyzed keratin""]",https://www.sociolla.com/hair-oil/75544-deep-nourish-repair-hair-oil,1/31/2026
P079,daeng gi meo ri - vitalizing shampoo,Daeng Gi Meo Ri,Shampoo,199000,300,ml,"water, sodium laureth sulfate, cocamidopropyl betaine, sodium chloride, glycol distearate, cocamide mea, citric acid, polyquaternium-10, panthenol, salicylic acid, menthol, alcohol, peg-150 distearate, disodium edta, phenoxyethanol, fragrance, ginseng root extract, rehmannia chinensis root extract, houttuynia cordata extract, green tea extract, artemisia extract, cnidium officinale root extract","[""panthenol"", ""salicylic acid"", ""menthol"", ""panax ginseng root extract""]",https://www.tokopedia.com/daenggimeoriid/daeng-gi-meo-ri-vitalizing-shampoo-300ml-shampo-perawatan-rambut-rontok-kering-dan-ketombe-1729383425484752232?extParam=ivf%3Dfalse%26keyword%3Dperawatan+rambut%26search_id%3D20260207122913577BCC914F9E553B9HOB%26src%3Dsearch&t_id=1770467395580&t_st=3&t_pp=search_result&t_efo=search_pure_goods_card&t_ef=goods_search&t_sm=&t_spt=search_result,1/31/2026
P080,perfumed hair oil hinoki,La'dor,Hair Oil,287000,80,ml,"cyclopentasiloxane, dimethicone, dimethiconol, c12-15 alkyl benzoat, cyclohexasiloxane, squalane, amodimethicone, persea gratissima oil, argania spinosa kernel oil, tocopheryl acetate, camellia japonica seed oil, corylopsis coreana extract, water, lactobacillus rice ferment, angelica koreana root extract, butylene glycol, 1, 2-hexanediol, keratin, elastin, gelatin, fragrance, limonene, linalool, coumarin, citronellol, hydroxycitronellal","[""dimethicone"", ""amodimethicone"", ""argania spinosa kernel oil"", ""tocopheryl acetate"", ""keratin""]",https://www.sociolla.com/hair-oil/75977-lador-perfumed-hair-oil-hinoki?size=80ml,1/31/2026
P081,mk3 restructuring serum bottle,Makarizo Professional,Hair Serum,217008,50,ml,"aqua, diglycerin, peg-40 hydrogenated castor oil, parfum, polyquaternium-47, cetrimonium chloride, phenoxyethanol, panthenol, actinidia chinensis fruit extract, ethylhexylglycerin, sodium pca, sodium lactate, arginine, tetrasodium edta, aspartic acid, pca, sodium benzoate, cocos nucifera oil, ethyl macadamiate, glycine, alanine, serine, valine, isoleucine, proline, threonine, histidine, phenylalanine, tocopherol, ci 42090","[""panthenol"", ""arginine"", ""zinc pca"", ""tocopherol""]",https://www.sociolla.com/hair-serum/84323-mk3-restructuring-serum-bottle,1/31/2026
P082,fino premium touch hair oil,Shiseido Fino,Hair Oil,162000,70,ml,"hydrogenated polyisobutene, dimethiconol, isopropyl myristate, isododecane, polysilicone-13, perfume, squalane, lauroyl glutamic acid di, lactic acid, hydrolysed conchiolin, dimethicone, tocopherol, water, amodimethicone, ppg -2-deceth-12, bg, glycerol, phenoxyethanol <m110970-202>","[""lactic acid"", ""dimethicone"", ""tocopherol"", ""amodimethicone""]",https://www.tokopedia.com/fino-by-finetoday-official/fino-premium-touch-hair-oil-70ml-1731912727677142828?extParam=ivf%3Dfalse%26keyword%3Dhair+care%26search_id%3D2026020411191963923F49E52413393NHM%26src%3Dsearch&t_id=1770203980668&t_st=1&t_pp=search_result&t_efo=search_pure_goods_card&t_ef=goods_search&t_sm=&t_spt=search_result,2/4/2026
P083,selsun yellow double impact shampoo,Selsun,Shampoo,39000,50,ml,"sodium laureth sulfate, aqua, glycol stearate, acrylates vinyl neodecanoate crosspolymer, cocamide dea, acacia senegal gum, fragrance, selenium sulfide, zinc pyrithione, glyceryl ricinoleate, dmdm hydantoin, citric acid, sodium chloride, ci 15610","[""selenium sulfide"", ""zinc pyrithione""]",https://www.tokopedia.com/apotek-taman-kedoya-by-goapotik/selsun-yellow-double-impact-shampoo-50-ml?t_id=1770203980668&t_st=5&t_pp=product_detail&t_efo=horizontal_goods_card&t_ef=goods_search&t_sm=rec_product_detail_outer_pdp_3_module&t_spt=product_detail,2/4/2026
P084,dove 1 minute super conditioner - intensive damage treatment,Dove,Conditioner,22000,170,ml,"water, cetearyl alcohol, behentrimonium chloride, dipropylene glycol, glycerin, perfume, dimethicone, gluconolactone, trehalose, helianthus annuus seed oil, c10-40 isoalkylamidopropylethyldimonium ethosulfate, sodium sulfate, tocopheryl acetate, argania spinosa kernel oil, cocos nucifera oil, prunus amygdalus dulcis oil, mineral oil, amodimethicone, disodium edta, phenoxyethanol, cetrimonium chloride, peg-7 propylheptyl ether, magnesium nitrate, cyclotetrasiloxane, methylchloroisothiazolinone, magnesium chloride, methylarachidic acid, methylisothiazolinone, sodium chloride, acetic acid","[""glycerin"", ""dimethicone"", ""tocopheryl acetate"", ""argania spinosa kernel oil"", ""amodimethicone"", ""lactic acid""]",https://www.watsons.co.id/id/dove-dove-1-minute-super-conditioner-intensive-damage-treatment-170ml/p/BP_70286,2/4/2026
P085,selsun cond nourishing,Selsun,Conditioner,33300,100,GR,selenium sulfide hydrolized protein prunus dulcis oil dan provitamin b5,"[""selenium sulfide""]",https://www.watsons.co.id/id/selsun-selsun-cond-nourishing-100gr/p/BP_70344,2/4/2026
P086,hair tonic micellar hairfall control,Dove,Hair Tonic,46900,75,ml,"water, oleth-20, phenoxyethanol, glycerin, caprylyl glycol, perfume, disodium edta, zinc sulfate heptahydrate, hydrolyzed yeast protein, urea, sodium benzoate, disodium phosphate, sodium hydroxide, potassium sorbate, biotin, citric acid, ceramide ng","[""glycerin"", ""hydrolyzed wheat protein"", ""biotin"", ""ceramide np""]",https://www.watsons.co.id/id/dove-hair-tonic-micellar-hairfall-control-75ml/p/BP_64364,2/4/2026
P087,creambath biotin haifall control,Dove,Creambath,73000,300,g,"water, cetearyl alcohol, behentrimonium chloride, glycerin, dimethicone, perfume, dipropylene glycol, citric acid, sodium benzoate, amodimethicone, sodium gluconate, sodium citrate, disodium edta, cetrimonium chloride, phenoxyethanol, peg-7 propylheptyl ether, zinc sulfate heptahydrate, ceramide ng, urea, hydrolyzed yeast protein, biotin, disodium phosphate, potassium sorbate","[""glycerin"", ""dimethicone"", ""amodimethicone"", ""ceramide np"", ""hydrolyzed wheat protein"", ""biotin""]",https://www.watsons.co.id/id/dove-creambath-biotin-haifall-control-300g/p/BP_66723,2/4/2026
P088,pro-v shampoo anti lepek,Pantene,Shampoo,28900,135,ml,"water, sodium laureth sulfate, cocamidopropyl betaine, sodium chloride, sodium xylenesulfonate, sodium citrate, fragrance, dimethiconol, citric acid, sodium benzoate, guar hydroxypropyltrimonium chloride, tetrasodium edta, panthenol, histidine, methylchloroisothiazolinone, methylisothiazolinone","[""panthenol""]",https://www.watsons.co.id/id/pantene-pro-v-shampoo-anti-lepek-135ml/p/BP_73609,2/4/2026
P089,miracles intensive bond repair hair mask,Pantene,Hair Mask,88000,300,ml,"water, cetearyl alcohol, dimethicone, behentrimonium chloride, glycerin, fragrance, hydrolyzed keratin, panthenol, various oils, preservatives and other conditioning agents","[""dimethicone"", ""glycerin"", ""hydrolyzed keratin"", ""panthenol""]",https://www.watsons.co.id/id/pantene-miracles-intensive-bond-repair-hair-mask-300-ml/p/BP_67033,2/4/2026
P090,tresemme conditioner for bleached hair color radiance & repair,TRESemmé,Conditioner,99360,250,ml,"water, cetearyl alcohol, dimethicone, behentrimonium chloride, perfume, dipropylene glycol, strearamidopropyl dimethylamine, amodimethicone, sodium chloride, lactic acid disodium edta, phenoxyethanol, peg-7 propylheptyl ether, cetrimonium chloride, cyclotetrasiloxane, magnesium nitrate, helianthus annuus seed oil, glycine soja phytoplacenta extract, sodium sulfate, methylchloroisothiazolinone, magnesium chloride, methylisothiazolinone, glycerin, acetic acid, calcium chloride, ci 60730","[""dimethicone"", ""amodimethicone"", ""lactic acid"", ""glycerin""]",https://www.sociolla.com/conditioner/48649-kem-xa-color-radiance-and-repair-toc-tay,2/4/2026
P091,hair mask pro keratin complex hair repair tube,Ellips,Hair Mask,56810,120,g,"aqua, cetearyl alcohol, dimethicone, cetyl esters, potato starch modified, steartrimonium chloride, amodimethicone, fragrance, dimethiconol, phenoxyethanol, benzyl alcohol, sodium benzoate, isopropyl alcohol, hydrolyzed vegetable protein, lactic acid, cyclotetrasiloxane, panthenol, simmondsia chinensis seed oil, cetrimonium chloride, tocopheryl acetate, cyclopentasiloxane, dimethyl palmitamine, soybean oil, retinyl palmitate, ascorbyl palmitate","[""dimethicone"", ""amodimethicone"", ""lactic acid"", ""panthenol"", ""simmondsia chinensis seed oil"", ""tocopheryl acetate"", ""retinyl palmitate""]",https://www.sociolla.com/hair-mask/28614-hair-mask-pro-keratin-complex-hair-repair-tube,2/4/2026
P093,veggie pro nourishing shampoo,The Bath Box,Shampoo,185000,200,ml,"water, cetyl alcohol, behentrimonium methosulfate, caprylic capric triglyceride, honey, simmondsia chinensis seed oil, polyester-37, hydrolyzed vegetable protein pg-propyl silanetriol, hydrogenated polydecene, hydrolyzed vegetable protein, hydrolyzed pea protein, citrus sinensis peel oil, rosmarinus officinalis leaf oil, lavandula angustifolia oil, cananga odorata flower oil, pelargonium graveolens oil, butylene glycol, polyquaternium-37, polyquaternium-47, trisodium ethylenediamine disuccinate, trideceth-6, disodium edta, sodium benzoate, potassium sorbate, phenoxyethanol, ethylhexylglycerin, citric acid","[""simmondsia chinensis seed oil"", ""hydrolyzed wheat protein"", ""rosmarinus officinalis leaf oil""]",https://www.sociolla.com/shampoo/26645-veggie-pro-nourishing-shampoo,2/4/2026
P094,smooth intense hair spa mask,L'Oreal Paris,Hair Mask,90000,200,ml,"aqua water, cetearyl alcohol, behentrimonium chloride, glycerin, amodimethicone, cetyl esters, potato starch modified, isopropyl alcohol, phenoxyethanol, argania spinosa kernel oil, trideceth-6, chlorhexidine dihydrochloride, xylose, camelina sativa seed oil, limonene, linalool, benzyl alcohol, benzyl salicylate, alpha-isomethyl ionone, geraniol, cetrimonium chloride, butylphenyl methylpropional","[""glycerin"", ""amodimethicone"", ""argania spinosa kernel oil""]",https://www.sociolla.com/hair-mask/10237-smooth-intense-hair-spa-mask,2/4/2026
P097,nourishing hair serum,Djamujamu,Hair Serum,175500,45,ml,"diethylhexyl carbonate, caprylic capric triglyceride, oleyl erucate, argania spinosa kernel oil, prunus amygdalus dulcis oil, aleurites moluccanus seed oil, pelargonium graveolens flower oil, citrus limon fruit oil","[""argania spinosa kernel oil""]",https://www.sociolla.com/hair-serum/74233-nourishing-hair-serum,2/4/2026
P098,black bean anti hair loss shampoo,Nature Republic,Shampoo,265000,300,ml,"water, coco-betaine, tea-cocoyl glutamate, disodium laureth sulfosuccinate, sodium lauroyl methylaminopropionate, sodium lauroyl methyl isethionate, polyquaternium-10, caprylyl glycol, menthol, ppg-3 myristyl ether, rehmannia chinensis root extract, citrus nobilis peel extract, pentasodium pentetate, salicylic acid, panthenol, mentha arvensis leaf oil, citrus aurantifolia oil, butylene glycol, mentha arvensis extract, niacinamide, 1, 2-hexanediol, chrysanthemum zawadskii extract, glycyrrhiza glabra root extract, lycium chinense fruit extract, biota orientalis leaf extract, acorus calamus root extract, morus alba bark extract, xanthium strumarium fruit extract, panax ginseng root extract, acacia senegal gum, peat water, glycerin, citric acid, hydroxypropyl methylcellulose, ethylhexylglycerin, centella asiatica leaf extract, glycine soja seed extract, vaccinium angustifolium fruit extract, rubus fruticosus fruit extract, ribes nigrum fruit extract, nigella sativa seed extract, oryza sativa extract, sesamum indicum seed extract, salvia hispanica seed extract, potassium sorbate, hydrogenated lecithin, ethylhexylglycerin, ceramide np, propolis extract","[""menthol"", ""salicylic acid"", ""panthenol"", ""niacinamide"", ""glycyrrhiza glabra root extract"", ""panax ginseng root extract"", ""glycerin"", ""centella asiatica extract"", ""ceramide np""]",https://www.sociolla.com/hair-serum/74233-nourishing-hair-serum,2/4/2026
P099,extra damage repair hair mask,Moist Diane,Hair Mask,105910,150,gr,"water, cetearyl alcohol, dimethicone, bis-behenyl isostearyl phytosteryl dimer dilinoleyl dimer dilinoleate, steartrimonium chloride, ethylhexyl palmitate, steardimonium hydroxypropyl hydrolyzed keratin, propanediol, quaternium-33, gamma-docosalactone, glucose, butylene glycol, hydroxyproline, prunus domestica seed extract or prunus domestica seed oil, alanine, hydrolyzed honey protein, sodium hyaluronate, hydroxypropyltrimonium hyaluronate, sodium pca, keratin, hydrolyzed conchiolin protein, malus domestica fruit cell culture extract, rhododendron ferrugineum leaf cell culture extract, collagen, isomalt, hydrolyzed keratin, hydrolyzed hyaluronic acid, cetearamidoethyl diethonium hydrolyzed rice protein, panthenol, polyglyceryl-2 isostearate dimer dilinoleate copolymer, isononyl isononanoate, isostearoyl hydrolyzed keratin, bis-ethoxydiglycol cyclohexane 1, 4-dicarboxylate, pouteria sapota seed oil, shorea stenoptera seed butter, sclerocarya birrea seed oil, theobroma grandiflorum seed butter, mangifera indica seed oil, ceramide ng, argania spinosa kernel oil, glycine soja sterols, ceramide 5, ceramide np, ceramide ap, ceramide eop, carapa guaianensis seed oil, adansonia digitata seed oil, opuntia ficus-indica seed oil, bis- dimethicone, sodium lactate, cholesterol, argania spinosa callus culture extract, peg-90m, xanthan gum, glyceryl tri-hydrogenated rosinate [c] hydrogenated glyceryl dehydroabietate tetrahydroabietate, lecithin, dicocodimonium chloride, quaternium-18, behentrimonium chloride, isopropyl alcohol, propylene glycol, glycerin, lactic acid, tocopherol, disodium edta, phenoxyethanol, sodium benzoate, fragrance, caramel","[""dimethicone"", ""hydrolyzed keratin"", ""sodium hyaluronate"", ""keratin"", ""hydrolyzed collagen"", ""panthenol"", ""ceramide np"", ""argania spinosa kernel oil"", ""glycerin"", ""lactic acid"", ""tocopherol""]",https://www.sociolla.com/hair-mask/64182-extra-damage-repair-hair-mask,2/4/2026
P100,extra smooth & straight hair mask,Moist Diane,Hair Mask,105910,150,gr,"aqua, cetearyl alcohol, dimethicone, glycerin, ethylhexyl palmitate, steartrimonium chloride, polyglyceryl-2 isostearate dimer dilinoleate copolymer, fragrance components and finished fragrances, dicocodimonium, chloride, phenoxyethanol, ppg-3 caprylyl ether, bis-, dimethicone, behenyl alcohol, isopropyl alcohol, glucose, amodimethicone, caramel, disodium edta, peg-90m, lactic acid, sodium lactate, o-cymen-5-ol, sodium benzoate, acetyl cysteine, oenocarpus bataua fruit oil, propylene glycol, ascorbyl tetraisopalmitate, hydrolyzed keratin, glyoxylic acid, butylene glycol, alcohol, propanediol, schinziophyton rautanenii kernel oil, pouteria sapota seed oil, shorea stenoptera seed butter, chenopodium quinoa seed oil, isostearic acid, quaternium-18, sodium lauraminopropionate, hydroxypropyltrimonium hydrolyzed keratin, laurdimonium hydroxypropyl hydrolyzed keratin, cetearamidoethyl diethonium hydrolyzed rice protein, tocopherol, prunus domestica seed extract, sclerocarya birrea seed oil, theobroma grandiflorum seed butter, mangifera indica seed oil, carapa guaianensis seed oil, adansonia digitata seed oil, quaternium-33, citric acid, cholesterol, hydrolyzed silk pg-propyl methylsilanediol, behentrimonium chloride, hydrolyzed quinoa, gamma-docosalactone, ceramide ng, adansonia digitata seed oi, alcohol denat, isomalt, isostearoyl hydrolyzed collagen, terminalia ferdinandiana fruit extract, keratin, argania spinosa kernel oil, soybean sterol, cellulose gum, ceramide as, hydrolyzed conchiolin protein, sodium bicarbonate, malus domestica fruit cell culture extract, benzyl alcohol, potassium sorbate, ceramide np, ceramide ap, xanthan gum, lecithin, argania spinosa callus culture extract, ceramide eop, gold, collagen, silver","[""dimethicone"", ""glycerin"", ""amodimethicone"", ""lactic acid"", ""hydrolyzed keratin"", ""tocopherol"", ""hydrolyzed silk"", ""ceramide np"", ""hydrolyzed collagen"", ""keratin"", ""argania spinosa kernel oil""]",https://www.sociolla.com/hair-mask/74478-extra-smooth-and-straight-hair-mask,2/4/2026
P101,hair mist fresh & smooth,Ellips,Hair Mist,27200,100,ml,"aqua, alcohol denat, fragrance, polyglyceryl-10 isostearate, peg-12 dimethicone, glycerin, cetrimonium chloride, isopropyl alcohol, ppg-2 methyl ether, sodium benzoate, propanediol, salix alba bark extract, panthenol, disodium edta","[""dimethicone"", ""glycerin"", ""panthenol""]",https://www.sociolla.com/hair-mist/78053-ellips-hair-mist-fresh-and-smooth-100ml,2/28/2026
P102,hair mist sweet&silky,Ellips,Hair Mist,27200,100,ml,"aqua, alcohol denat, fragrance, polyglyceryl-10 isostearate, peg-12 dimethicone, glycerin, cetrimonium chloride, isopropyl alcohol, ppg-2 methyl ether, sodium benzoate, propanediol, panthenol, salix alba bark extract, disodium edta","[""dimethicone"", ""glycerin"", ""panthenol""]",https://www.sociolla.com/hair-mist/78052-ellips-hair-mist-sweet-and-silky-100ml,2/28/2026
P103,silky & protect care hair mist,Grace and Glow,Hair Mist,61813,100,ml,"aqua water, glycerin, peg-40 hydrogenated castor oil, fragrance, parfum, aroma, phenoxyethanol, silk extract, chlorphenesin, panthenol, dexpanthenol, ethylhexylglycerin, disodium edta, butylene glycol, propylene glycol, anthemis nobilis flower extract, sclerocarya birrea fruit extract, butyrospermum parkii butter, olea europaea fruit oil, helianthus annuus seed oil, hydroxyacetophenone, calendula officinalis flower extract, hydrolyzed keratin","[""glycerin"", ""panthenol"", ""butyrospermum parkii"", ""olea europaea oil"", ""calendula officinalis extract"", ""hydrolyzed keratin""]",https://www.sociolla.com/hair-mist/69344-silky-hair-mist,2/28/2026
P104,daisy hair vitamin mist,Grace and Glow,Hair Mist,61813,100,ml,"aqua, alcohol denat, fragrance, glycerin, peg-40 hydrogenated castor oil, panthenol, niacinamide, tocopheryl acetate, argania spinosa kernel oil, hydrolyzed keratin, sodium benzoate, potassium sorbate, disodium edta, citric acid","[""glycerin"", ""panthenol"", ""niacinamide"", ""tocopheryl acetate"", ""argania spinosa kernel oil"", ""hydrolyzed keratin""]",https://www.sociolla.com/hair-mist/69343-daisy-hair-vitamin-mist,2/28/2026
P105,hair mistion! enchanted floral,Wonderlux,Hair Mist,67500,100,ml,"water, trideceth-9, fragrance components and finished fragrance, peg-40 hydrogenated castor oil, propanediol, phenoxyethanol, caprylic capric triglyceride, ethoxydiglycol, pentaclethra macroloba seed oil, polysorbate 20, sodium pca, chlorphenesin, d-panthenol, disodium edta, o-cymen-5-ol, hydroxypropyl gluconamide, hydroxypropyl ammonium gluconate, polyquaternium-7, glycerin, magnolia officinalis bark extract, zingiber officinale root extract, hydrolyzed jojoba esters, tartaric acid, benzyl alcohol, sodium benzoate, potassium sorbate","[""panthenol"", ""glycerin""]",https://www.sociolla.com/hair-mist/87297-enchanted-floral-smooth-nourishment-hair-mist,2/28/2026
P107,perfect day perfume hair vitamin mist,Hairoic,Hair Mist,12600,50,gr,"hair moisturizing agent, vitamin b5, glycerin, aloe vera extract, allantoin), hair nutrition, niacinamide), soothing agent ), heat protectant, blooming fragrance","[""glycerin"", ""allantoin"", ""niacinamide""]",https://www.sociolla.com/hair-mist/91176-perfect-day-perfume-hair-vitamin-mist,2/28/2026
P108,euphoria hair perfume hair vitamin mist,Hairoic,Hair Mist,12600,50,gr,"hair moisturizing agent: vitamin e, vitamin c, vitamin b5, glycerin, aloe vera extract, allantoin, hair nutrition: vitamin e, vitamin b5, niacinamide, soothing agent: allantoin, aloe vera extract, vitamin b5, heat protectant: triple shaft protection, blooming fragrance","[""glycerin"", ""allantoin"", ""niacinamide""]",https://www.sociolla.com/hair-mist/91177-euphoria-hair-perfume-hair-vitamin-mist,2/28/2026
P109,[exclusive] makarizo hair energy scentsations hair fragrance,Makarizo,Hair Mist,51600,100,ml,"alcohol, aqua, parfum, peg-40 hydrogenated castor oil, soyethyl morpholinium ethosulfate, peg-12 dimethicone, panthenyl ethyl ether, phytantriol, tocopheryl acetate, benzophenone-4, glycine soja oil, niacinamide, aesculus hippocastanum seed extract, yeast extract, ammonium glycyrrhizate, retinyl palmitate, panthenol, zinc gluconate, caffeine, ascorbyl palmitate, biotin","[""dimethicone"", ""tocopheryl acetate"", ""niacinamide"", ""aesculus hippocastanum seed extract"", ""retinyl palmitate"", ""panthenol"", ""zinc gluconate"", ""caffeine"", ""biotin""]",https://www.sociolla.com/hair-mist/88553-exclusive-makarizo-hair-energy-scentsations-hair-fragrance,2/28/2026
P110,keratin layered oil mist,La'dor,Hair Mist,195500,130,ml,"water, siklopentasiloksan, sikloheksasiloksan, c12-15 alkil benzoat, coco- caprilat caprate, parfum, alkohol, argania spinosa kernel oil, sodiumbenzoat, sodium klorida, tokoferol asetat, etilheksilgliserin, persea gratissima oil, elastin terhidrolisis, butilen glikol, hexyl cinnamal, limonene, asamsitrat, disodium edta, keratin terhidrolisis, sodium sitrat, ethylhexyl methoxycinnamate, 1, 2-hexanediol, hydroxycitronellal, alpha-isomethyl ionone, ekstrak daun melia azadirachta, silk terhidrolisis, ekstrak bunga melia azadirachta, citronellol, linalool, ekstrak buah coccinia indica, phenoxyethanol, geraniol, ekstrak bunga aloe barbadensis, ekstrak cetraria iilandica, sodium hyaluronat, ekstrak buah solanum melongena, minyak sayur, citral, ekstrak buah gardenia florida, simmondsia chinensis seed oil, ekstrak bunga viola mandshurica, ekstrak corallina officinalis, ekstrak akar curcuma longa, ekstrak daun ocimum sanctum, tokoferol, asamhyaluronat, asam hyaluronat terhidrolisis, hydroxypropyltrimonium","[""argania spinosa kernel oil"", ""keratin"", ""sodium hyaluronate"", ""simmondsia chinensis seed oil""]",https://www.sociolla.com/hair-mist/83394-keratin-layered-oil-mist,2/28/2026
P114,perfumed hair oil osmanthus,La'dor,Hair Oil,287000,80,ml,"cyclopentasiloxane, c12-15 alkyl benzoate, dimethiconol, dimethicone, argania spinosa kernel oil, limnanthes alba seed oil, cyclohexasiloxane, camellia japonica seed oil, corylopsis coreana extract, water, lactobacillus rice ferment, angelica koreana root extract, tocopheryl acetate, butylene glycol, 1, 2-hexanediol, keratin, elastin, gelatin, fragrance, citronellol, geraniol, citral","[""dimethicone"", ""argania spinosa kernel oil"", ""tocopheryl acetate"", ""keratin""]",https://www.sociolla.com/hair-oil/75978-lad-hc-lphoom801?size=80ml,2/28/2026
P115,hair energy fibertherapy hair & scalp creambath royal jelly,Makarizo,Creambath,86730,500, gr,"water, cetearyl alcohol, mineral oil, ethylhexyl palmitate, propylene glycol, cetyl esters, behentrimonium chloride, cetrimonium chloride, fragrance, amodimethicone, ceteareth-20, bis pg glycerin, dmdm hydantoin, royal jelly, ci 12490, c14-15 alcohols, steartrimonium chloride, trideceth-12, trideceth-10, ci 15985, menthol, phenoxyethanol, butylene glycol, menthyl lactate, lactic acid, ci 16255, iodopropynyl butylcarbamate, passiflora edulis seed oil, cyclotetrasiloxane, isotridecanol, rice bran oil, hydrolyzed keratin, magnesium nitrate, euterpe oleracea fruit oil, methylchloroisothiazolinone, magnesium chloride, methylisothiazolinone","[""amodimethicone"", ""glycerin"", ""menthol"", ""lactic acid"", ""hydrolyzed keratin""]",https://www.sociolla.com/hair-lotion/28148-hair-energy-fibertherapy-hair-and-scalp-creambath-royal-jelly?size=500_gr,2/28/2026
P116,texture experience creambath black chocolate deeply moisturizing treatment,Makarizo Professional,Creambath,203625,500, gr,"water, cetearyl alcohol, cetyl esters, isopropyl myristate, behentrimonium chloride, paraffinum liquidum, fragrance, cyclopentasiloxane, diglycerin, ethylhexyl palmitate, ceteareth-20, amodimethicone, hydrolyzed collagen extract, cetrimonium chloride, isopropyl alcohol, distearyldimonium chloride, propylene glycol, polyquaternium-47, cocoa extract, cyclotetrasiloxane, trideceth-12, 5-bromo-5-nitro-1, 3-dioxane, 1, 2-hexanediol, phenyl trimethicone, sodium benzoate, c12-15 alkyl benzoate, dimethicone crosspolymer, dimethiconol, dimethyl palmitamine, colorants ","[""amodimethicone"", ""hydrolyzed collagen""]",https://www.sociolla.com/hair-mask/28162-texture-experience-creambath-black-chocolate-deeply-moisturizing-treatment?size=500%20gr,2/28/2026
P117,nr  treatment dam-care creambath,Nature Republic,Creambath,92900,500, gr,"aqua, isopropyl alcohol, fragrance, triticum vulgare germ oil, peg-40 hydrogenated castor oil, piroctone olamine, sodium salicylate, propylene glycol, d-panthenol, citric acid, menthol, camphor, tocopheryl acetate, lysine, methionine, chamomilla recutita flower extract, glucose, glycine, linoleic acid, retinyl palmitate, arginine, leucine, histidine, proline, valine, lactic acid, serine, sodium benzoate, ci 42090, urtica dioica extract, betula alba leaf extract, equisetum arvense extract, capric acid, potassium sorbate, caramel, tartaric acid, ci 17200, biotin, riboflavin","[""piroctone olamine"", ""panthenol"", ""menthol"", ""tocopheryl acetate"", ""chamomilla recutita extract"", ""retinyl palmitate"", ""arginine"", ""lactic acid"", ""biotin""]",https://www.tokopedia.com/probeautycare/nr-treatment-dam-care-creambath-500-g-1729560468939638829?extParam=ivf%3Dfalse%26keyword%3Dcreambath%26search_id%3D202602280537587F100B7B36092F163K8D%26src%3Dsearch&t_id=1772258000446&t_st=3&t_pp=search_result&t_efo=search_pure_goods_card&t_ef=goods_search&t_sm=&t_spt=search_result,2/28/2026
P118,loreal hair spa creambath 500ml hairspa -,L'Oreal Paris,Creambath,200000,500, gr,"water, cetearyl alcohol, behentrimonium chloride, peg-180, amodimethicone, glycerin, cetyl esters, isopropyl alcohol, phenoxyethanol, fragrance, hydroxyethylcellulose, menthoxypropanediol, chlorhexidine dihydrochloride, cetrimonium chloride, hexyl cinnamal, linalool, propanediol, nymphaea alba flower extract","[""amodimethicone"", ""glycerin""]",https://www.tokopedia.com/tokoharky/loreal-hair-spa-creambath-500ml-hairspa-kemasan-baru-smooth-500ml-02f4a?extParam=ivf%3Dfalse%26keyword%3Dcreambath%26search_id%3D202602280537587F100B7B36092F163K8D%26src%3Dsearch&t_id=1772258000446&t_st=4&t_pp=search_result&t_efo=search_pure_goods_card&t_ef=goods_search&t_sm=&t_spt=search_result,2/28/2026
P119,salon daily creambath,Makarizo Professional,Creambath,101175,500, ml,"water, cetearyl alcohol, behentrimonium chloride, cetyl esters, isopropyl myristate, peg-40 hydrogenated castor oil, propylene glycol, glycerin, amodimethicone, cyclopentasiloxane, dimethicone, dimethiconol, hydrolyzed keratin, hydrolyzed collagen, tocopheryl acetate, panthenol, camellia sinensis leaf extract, citrus aurantium dulcis fruit extract, equisetum arvense extract, urtica dioica extract, salvia officinalis extract, panax ginseng root extract, argania spinosa kernel oil, persea gratissima oil, butyrospermum parkii butter, phenoxyethanol, fragrance, ethylhexylglycerin, disodium edta, sodium benzoate, potassium sorbate, ci 19140, ci 15985, ci 17200","[""glycerin"", ""amodimethicone"", ""dimethicone"", ""hydrolyzed keratin"", ""hydrolyzed collagen"", ""tocopheryl acetate"", ""panthenol"", ""camellia sinensis leaf extract"", ""panax ginseng root extract"", ""argania spinosa kernel oil"", ""butyrospermum parkii""]",https://www.sociolla.com/hair-lotion/28179-salon-daily-creambath?size=500_ml,2/28/2026
P120,fall resist 3x anti hair-fall shampoo,L'Oreal Paris,Shampoo,79900,280, ml,"aqua, sodium laureth sulfate, cocamidopropyl betaine, dimethicone, sodium chloride, ci 77891, guar hydroxypropyltrimonium chloride, mica, coco-betaine, sodium benzoate, sodium hydroxide, phenoxyethanol, steareth-6, acetic acid, arginine, peg-100 stearate, trideceth-10, trideceth-3, salicylic acid, limonene, fumaric acid, linalool, benzyl alcohol, benzyl salicylate, amodimethicone, alpha-isomethyl ionone, parfum, carbomer, citric acid, citronellol, hexylene glycol, glycerin, glycol distearate ","[""dimethicone"", ""lactic acid"", ""arginine"", ""salicylic acid"", ""amodimethicone"", ""glycerin""]",https://www.sociolla.com/shampoo/24665-fall-resist-3x-anti-hair-fall-shampoo?size=280%20ml,2/28/2026
P121,hair tonic concentrate,Varesse,Hair Tonic,225000,60, ml,"water, ethanol, propylene glycol, peg hydrogenated castor oil, panax ginseng radix extract, sophora angustifolia root extract, aesculus hippocastanum seed extract, perfume, sodium salicylate, dipotassium glycyrrhizinate, phenoxyethanol, methylparaben, menthol, vitamin h, vitamin f, vitamin a palmitate, vitamin e, vitamin b5, vitamin b8, polysorbate 20, peg-35 castor oil, disodium edta","[""aesculus hippocastanum seed extract"", ""menthol""]",https://www.sociolla.com/hair-tonic/51446-hair-tonic-concentrate?size=60_ml,2/28/2026
P124,drop dead growgeous! densifying hair scalp serum,Wonderlux,Scalp Serum,160950,75,ml,"aqua, butylene glycol, 2, 4-diamino-pyrimidine-3-oxide ), ammonium polyacryloyldimethyl taurate, niacinamide, propanediol, oryza sativa bran water, glycerin, panthenol, zingiber officinale extract, phenoxyethanol, chlorphenesin, nasturtium officinale flower leaf extract, ppg-26-buteth-26, peg-40 hydrogenated castor oil, aloe barbadensis extract, pisum sativum sprout extract, sodium benzoate, magnesium ascorbyl phosphate, hydrolyzed corn protein, glycine, apigenin, adenosine, serine, glutamic acid, oleanolic acid, aspartic acid, leucine active ingredient 000071, biotinoyl tripeptide-1, alanine, arginine, tyrosine, phenylalanine, threonine, proline, valine, isoleucine, carnitine","[""niacinamide"", ""glycerin"", ""panthenol"", ""aloe barbadensis leaf extract"", ""adenosine"", ""oleanolic acid"", ""biotinoyl tripeptide-1"", ""arginine""]",https://www.sociolla.com/hair-serum/78251-drop-dead-growgeous-densifying-hair-scalp-serum,2/28/2026
P125,silver screen conditioner,conditioner,Scalp Serum,96240,250,ml,"aqua, polyquaternium-7, behentrimonium chloride, dimethicone, cetearyl alcohol, perfume, glycerin, dioleyl phosphate, oleth-5 phosphate, caprylic capric triglyceride, hydroxyethylcellulose, phenoxyethanol, isopropyl alcohol, polyquaternium-10, cetrimonium chloride, bht, panthenol, disodium edta, sodium metabisulfite, citric acid, sunflower oil, tocopheryl acetate, 1, 2-hexanediol, sodium hyaluronate, hyaluronic acid, hydrolyzed hyaluronic acid, hydrolyzed sodium hyaluronate, hydroxypropyltrimonium hyaluronate, potassium hyaluronate, , peg-9 diglycidyl ether sodium hyaluronate crosspolymer, sodium acetylated hyaluronate, ci 60730","[""dimethicone"", ""glycerin"", ""panthenol"", ""tocopheryl acetate"", ""sodium hyaluronate""]",https://www.sociolla.com/conditioner/79469-silver-screen-conditioner-250ml,2/28/2026
P126,kundal refreshing watery serum,Kundal,Hair Serum,132750,100,ml,"cyclopentasiloxane, dimethiconol, dimethicone, phenyl propyl trimethicone, alcohol, hydrogenated coconut oil, macadamia integrifolia seed oil, water, camellia japonica seed oil, cocos nucifera oil, pyrus malus seed oil, adansonia digitata seed oil, moringa oleifera seed oil, tocopherol, biotin, panthenol, dextrin, moringa oleifera seed extract, maltodextrin, hydrolyzed hibiscus esculentus extract, 1, 2-hexanediol, houttuynia cordata extract, glycerin, butylene glycol, sodium hyaluronate, hydroxypropyltrimonium hyaluronate, sodium acetylated hyaluronate, hydrolyzed hyaluronic acid, ethylhexylglycerin, hyaluronic acid, sodium hyaluronate crosspolymer, hydrolyzed sodium hyaluronate, potassium hyaluronate, fragrance","[""dimethicone"", ""macadamia ternifolia seed oil"", ""tocopherol"", ""biotin"", ""panthenol"", ""glycerin"", ""sodium hyaluronate""]",https://www.sociolla.com/hair-serum/81321-kundal-refreshing-watery-serum,2/28/2026
P127,kelaya hair serum,Kelaya,Hair Serum,83300,20,ml,"aqua, alcohol, peg 40, sodium pca, butylene glycol, panax ginseng extract, panthenol, hydrolyzed soy protein, phenoxyethanol, argania spinosa kemel oil, sodium benzoate, pentylene glycol, glycerin, fragrance, 3 aminopropane sulfonic acid, potassium sorbate, menthol, ppg 26 buteth 26, sodium chondroitin sulfate, peg 40 hydrogenate castor oil, ci 42090, ci 17200, apigenin, oleanolic acid, biotinoyl tripeptide1","[""panax ginseng root extract"", ""panthenol"", ""argania spinosa kernel oil"", ""glycerin"", ""menthol"", ""oleanolic acid"", ""biotinoyl tripeptide-1""]",https://www.sociolla.com/hair-serum/88873-kelaya-hair-serum,2/28/2026
P128,serum rose perfume,Mise En Scène,Hair Serum,83300,80,ml,"aqua, alcohol, peg 40, sodium pca, butylene glycol, panax ginseng extract, panthenol, hydrolyzed soy protein, phenoxyethanol, argania spinosa kemel oil, sodium benzoate, pentylene glycol, glycerin, fragrance, 3 aminopropane sulfonic acid, potassium sorbate, menthol, ppg 26 buteth 26, sodium chondroitin sulfate, peg 40 hydrogenate castor oil, ci 42090, ci 17200, apigenin, oleanolic acid, biotinoyl tripeptide1","[""panax ginseng root extract"", ""panthenol"", ""argania spinosa kernel oil"", ""glycerin"", ""menthol"", ""oleanolic acid"", ""biotinoyl tripeptide-1""]",https://www.sociolla.com/hair-serum/88873-kelaya-hair-serum,2/28/2026
P129,serum watery,Mise En Scène,Hair Serum,152150,80,ml,"cyclopentasiloxane, trisiloxane, dimethiconol, c12-15 alkyl benzoate, cocos nucifera oil, fragrance parfum, coco-caprylate caprate, limonene, hydroxycitronellal, argania spinosa kernel oil, sclerocarya birrea seed oil, simmondsia chinensis seed oil, prunus armeniaca kernel oil, olea europaea fruit oil, camellia japonica seed oil, citronellol, hexyl cinnamal, linalool, geraniol, glycolipids","[""argania spinosa kernel oil"", ""simmondsia chinensis seed oil"", ""olea europaea oil""]",https://www.sociolla.com/hair-serum/83500-serum-watery,2/28/2026
P130,perfect serum super rich,Mise En Scène,Hair Serum,152150,80,ml,"cyclopentasiloxane, dimethiconol, disiloxane, isododecane, c12-15 alkyl benzoate, cocos nucifera oil, fragrance parfum, argania spinosa kernel oil, camellia japonica seed oil, coco-caprylate caprate, linalool, benzyl benzoate, prunus armeniaca kernel oil, olea europaea fruit oil, simmondsia chinensis seed oil, citronellol, geraniol, alpha-isomethyl ionone, coumarin, hexyl cinnamal, acrylates polytrimethylsiloxymethacrylate copolymer, hydroxycitronellal, glycolipids, sclerocarya birrea seed oil","[""argania spinosa kernel oil"", ""olea europaea oil"", ""simmondsia chinensis seed oil""]",https://www.sociolla.com/hair-serum/84162-perfect-serum-super-rich,2/28/2026
P131,honey dew restructuring serum,Makarizo Professional,Hair Serum,83360,25,ml,"lauryl alcohol, myristyl alcohol, cetrimonium chloride, propylene glycol, dimethicone copolyol, diglycerin, panthenyl ethyl ether, alcohol, ethanol, sodium pca, sodium lactate, arginine, aspartic acid, pca, glycine, alanine, serine, valine, proline, threonine, isoleucine, histidine, phenylalanine, ci 42090, blue no 1 blue no 4, fragrance, parfum, aroma, aqua water","[""dimethicone"", ""arginine"", ""zinc pca""]",https://www.sociolla.com/hair-serum/28184-honey-dew-restructuring-serum,2/28/2026
P134,ultimate repair hair serum,Beamarry New York,Hair Serum,181727,110,ml,"cyclopentasiloxane, isododecane ethylhexyl palmitate, dimethiconol, dimethicone parfum, olea europaea fruit oil, argania spinosa kernel oil, orbignya oleifera seed oil tocopheryl acetate, cocos nucifera seed oil butvrospermum parkilishea butter helianthus annuus seed oil, butyl avocadate","[""dimethicone"", ""olea europaea oil"", ""argania spinosa kernel oil"", ""tocopheryl acetate""]",https://www.sociolla.com/hair-serum/85237-ultimate-repair-hair-serum,2/28/2026
P135,loreal paris elseve aminexil (fall resist serum anti hair-fall),L'Oreal Paris,Hair Serum,149000,102,ml,"aminexil, caffeine, arginine","[""aminexil"", ""caffeine"", ""arginine""]",https://www.sociolla.com/hair-serum/93866-l-oreal-paris-elseve-aminexil-fall-resist-serum-anti-hair-fall,2/28/2026
P136,5in1 hair vitamin milkshake,Ellips,Hair Serum,55648,45,ml,"aqua, dimethicone vinyl dimethicone crosspolymer, cyclopentasiloxane, phenyl trimethicone, cetrimonium chloride, isopropyl alcohol, cocamide dea, peg-8, fragrance, c12-14 pareth-12, sodium chloride, polyquaternium-16, dmdm hydantoin, cyclotetrasiloxane, methylparaben, panthenol, lactic acid, chlorphenesin, phenoxyethanol, phenyl trimethicone, hydrolyzed wheat protein, benzoic acid, c12-15 alkyl benzoate, dimethiconol, dimethicone crosspolymer, hydrolyzed wheat starch, benzophenone-4, potassium sorbate, hydrolyzed milk protein, butylene glycol, ethylparaben, propylparaben, butylparaben","[""dimethicone"", ""panthenol"", ""lactic acid"", ""hydrolyzed wheat protein""]",https://www.sociolla.com/hair-serum/77149-5in1-hair-vitamin-milkshake,2/28/2026
P137,tresemme keratin smooth heat protection spray with marula oil 236ml for dry hair,TRESemmé,Heat Protection,146450,236,ml,"water, amodimethicone, glycerin, peg-12 dimethicone, propylene glycol, pvp, fragrance, polysorbate 20, cetrimonium chloride, dmdm hydantoin, benzophenone-4, disodium edta, hydrolyzed silk, hydrolyzed keratin, ascorbic acid, tocopheryl acetate, panthenol, niacinamide, biotin","[""amodimethicone"", ""glycerin"", ""dimethicone"", ""hydrolyzed silk"", ""hydrolyzed keratin"", ""ascorbic acid"", ""tocopheryl acetate"", ""panthenol"", ""niacinamide"", ""biotin""]",https://www.sociolla.com/hair-vitamin/73477-tresemme-keratin-smooth-heat-protection-spray-with-marula-oil-236ml-for-dry-hair,2/28/2026
P138,keratin pro daily hair vitamin spray 100ml,CBD Professional,Hair Vitamin,70125,100,ml,"cyclopentasiloxane, dimethiconol, isopropyl myristate, phenyl trimethicone, perfume, bht, argania spinosa oil, prunus amygdalus var dulcis oil, tocopheryl acetate, hydrolyzed keratin, trametes versicolor extract","[""argania spinosa kernel oil"", ""tocopheryl acetate"", ""hydrolyzed keratin""]",https://www.sociolla.com/hair-vitamin/67660-keratin-pro-daily-hair-vitamin-spray-100ml,2/28/2026
P139,figo hair perfume aqua glow,CBD Professional,Hair Vitamin,39200,100,ml,"aqua, alcohol, peg-40 hydrogenated castor oil, perfume, peg-12 dimethicone, cetrimonium chloride, phenoxyethanol, hexamethylindanopyran, diethyl phthalate, pentylene glycol, glycerin, panthenol, arginine, lactic acid, sorbitol, tocopheryl acetate, hydrolyzed jojoba esters, collagen, niacinamide, sodium ascorbyl phosphate, butylene glycol, ppg-26-buteth-26, ethylhexyl methoxycinnamate, butyl methoxydibenzoylmethane, 1, 2-hexanediol, ethylhexyl salicylate, sodium hyaluronate, hyaluronic acid, hydrolyzed hyaluronic acid, hydrolyzed sodium hyaluronate, hydroxypropyltrimonium hyaluronate, potassium hyaluronate, peg-9 diglycidyl ether sodium hyaluronate crosspolymer, sodium acetylated hyaluronate, apigenin, oleanolic acid, biotinoyl tripeptide-1","[""dimethicone"", ""glycerin"", ""panthenol"", ""arginine"", ""lactic acid"", ""tocopheryl acetate"", ""hydrolyzed collagen"", ""niacinamide"", ""sodium ascorbyl phosphate"", ""sodium hyaluronate"", ""oleanolic acid"", ""biotinoyl tripeptide-1""]",https://www.sociolla.com/hair-vitamin/85662-figo-hair-perfume-aqua-glow,2/28/2026
P140,figo hair perfume fairy blush,CBD Professional,Hair Vitamin,39200,100,ml,"aqua, alcohol, peg-40 hydrogenated castor oil, perfume, peg-12 dimethicone, cetrimonium chloride, phenoxyethanol, hexamethylindanopyran, diethyl phthalate, pentylene glycol, glycerin, panthenol, arginine, lactic acid, sorbitol, tocopheryl acetate, hydrolyzed jojoba esters, collagen, niacinamide, sodium ascorbyl phosphate, butylene glycol, ppg-26-buteth-26, ethylhexyl methoxycinnamate, butyl methoxydibenzoylmethane, 1, 2-hexanediol, ethylhexyl salicylate, sodium hyaluronate, hyaluronic acid, hydrolyzed hyaluronic acid, hydrolyzed sodium hyaluronate, hydroxypropyltrimonium hyaluronate, potassium hyaluronate, peg-9 diglycidyl ether sodium hyaluronate crosspolymer, sodium acetylated hyaluronate, apigenin, oleanolic acid, biotinoyl tripeptide-1","[""dimethicone"", ""glycerin"", ""panthenol"", ""arginine"", ""lactic acid"", ""tocopheryl acetate"", ""hydrolyzed collagen"", ""niacinamide"", ""sodium ascorbyl phosphate"", ""sodium hyaluronate"", ""oleanolic acid"", ""biotinoyl tripeptide-1""]",https://www.sociolla.com/hair-vitamin/85664-figo-hair-perfume-fairy-blush,2/28/2026
P141,figo hair perfume love blooms,CBD Professional,Hair Vitamin,39200,100,ml,"aqua, alcohol, peg-40 hydrogenated castor oil, perfume, peg-12 dimethicone, cetrimonium chloride, phenoxyethanol, hexamethylindanopyran, diethyl phthalate, pentylene glycol, glycerin, panthenol, arginine, lactic acid, sorbitol, tocopheryl acetate, hydrolyzed jojoba esters, collagen, niacinamide, sodium ascorbyl phosphate, butylene glycol, ppg-26-buteth-26, ethylhexyl methoxycinnamate, butyl methoxydibenzoylmethane, 1, 2-hexanediol, ethylhexyl salicylate, sodium hyaluronate, hyaluronic acid, hydrolyzed hyaluronic acid, hydrolyzed sodium hyaluronate, hydroxypropyltrimonium hyaluronate, potassium hyaluronate, peg-9 diglycidyl ether sodium hyaluronate crosspolymer, sodium acetylated hyaluronate, apigenin, oleanolic acid, biotinoyl tripeptide-1","[""dimethicone"", ""glycerin"", ""panthenol"", ""arginine"", ""lactic acid"", ""tocopheryl acetate"", ""hydrolyzed collagen"", ""niacinamide"", ""sodium ascorbyl phosphate"", ""sodium hyaluronate"", ""oleanolic acid"", ""biotinoyl tripeptide-1""]",https://www.sociolla.com/hair-vitamin/85663-figo-hair-perfume-love-blooms,2/28/2026
P142,scalp care organic hair serum,Eucalie,Scalp Serum,207200,30,ml,"aqua, methyl propanediol, panthenol, pseudoalteromonas ferment extract, sorbitan caprylate, sodium lactate, propanediol, benzoic acid, disodium edta, mentha piperita oil *, melaleuca alternifolia leaf oil *, sodium citrate, phragmites karka extract, poria cocos extract, citric acid, sodium benzoate, sodium salicylate","[""panthenol"", ""melaleuca alternifolia oil""]",https://www.sociolla.com/hair-serum/94068-eucalie-scalp-care-organic-hair-serum,2/28/2026
P143,set the oil free! sensitive & oily care scalp serum,Wonderlux,Scalp Serum,112050,75,ml,"aqua, caprylic capric triglyceride, lactobacillus ferment, butylene glycol, lactococcus ferment, saccharomyces ferment, propanediol, maltodextrin, farnesyl acetate, farnesol, panthenyl triacetate, panthenol, chlorphenesin, phenoxyethanol, polyacrylate crosspolymer-6, propylene glycol, 1, 2-hexanediol, schinus terebinthifolius seed extract, pelvetia canaliculata extract, aloe barbadensis extract, laminaria digitata extract, ceramide 3, glycine, tocopherol, parfum, apium graveolens seed extract, serine, glutamic acid, aspartic acid, leucine, alanine, lysine, arginine, tyrosine, phenylalanine, threonine, proline, valine, isoleucine, histidine","[""panthenol"", ""aloe barbadensis leaf extract"", ""tocopherol"", ""arginine""]",https://www.sociolla.com/hair-serum/78250-set-the-oil-free-sensitive-and-oily-care-scalp-serum,2/28/2026
P144,calm it down! sensitive & dry care scalp serum,Wonderlux,Scalp Serum,112050,75,ml,"aqua, lactobacillus ferment, butylene glycol, lactococcus ferment, saccharomyces ferment, propanediol maltodextrin, panthenol, chlorphenesin, phenoxyethanol, polyacrylate crosspolymer-6, madecassoside, propylene glycol, 1, 2-hexanediolschinus terebinthifolius seed extract, glycerin, pelvetia canaliculata extract, pogostemon cablin leaf extract, aloe barbadensis extract, laminaria digitata extract, ceramide 3, glycine, serine, glutamic acid, aspartic acid, leucine, alanine, lysine, arginine, tyrosine, phenylalanine, threonine, proline, valine, isoleucine, histidine","[""panthenol"", ""glycerin"", ""aloe barbadensis leaf extract"", ""arginine""]",https://www.sociolla.com/hair-serum/79840-calm-it-down-sensitive-and-dry-care-scalp-serum,2/28/2026
P145,color shield conditioner 250ml,CBD Professional,Conditioner,52800,250,ml,"aqua, cetearyl alcohol, dimethicone, behentrimonium, chloride, glycerin, glyceryl stearate, hydroxypropyl starch phosphate, perfume, phenoxyethanol, cetrimonium chloride, peg-100 strearate, isopropanol, benzotriazolyl dodecyl p-cresol, bht, disodium edta, panthenol, sodium metabisulfite, punica granatum fruit extract, propylene glycol, aminomethyl propanol, citric acid, alcohol, peg-40 hydrogenated castor oil, tocopherol, dmdm hydantoin, vitis vinifera seed extract","[""dimethicone"", ""glycerin"", ""panthenol"", ""tocopherol""]",https://www.sociolla.com/hair-tonic/28181-salon-daily-redensifying-hair-tonic-spray-bottle,2/28/2026
P146,osweet singapore amino acid protein conditioner,O'sweet Singapore,Conditioner,166470,100,ml,"hydrolyzed wheat protein, lactic acid, propylparaben, sodium lauroyl hydrolyzed silk, trideceth-12, aqua, behentrimonium chloride, cetearyl alcohol, cetrimonium chloride, cetyl alcohol, hydroxyethylcellulose, methylisothiazolinone, methylparaben, parfum, snail secretion filtrate, zingiber officinale extract, hyaluronic acid","[""hydrolyzed wheat protein"", ""lactic acid"", ""hydrolyzed silk""]",https://www.sociolla.com/conditioner/88951-o-sweet-singapore-amino-acid-protein-conditioner,2/28/2026
P148,real tamanu cold pressed tamanu oil soothing scalp serum,Rated Green,Scalp Serum,299000,100,ml,"alcohol denat, water, butylene glycol, octyldodeceth-16, polysorbate 20, menthol, propanediol, citrus aurantium bergamia fruit oil, pelargonium graveolens flower oil, lavandula angustifolia oil, ganoderma lucidom extract, salvia officinalis oil, pogostemon cablin oil, citrus aurantium dulcis peel oil, calophyllum inophyllum seed oil, inulin, polyquatemium-10, glycerin, polyglyceryl-10 isostearate, polyglyceryl-10 oleate, pentylene glycol, 1, 2-hexanediol, octanediol, ethylhexylglycerin, peg-60 hydrogenated castor oil, caprylyl glycol, limonene, linalool, citronellol, geraniol","[""menthol"", ""glycerin""]",https://www.sociolla.com/hair-tonic/94661-real-tamanu-cold-pressed-tamanu-oil-soothing-scalp-serum,2/28/2026
P149,extra moist & shine hair mask,Moist Diane,Hair Mask,101150,150, gr,"water, cetearyl alcohol, dimethicone, steartrimonium chloride, glycerin, ricinus communis seed oil, propanediol, quaternium-33, gamma-docosalactone, terminalia ferdinandiana fruit extract, microcitrus australasica fruit extract, glucose, butylene glycol, prunus domestica seed extract, c12-13 alkyl glyceryl hydrolyzed hyaluronate, urea, keratin, hydrolyzed conchiolin protein, hydroxypropyltrimonium hyaluronate, malus domestica fruit cell culture extract, platinum powder, collagen, hylocereus undatus fruit extract, isomalt, ppg-3 caprylyl ether, hydrolyzed keratin, hydrolyzed hyaluronic acid, hydrolyzed collagen, sodium hyaluronate, locust bean hydroxypropyltrimonium chloride, cetearamidoethyl diethonium hydrolyzed rice protein, starch hydroxypropyltrimonium chloride, polyglyceryl-2 isostearate dimer dilinoleate copolymer, ethylhexyl palmitate, pouteria sapota seed oil, cocos nucifera oil, shorea stenoptera seed butter, sclerocarya birrea seed oil, theobroma grandiflorum seed butter, mangifera indica seed oil, argania spinosa kernel oil, ceramide ng, glycine soja sterols, ceramide 5, ceramide np, ceramide ap, ceramide eop, bis-behenyl isostearyl phytosteryl dimer dilinoleyl dimer dilinoleate, carapa guaianensis seed oil, adansonia digitata seed oil, prunus armeniaca kernel oil, hydrogenated apricot kernel oil, hydrogenated argania spinosa kernel oil, hydrogenated castor oil isostearate, bis- dimethicone, dimethiconol, sodium lactate, cholesterol, sodium chloride, sodium bicarbonate, argania spinosa callus culture extract, peg-90m, cellulose gum, xanthan gum, glyceryl tri-hydrogenated rosinate, lecithin, dicocodimonium chloride, cetrimonium chloride, quaternium-18, behentrimonium chloride, trigonella foenum-graecum hydroxypropyltrimonium chloride, isopropyl alcohol, propylene glycol, alcohol denat, lactic acid, tocopherol, disodium edta, phenoxyethanol, sodium benzoate, fragrance, caramel","[""dimethicone"", ""glycerin"", ""ricinus communis seed oil"", ""keratin"", ""hydrolyzed collagen"", ""hydrolyzed keratin"", ""sodium hyaluronate"", ""argania spinosa kernel oil"", ""ceramide np"", ""lactic acid"", ""tocopherol""]",https://www.sociolla.com/hair-tonic/94661-real-tamanu-cold-pressed-tamanu-oil-soothing-scalp-serum,2/28/2026
P150,lavender biotin purple conditioner,Beamarry New York,Conditioner,146881,380, ml,"cyclopentasiloxane, isododecane ethylhexyl palmitate, dimethiconol, dimethicone parfum, olea europea fruit oil argania spinosa kernel oil, orbignya oleifera seed oil tocopheryl acetate, ci 15985, simmondsia chinensis seed oil butyrospermum parkii, cocos nucifera oil helianthus annuus seed oil","[""dimethicone"", ""argania spinosa kernel oil"", ""tocopheryl acetate"", ""butyrospermum parkii""]",https://www.sociolla.com/conditioner/85235-lavender-biotin-purple-conditioner,2/28/2026
P151,t1 pure care system micellar conditioner bottle,Makarizo,Conditioner,56500,180, ml,"water, cyclotetrasiloxane, cetearyl alcohol, behentrimonium chloride, dimethicone, fragrance, amodimethicone, glyceryl stearate, phenoxyethanol, polyquaternium-47, ceteareth-20, ethylhexyl palmitate, cyclopentasiloxane, hydroxyethylcellulose, guar hydroxypropyltrimonium chloride, menthol, tetrasodium edta, panthenol, ethylhexylglycerin, cetrimonium chloride, menthyl lactate, camellia sinensis leaf extract, sodium benzoate, niacinamide, aesculus hippocastanum seed extract, yeast extract, ammonium glycyrrhizate, zinc gluconate, caffeine, potassium sorbate, biotin","[""dimethicone"", ""amodimethicone"", ""menthol"", ""panthenol"", ""camellia sinensis leaf extract"", ""niacinamide"", ""aesculus hippocastanum seed extract"", ""zinc gluconate"", ""caffeine"", ""biotin""]",https://www.sociolla.com/conditioner/76964-t1-pure-care-system-micellar-conditioner-bottle,3/2/2026
P153,real shea real change treatment,Rated Green,Conditioner,219000,240, ml,"glycerin, water, cyclopentasiloxane, dimethicone, cetearyl alcohol, dicaprylyl carbonate, propylene glycol, steartrimonium chloride, behentrimonium chloride, butyrospermum parkii butter, glycine soja seed extract, citrus aurantium dulcis peel oil, avena sativa kernel protein, aloe barbadensis leaf juice, hydroxyethylcellulose, quaternium-80, cetyl esters, dipropylene glycol, pentylene glycol, 1, 2-hexanediol, butylene glycol, octanediol, tocopherol, et hylhexylglycerin, citric acid, stearyl alcohol, sodium benzoate, potassium sorbate, fragrance, limonene, linalool, citronellol, benzyl benzoate, geraniol, benzyl salicylate","[""glycerin"", ""dimethicone"", ""butyrospermum parkii"", ""tocopherol""]",https://www.sociolla.com/conditioner/14643-real-shea-real-change-treatment,3/2/2026
P154,hair spa smooth keratin,lae sa luay,Conditioner,85000,250,ml,"water, cetearyl alcohol, mineral oil, jojoba oil peg-8 esters, pearl powder, citric acid, methyl paraben, vitamin b5, olea europaea fruit oil, keratin","[""olea europaea oil"", ""keratin""]",https://www.sociolla.com/conditioner/64111-hair-spa,3/2/2026
P155,o'sweet singapore amino acid protein conditioner,O'sweet Singapore,Conditioner,179000,100,ml,"komposisi: hydrolyzed wheat protein, lactic acid, propylparaben, sodium lauroyl hydrolyzed silk, trideceth-12, aqua, behentrimonium chloride, cetearyl alcohol, cetrimonium chloride, cetyl alcohol, hydroxyethylcellulose, methylisothiazolinone, methylparaben, parfum, snail secretion filtrate, zingiber officinale extract, hyaluronic acid","[""hydrolyzed wheat protein"", ""lactic acid"", ""hydrolyzed silk""]",https://www.sociolla.com/conditioner/88951-o-sweet-singapore-amino-acid-protein-conditioner,3/2/2026
P156,premium ex damage care & repair conditioner,Tsubaki,Conditioner,179900,450,ml,"ingredients: aqua, stearyl alcohol, isopentyldiol, behentrimonium chloride, glycerin, dimethicone, sorbitol, cetyl alcohol, dipropylene glycol, isopropyl alcohol, fragrance, aminopropyl dimethicone, isopropyl myristate, sodium methyltaurate, peg-2 laurate, salicylic acid, sodium benzoate, phenoxyethanol, c13-16 isoparaffin, polysilicone-13, steartrimonium chloride, laurtrimonium chloride, c10-13 isoparaffin, squalane, disodium edta, camellia japonica seed oil, butylene glycol, cetrimonium chloride, sodium dilauramidoglutamide lysine, amodimethicone, bis-ethylhexyloxyphenol methoxyphenyl triazine, phytosteryl macadamiate, ppg-2-deceth-12, citrus unshiu peel extract, euc","[""glycerin"", ""dimethicone"", ""salicylic acid"", ""amodimethicone""]",https://www.sociolla.com/conditioner/89607-premium-ex-damage-care-and-repair-conditioner,3/2/2026
P158,premium moist & repair conditioner,Tsubaki,Conditioner,149900,450,ml,"ingredients: aqua, stearyl alcohol, isopentyldiol, behentrimonium chloride, glycerin, dimethicone, cetyl alcohol, isopropyl alcohol, fragrance, dipropylene glycol, isopropyl myristate, aminopropyl dimethicone, peg-2 laurate, sodium benzoate, phenoxyethanol, sodium methyltaurate, salicylic acid, c13-16 isoparaffin, polysilicone-13, steartrimonium chloride, laurtrimonium chloride, c10-13 isoparaffin, disodium edta, squalane, camellia japonica seed oil, cetrimonium chloride, butylene glycol, sodium dilauramidoglutamide lysine, amodimethicone, phytosteryl octyldodecyl lauroyl glutamate, phytosteryl macadamiate, ppg-2-deceth-12, glycine soja seed extract, bis-ethy","[""glycerin"", ""dimethicone"", ""salicylic acid"", ""amodimethicone""]",https://www.sociolla.com/conditioner/47977-premium-moist-and-repair-conditioner,3/2/2026
P159,in france femme fatale no. 02 hair treatment,jmella,Conditioner,139000,500,ml,"aqua, stearyl alcohol, cetyl alcohol, stearamidopropyl dimethylamine, parfum, cyclopentasiloxane, behentrimonium chloride, dimethicone, glycerin, steartrimonium chloride, phenoxyethanol, isopropyl alcohol, chlorphenesin, propylene glycol, amodimethicone, cetrimonium chloride, disodium edta, trideceth-12, arachidyl alcohol, butylene glycol, myristyl alcohol, cyclotetrasiloxane, trehalose, panthenol, lauryl alcohol, dipropylene glycol, 1, 2-hexanediol, citric acid, fragaria vesca leaf extract, hydrolyzed collagen, glycine, serine, glutamic acid, aspartic acid, leucine, alanine, lysine, arginine, tyrosine, phenylalanine, proline, threonine","[""dimethicone"", ""glycerin"", ""amodimethicone"", ""panthenol"", ""hydrolyzed collagen"", ""arginine""]",https://www.sociolla.com/conditioner/73128-jmella-in-france-femme-fatale-no-02-hair-treatment,3/2/2026
P160,diane extra hair fall control treatment (conditioner) - made in japan,Moist Diane,Conditioner,69000,450,ml,"aqua, ethylhexyl palmitate, cetearyl alcohol, glycerin, steartrimonium chloride, parfum, phenoxyethanol, isopropyl alcohol, bis-behenyl isostearyl phytosteryl dimer dilinoleyl dimer dilinoleate, cetrimonium chloride, polyquaternium-10, dicocodimonium chloride, glyceryl tri-hydrogenated rosinate, disodium edta, butylene glycol, citric acid, isomalt, hydrolyzed keratin, argania spinosa kernel oil, o-cymen-5-ol, mangifera indica seed oil, salicylic acid, alcohol, punica granatum fruit extract, malus domestica fruit cell culture extract, keratin, citrus reticulata peel extract, panax ginseng root extract, wasabia japonica leaf extract, pisum sativum (pea","[""glycerin"", ""hydrolyzed keratin"", ""argania spinosa kernel oil"", ""salicylic acid"", ""keratin"", ""panax ginseng root extract""]",https://www.sociolla.com/conditioner/68247-diane-extra-hair-fall-control-treatment-450-ml-conditioner-made-in-japan,3/2/2026
P161,hair we bloom conditioner,Lavojoy,Conditioner,71900,300,ml,"water, sodium laureth sulfate, sodium chloride, cocamidopropyl hydroxysultaine, cocamide methyl mea, aroma, phenoxyethanol, cocamidopropyl betaine, sodium benzoate, trimethylolpropane tricaprylate tricaprate, coco-glucoside, glyceryl oleate, sodium lauroyl sarcosinate, hydroxypropyl guar hydroxypropyltrimonium chloride, polyquaternium-7, citric acid, glycerin, sodium pca, myristamidopropyl pg-dimonium chloride phosphate, disodium edta, sodium cocamidopropyl pg-dimonium chloride phosphate, phytosteryl oleate, glyceryl behenate, sodium polyaspartate, propylene glycol, ppg-26-buteth-26, butylene glycol, 1, 2-hexanediol, tocopherol, pentylene glycol, hydrogenated palm glycerides citrate, salic","[""glycerin"", ""tocopherol"", ""salicylic acid""]",https://www.sociolla.com/conditioner/82864-hair-we-bloom-conditioner,3/2/2026
P164,premium volume & repair conditioner,Tsubaki,Conditioner,149900,450,ml,"ingredients : aqua, glycerin, stearyl alcohol, behenyl alcohol, steartrimonium chloride, sorbitol, isopropyl myristate, hydrogenated polydecene, fragrance, isopropyl alcohol, amodimethicone, phenoxyethanol, methylparaben, ppg-2-deceth-12, laurtrimonium chloride, squalane, camellia japonica seed oil, polyquaternium-11, lactic acid, aspartic acid, citric acid, butylene glycol, sodium dilauramidoglutamide lysine, phytosteryl octyldodecyl lauroyl glutamate, phytosteryl macadamiate, taurine, glycine soja seed extract, tocopherol, hydroxypropyl arginine lauryl myristyl ether hcl, alcohol","[""glycerin"", ""amodimethicone"", ""lactic acid"", ""tocopherol"", ""arginine""]",https://www.sociolla.com/conditioner/47976-premium-volume-and-repair-conditioner,3/2/2026
P166,salon daily professional conditioner,Makarizo Professional,Conditioner,50400,950, ml,"aqua water, cetearyl alcohol, ethylhexyl palmitate, mineral oil, paraffinum liquidum, propylene glycol, amodimethicone, behentrimonium chloride, fragrance, parfum, aroma, bis pg-amodimethicone, isopropyl alcohol, ceteareth-20, aloe barbadensis leaf extract, c14-15 alcohols, trideceth-10, menthol, steartrimonium chloride, quaternium-10, trideceth-12, lactic acid, phenoxyethanol, menthyl lactate, cyclotetrasiloxane, 5-bromo-5-nitro-1, 3 dioxane, isotridecanol, magnesium nitrate, cmit, methylchloroisothiazolinone, potassium sorbate, sodium benzoate, magnesium chloride, mit, methylisothiazolinone","[""amodimethicone"", ""dimethicone"", ""aloe barbadensis leaf extract"", ""menthol"", ""lactic acid"", ""retinyl palmitate""]",https://www.sociolla.com/conditioner/28177-salon-daily-professional-conditioner,3/2/2026
P167,in france blooming peony no. 01 hair treatment,jmella,Conditioner,139000,500,ml,"aqua, stearyl alcohol, cetyl alcohol, stearamidopropyl dimethylamine, parfum, cyclopentasiloxane, behentrimonium chloride, dimethicone, glycerin, steartrimonium chloride, phenoxyethanol, isopropyl alcohol, chlorphenesin, propylene glycol, amodimethicone, cetrimonium chloride, disodium edta, trideceth-12, arachidyl alcohol, butylene glycol, myristyl alcohol, cyclotetrasiloxane, trehalose, panthenol, lauryl alcohol, dipropylene glycol, 1, 2-hexanediol, citric acid, fragaria vesca leaf extract, hydrolyzed collagen, glycine, serine, glutamic acid, aspartic acid, leucine, alanine, lysine, arginine, tyrosine, phenylalanine, proline, threonine","[""dimethicone"", ""glycerin"", ""amodimethicone"", ""panthenol"", ""hydrolyzed collagen"", ""arginine""]",https://www.sociolla.com/conditioner/73310-jmella-in-france-blooming-peony-no-01-hair-treatment,3/2/2026
P168,texture experience conditioner strawbery yoghurt,Makarizo Professional,Conditioner,88800,250, ml,"aqua water, cetearyl alcohol, behentrimonium chloride, glyceryl stearates, polyquaternium-47, cyclotetrasiloxane, amodimethicone, ceteareth-20, dimethicone, fragrance, parfum, aroma, ceteareth-12, ethylhexyl palmitate, hydroxyethylcellulose, isopropyl alcohol, cyclopentasiloxane, guar hydroxypropyltrimonium chloride, ci 19140, acid yellow 23, yellow 5 lake, yellow no4, dmdm hydantoin, ci 14720, red 3, sodium sulfate, theobroma cacao extract, steartrimonium chloride, quaternium-10, trideceth-12, ci 42090, blue no 1 blue no 4, butylene glycol, iodopropynyl butylcarbamate, magnesium nitrate, cmit, methylchloroisothiazolinone, magnesium chloride, mit, methylisothiazolinone","[""amodimethicone"", ""dimethicone"", ""retinyl palmitate""]",https://www.sociolla.com/conditioner/28175-texture-experience-conditioner-strawbery-yoghurt,3/2/2026
P169,bring me to life! volume and repair conditioner,Wonderlux,Conditioner,69000,160, ml,"aqua, cetearyl alcohol, glycerin, mineral oil, fragrance components and finished fragrances, stearamidopropyl dimethylamine, dimethiconol, behentrimonium chloride, dimethicone, propanediol, ceteareth-22, phenoxyethanol, cetrimonium chloride, hydrolyzed jojoba esters, citric acid, dipropylene glycol, amodimethicone, chlorphenesin, bisamino peg ppg-41 3 aminoethyl pg-propyl dimethicone, laureth-4, laureth-5, laureth-23, peg-55 stearate, disodium edta, bht, xanthan gum, caprylyl glycol, ethyl linoleate, ethyl oleate, crambe abyssinica seed oil, helianthus annuus seed oil, avocado oil, ci 14720, tilia tomentosa bud extra","[""glycerin"", ""dimethicone"", ""amodimethicone""]",https://www.sociolla.com/conditioner/92387-bring-me-to-life-volume-and-repair-conditioner,3/2/2026
P170,organic hair growth / hair loss treatment conditioner,Eucalie,Conditioner,79000,190,ml,"aqua, glycerin, brassicamidopropyl dimethylamine, rosmarinus officinalis leaf oil*, niacinamide, cetearyl alcohol, polyquaternium-7, phenoxyethanol, cetyl alcohol, centella asiatica extract, citric acid, glutamic acid, salicylic acid, mentha piperita oil*, panax ginseng root extract, panthenol, cocos nucifera oil, calophyllum tacamahaca seed oil, tocopherol, hydroxypropyl methylcellulose, tetrasodium edta, hydrolyzed soy protein, propanediol, zinc pca, glucose, ornithine hcl, arginine hcl, citrulline, glucosamine hcl, onion extract, biotin","[""glycerin"", ""rosmarinus officinalis leaf oil"", ""niacinamide"", ""centella asiatica extract"", ""salicylic acid"", ""panax ginseng root extract"", ""panthenol"", ""tocopherol"", ""zinc pca"", ""arginine"", ""biotin""]",https://www.sociolla.com/conditioner/88816-organic-hair-growth-hair-loss-treatment-conditioner,3/2/2026
P171,premium volume & repair treatment,Tsubaki,Conditioner,131900,160,gr,"ingredients : aqua, glycerin, stearyl alcohol, behenyl alcohol, steartrimonium chloride, sorbitol, isopropyl myristate, hydrogenated polydecene, fragrance, isopropyl alcohol, amodimethicone, phenoxyethanol, methylparaben, ppg-2-deceth-12, laurtrimonium chloride, squalane, camellia japonica seed oil, polyquaternium-11, lactic acid, aspartic acid, citric acid, butylene glycol, sodium dilauramidoglutamide lysine, phytosteryl octyldodecyl lauroyl glutamate, phytosteryl macadamiate, taurine, glycine soja seed extract, tocopherol, hydroxypropyl arginine lauryl myristyl ether hcl, alcohol","[""glycerin"", ""amodimethicone"", ""lactic acid"", ""tocopherol"", ""arginine""]",https://www.sociolla.com/conditioner/47980-premium-volume-and-repair-treatment,3/2/2026
P172,premium moist & repair treatment,Tsubaki,Conditioner,131900,160,gr,"ingredients: aqua, glycerin, dimethicone, isopentyldiol, hydrogenated rapeseed alcohol, behentrimonium chloride, stearyl alcohol, sorbitol, isopropyl alcohol, cetyl alcohol, fragrance, aminopropyl dimethicone, phenoxyethanol, hydroxyethyl urea, hydroxypropyl arginine lauryl myristyl ether hcl, sodium benzoate, octyldodecanol, steartrimonium chloride, alcohol, lactic acid, citric acid, ammonium lactate, laurtrimonium chloride, squalane, camellia japonica seed oil, butylene glycol, sodium dilauramidoglutamide lysine, dipropylene glycol, phytosteryl octyldodecyl lauroyl glutamate, phytosteryl macadamiate, aminomethyl propanol, amodimethicone, glycine soja seed e","[""glycerin"", ""dimethicone"", ""arginine"", ""lactic acid"", ""amodimethicone""]",https://www.sociolla.com/conditioner/47978-premium-moist-and-repair-treatment,3/2/2026
P176,texture experience conditioner mint sorbet,Makarizo Professional,Conditioner,88800,250, ml,"aqua water, sodium laureth sulfate, cocamidopropyl betaine, glycerin, polyquaternium-7, sodium chloride, fragrance, parfum, aroma, lauryl lactyl lactate, silicone quaternium-18, peg-120 methyl glucose trioleate, dmdm hydantoin, deceth-7, trideceth-6, dipropylene glycol, propanediol, etidronic acid, menthol, butylene glycol, menthyl lactate, iodopropynyl butylcarbamate, magnesium nitrate, cmit, methylchloroisothiazolinone, magnesium chloride, mit, methylisothiazolinone","[""glycerin"", ""menthol"", ""retinyl palmitate""]",https://www.sociolla.com/conditioner/28174-texture-experience-conditioner-mint-sorbet,3/2/2026
P181,hold me tight pro conditioner spring wonder,Lavojoy,Conditioner,100900,280,ml,"water, cetearyl alcohol, stearamidopropyl dimethylamine lactate, behentrimonium chloride, betaine, trimethylolpropane tricaprylate tricaprate, phenoxyethanol, fragrance, insonoyl isononanoate, isopropyl alcohol, sodium benzoate, distearyldimonium chloride, guar hydroxypropyltrimonium chloride, menthol, citric acid, disodium edta, butylene glycol, panthenol, argania spinosa kernel oil, camellia japonica seed oil, sclerocarya birrea seed oil, zinger officinale root extract, anemarrhena asphodeloides root extract, panax ginseng root extract, propylene glycol, diaminopyrimidine oxide, propanediol, 1, 2-hexanediol, angelica polymorpha multiflorum root extract, biota orientalis leaf ext","[""menthol"", ""panthenol"", ""argania spinosa kernel oil"", ""panax ginseng root extract"", ""diaminopyrimidine oxide""]",https://www.sociolla.com/conditioner/77588-hold-me-tight-pro-conditioner-spring-wonder,3/2/2026
P182,real intensive acid conditioner,la'dor,Conditioner,255000,900,ml,"water, cetearyl alcohol, dimethicone, isopropyl myristate, glycerin, steartrimonium chloride, propylen glycol, lactobacilus fermentasi ekstrak kulit lemon, ekstrak daun rosmarinus officonalis, ekstrak daun eucalyptus globulus, ekstrak buah citrus limon, ekstrak buah citrus aurantifolia, gliceryl stearate se, hydroxyethylcellulose, salicylic acid, cetrimonium chloride, capryril glycol, laureth-20, laureth-3, butylene glycol, disodium phosphate, sodium citrate, polisorbate 60, 1, 2-hexanediol, citric acid, sodium phosphate, ethylhexylglycerin, phenoxyethanol, ci 42090, ci 17200, fragrance","[""dimethicone"", ""glycerin"", ""salicylic acid""]",https://www.sociolla.com/conditioner/86414-lador-real-intensive-acid-conditioner,3/2/2026
P184,collagen repair conditioner 250ml,CBD Professional,Conditioner,72000,250,ml,"aqua, cetearyl alcohol, perfume, glycerin, behentrimonium chloride, , cetyl alcohol, dimethicone, phenoxyethanol, glyceryl stearate, isopropanol, cetrimonium chloride, peg-100 stearate, benzotriazolyl dodecyl p-cresol, bht, disodium edta, sodium metabisulfite, rubus idaeus fruit extract, propylene glycol, collagen, panthenol, citric acid, dmdm hydantoin","[""glycerin"", ""dimethicone"", ""hydrolyzed collagen"", ""panthenol""]",https://www.sociolla.com/conditioner/76000-collagen-repair-conditioner-250ml,3/2/2026
P187,t1 intensive care system equalizer conditioner,Makarizo,Conditioner,56500,180, ml,"water, cyclotetrasiloxane, cetearyl alcohol, behentrimonium chloride, dimethicone, amodimethicone, glyceryl stearate, phenoxyethanol, fragrance, polyquaternium-47, ceteareth-20, ethylhexyl palmitate, cyclopentasiloxane, hydroxyethylcellulose, guar hydroxypropyltrimonium chloride, tetrasodium edta, panthenol, ethylhexylglycerin, hydrolyzed silk pg-propyl methylsilanediol crosspolymer, cetrimonium chloride, sodium benzoate, phytantriol","[""dimethicone"", ""amodimethicone"", ""panthenol"", ""hydrolyzed silk""]",https://www.sociolla.com/conditioner/76962-t1-intensive-care-system-equalizer-conditioner,3/2/2026
P189,elseve hyaluron pure conditioner,L'Oreal Paris,Conditioner,87000,265,ml,"aqua water, glycerin, cetearyl alcohol, distarch phosphate, quaternium-87, dimethicone, ci 17200 red 33, ci 42090 blue 1, lactic acid, sodium hyaluronate, phenoxyethanol, steareth-6, acetic acid, peg-150 decyl alcohol smdi copolymer, peg-100 stearate, behentrimonium chloride, trideceth-10, trideceth-3, chlorhexidine digluconate, salicylic acid, propylene glycol, amodimethicone, isopropyl alcohol, parfum fragrance","[""glycerin"", ""dimethicone"", ""lactic acid"", ""sodium hyaluronate"", ""salicylic acid"", ""amodimethicone""]",https://www.sociolla.com/conditioner/89820-elseve-hyaluron-pure-conditioner,3/2/2026
P190,keratin pro daily conditioner,CBD Professional,Conditioner,63000,250,ml,"aqua, cetearyl alcohol, glycerin, dimethicone, behentrimonium chloride, glyceryl stearate, perfume, hydroxypropyl starch phosphate, phenoxyethanol, cetrimonium chloride, peg-100 stearate, isopropanol, sodium metabisulfite, bht, disodium edta, panthenol, aminomethyl propanol, hydrolyzed keratin, citric acid","[""glycerin"", ""dimethicone"", ""panthenol"", ""hydrolyzed keratin""]",https://www.sociolla.com/conditioner/67658-keratin-pro-daily-conditioner-1000ml,3/2/2026
P191,texture experience conditioner black chocolate,Makarizo Professional,Conditioner,88800,250, ml,"aqua water, cetearyl alcohol, behentrimonium chloride, glyceryl stearates, polyquaternium-47, cyclotetrasiloxane, amodimethicone, ceteareth-20, dimethicone, fragrance, parfum, aroma, ceteareth-12, ethylhexyl palmitate, hydroxyethylcellulose, isopropyl alcohol, cyclopentasiloxane, guar hydroxypropyltrimonium chloride, ci 19140, acid yellow 23, yellow 5 lake, yellow no4, dmdm hydantoin, ci 14720, red 3, sodium sulfate, theobroma cacao extract, steartrimonium chloride, quaternium-10, trideceth-12, ci 42090, blue no 1 blue no 4, butylene glycol, iodopropynyl butylcarbamate, magnesium nitrate, cmit, methylchloroisothiazolinone, magnesium chloride, mit, methylisothiazolinone","[""amodimethicone"", ""dimethicone"", ""retinyl palmitate""]",https://www.sociolla.com/conditioner/28172-texture-experience-conditioner-black-chocolate,3/2/2026
P192,intensive care+repair conditioner,creme and tonic,Conditioner,115000,200,ml,"aqua, cetyl alcohol, glycerin, behentrimonium chloride, butyrospermum parkii butter, cetrimonium chloride, amodimethicone, trideceth-6, cetearyl alcohol, hydrolyzed vegetable protein pg-propyl silanetriol, fragrance, hydroxyethylcellulose, phenoxyethanol, dimethicone, laureth-23, polyquaternium-10, laureth-4, macrocystis pyrifera extract, chlorphenesin, citric acid, butylene glycol, ppg-26-buteth-26, peg-40 hydrogenated castor oil, biotinoyl tripeptide-1, ceramide 2, apigenin, oleanolic acid","[""glycerin"", ""butyrospermum parkii"", ""amodimethicone"", ""dimethicone"", ""biotinoyl tripeptide-1"", ""oleanolic acid""]",https://www.sociolla.com/conditioner/89052-intensive-care-repair-conditioner,3/2/2026
P193,elseve hyaluron moisture conditioner,L'Oreal Paris,Conditioner,87000,265,ml,"ingredients bahan-bahan: aqua water, cetearyl alcohol, dimethicone, glycerin, behentrimonium chloride, ci 17200 red 33, ci 42090 blue 1, lactic acid, sodium laureth sulfate, sodium hydroxide, sodium hyaluronate, phenoxyethanol, limonene, amodimethicone, isopropyl alcohol, cetrimonium chloride, parfum fragrance ","[""dimethicone"", ""glycerin"", ""lactic acid"", ""sodium hyaluronate"", ""amodimethicone""]",https://www.sociolla.com/conditioner/71767-elseve-hyaluron-moisture-conditioner,3/2/2026
P194,premium cool & repair conditioner,Tsubaki,Conditioner,149900,450,ml,"aqua, isopentyldiol, behentrimonium chloride, glycerin, stearyl alcohol, dimethicone, behenyl alcohol, cetyl alcohol, isopropyl alcohol, fragrance, dipropylene glycol, menthol, isopropyl myristate, peg-2 laurate, sodium benzoate, phenoxyethanol, amodimethicone, sodium methyltaurate, salicylic acid, hydroxyethyl urea, aminopropyl dimethicone, ppg-2-deceth-12, steartrimonium chloride, c13-16 isoparaffin, lactic acid, polysilicone-13, disodium edta, squalane, camellia japonica seed oil, c10-13 isoparaffin, ammonium lactate, butylene glycol, sodium dilauramidoglutamide lysine, ethylhexyl palmitate, bis-ethylhexyloxyphenol methoxyphenyl triazine, cetrimonium chloride, phytosteryl octyldodecyl ","[""glycerin"", ""dimethicone"", ""menthol"", ""amodimethicone"", ""salicylic acid"", ""lactic acid""]",https://www.sociolla.com/conditioner/90638-premium-cool-and-repair-conditioner,3/2/2026
P195,texture experience conditioner vanilla milk,Makarizo Professional,Conditioner,88800,250, ml,"aqua water, cetearyl alcohol, behentrimonium chloride, glyceryl stearates, polyquaternium-47, cyclotetrasiloxane, amodimethicone, ceteareth-20, dimethicone, fragrance, parfum, aroma, ceteareth-12, ethylhexyl palmitate, hydroxyethylcellulose, isopropyl alcohol, cyclopentasiloxane, guar hydroxypropyltrimonium chloride, ci 19140, acid yellow 23, yellow 5 lake, yellow no4, dmdm hydantoin, ci 14720, red 3, sodium sulfate, theobroma cacao extract, steartrimonium chloride, quaternium-10, trideceth-12, ci 42090, blue no 1 blue no 4, butylene glycol, iodopropynyl butylcarbamate, magnesium nitrate, cmit, methylchloroisothiazolinone, magnesium chloride, mit, methylisothiazolinone","[""amodimethicone"", ""dimethicone"", ""retinyl palmitate""]",https://www.sociolla.com/conditioner/28176-texture-experience-conditioner-vanilla-milk,3/2/2026
P197,hold my strands! hair fall treatment conditioner,Wonderlux,Conditioner,69000,160, ml,"aqua, cetearyl alcohol, glycerin, mineral oil, fragrance components and finished fragrances, stearamidopropyl dimethylamine, dimethiconol, behentrimonium chloride, dimethicone, propanediol, ceteareth-22, phenoxyethanol, sodium pca, cetrimonium chloride, hydrolyzed jojoba esters, citric acid, dipropylene glycol, amodimethicone, chlorphenesin, bisamino peg ppg-41 3 aminoethyl pg-propyl dimethicone, laureth-4, laureth-5, laureth-23, peg-55 stearate, disodium edta, bht, xanthan gum, caprylyl glycol, tetrasodium disuccinoyl cystine, hydroxypropylgluconamide, hydroxypropylammonium gluconate, ci 14720, ci 18965, tartaric acid, arginine, glycine, sodium benzoa","[""glycerin"", ""dimethicone"", ""amodimethicone"", ""arginine""]",https://www.sociolla.com/conditioner/92386-hold-my-strands-hair-fall-treatment-conditioner,3/2/2026
P199,out of my head conditioner,Lavojoy,Conditioner,71900,300,ml,"water, cetearyl alcohol, glycerin, dimethicone, behentrimonium chloride, bis-aminopropyl dimethicone, phenoxyethanol, aroma, isopropyl alcohol, hydroxyethylcellulose, chlorphenesin, dimethiconol, acrylamidopropyltrimonium chloride acrylamide copolymer, disodium edta, citric acid, squalane, polysorbate 60, disodium phosphate, keratin, hydrolyzed keratin, oxidized keratin, salicylic acid, sodium phosphate, yeast extract, phragmites communis extract, zea mays silk extract, oryza sativa extract, aloe barbadensis leaf extract, 1, 2-hexanediol, butylene glycol, malva sylvestris flower leaf stem extract, ethylhexylglycerin","[""glycerin"", ""dimethicone"", ""keratin"", ""hydrolyzed keratin"", ""salicylic acid"", ""aloe barbadensis leaf extract""]",https://www.sociolla.com/conditioner/82403-out-of-my-head-conditioner,3/2/2026
P202,hello bubble all star strengthening conditioner,Mise En Scène,Conditioner,159000,500,ml,"[ingredients] water aqua eau, glycerin, dipropylene glycol, dimethicone, cetyl alcohol, stearyl alcohol, behentrimonium chloride, fragrance parfum, caprylyl glycol, disodium edta, ethylhexylglycerin, hexyl cinnamal, benzyl salicylate, butylene glycol, punica granatum fruit extract, biotin, tocopherol, camellia sinensis leaf extract","[""glycerin"", ""dimethicone"", ""biotin"", ""tocopherol"", ""camellia sinensis leaf extract""]",https://www.sociolla.com/conditioner/83540-hello-bubble-all-star-strengthening-conditioner,3/2/2026
P203,tea tree calming scalp treatment,la'dor,Conditioner,230000,330,ml,"aqua, cetearyl alcohol, propylene glycol, dimethicone, steartrimonium chloride, amodimethicone, glycerin, glyceryl stearate se, mineral oil, menthol, peg-45m, hydroxyacetophenone, olea europaea fruit oil, sodium pca, fragrance, trideceth-12, betaine, ethylhexyl methoxycinnamate, laureth-20, laureth-3, limonene, linalool, cetrimonium chloride, disodium edta, silica, silica, citric acid, phenoxyethanol, 1, 2-hexanediol, dipropylene glycol, benzyl benzoate, citronellol, pentylene glycol, geraniol, hexyl cinnamal, melaleuca alternifolia leaf extract, piroctone olamine, centella asiatica extract, ci 19140, citrus unshiu peel extract, bht, origanum vulgare leaf extract, melissa officinalis extra","[""dimethicone"", ""amodimethicone"", ""glycerin"", ""menthol"", ""olea europaea oil"", ""piroctone olamine"", ""centella asiatica extract""]",https://www.sociolla.com/conditioner/94776-lador-tea-tree-calming-scalp-treatment,3/2/2026
P204,ciara hair conditioner repair treatment with kerascalp,Ciara,Conditioner,79000,275, ml,"hero ingredient : horse chesnut seed extract, protein, multivitamin","[""hydrolyzed wheat protein""]",https://www.sociolla.com/conditioner/89028-ciara-hair-conditioner-repair-treatment-with-kerascalp,3/2/2026
P206,rosemary tea tree energy conditioner,Beamarry New York,Conditioner,227184,380,ml,"aqua, cetearyl alcohol, ethylhexyl palmitate, steartrimonium chloride, dimethicone glyceryl stearate, hydroxyethyl cellulose, dmdm hydantoin, parfum, glycerin, propylene glycol phenoxyethanol, kératin, panthenol, macadamia ternifolia seed oil argania spinosa kernel oil, hydrolyzed keratin, oxidize d keratin, ci 19140, sericin, ci 75470","[""dimethicone"", ""glycerin"", ""panthenol"", ""argania spinosa kernel oil"", ""hydrolyzed keratin"", ""keratin""]",https://www.sociolla.com/conditioner/85222-rosemary-tea-tree-energy-conditioner,3/2/2026
P207,serum original conditioner,Mise En Scène,Conditioner,149000,530,mL,"ingredients : water aqua eau, glycerin, dipropylene glycol, cetyl alcohol, stearyl alcohol, dimethicone, behentrimonium chloride, isopropyl alcohol, fragrance parfum, hydroxyethylcellulose, ethylhexylglycerin, disodium edta, yellow 5, yellow 6, tocopherol, simmondsia chinensis seed oil, olea europaea fruit oil, prunus armeniaca kernel oil, argania spinosa kernel oil, camellia japonica seed oil, cocos nucifera oil, red 33, blue 1, coco-caprylate caprate, sclerocarya birrea seed oil, glycolipids","[""glycerin"", ""dimethicone"", ""tocopherol"", ""simmondsia chinensis seed oil"", ""olea europaea oil"", ""argania spinosa kernel oil""]",https://www.sociolla.com/conditioner/83503-serum-original-conditioner,3/2/2026
P208,hair expert hair conditioner,Safi,Conditioner,49900,160, gr,"aqua water, dimethicone, stearyl alcohol, cetearyl alcohol, propylene glycol, behentrimonium chloride, cetrimonium chloride, amodimethicone, bis-aminopropyl dimethicone, olea europaea fruit oil, bht, tetrasodium edta, citric acid, nigella sativa seed oil, niacinamide, nicotinamide, charcoal powder, maltodextrin, calcium pantothenate, sodium ascorbyl phosphate, amylodextrin, tocopheryl acetate, pyridoxine hcl, silica, fragrance, parfum, aroma, dmdm hydantoin, ci 19140, acid yellow 23, yellow 5 lake, yellow no4, ci 15985, yellow 6, silicone quaternium-16, peg-14m, sodium hydroxide, argania spinosa kernel oil, sodium chloride","[""dimethicone"", ""amodimethicone"", ""olea europaea oil"", ""niacinamide"", ""sodium ascorbyl phosphate"", ""tocopheryl acetate"", ""argania spinosa kernel oil""]",https://www.sociolla.com/conditioner/25184-hair-expert-hair-conditioner,3/2/2026
P209,tresemme conditioner for bleached hair color radiance & repair 250ml,TRESemmé,Conditioner,124200,250, ml,"water, cetearyl alcohol, dimethicone, behentrimonium chloride, perfume, dipropylene glycol, strearamidopropyl dimethylamine, amodimethicone, sodium chloride, lactic acid disodium edta, phenoxyethanol, peg-7 propylheptyl ether, cetrimonium chloride, cyclotetrasiloxane, magnesium nitrate, helianthus annuus seed oil, glycine soja phytoplacenta extract, sodium sulfate, methylchloroisothiazolinone, magnesium chloride, methylisothiazolinone, glycerin, acetic acid, calcium chloride, ci 60730","[""dimethicone"", ""amodimethicone"", ""lactic acid"", ""glycerin""]",https://www.sociolla.com/conditioner/48649-kem-xa-color-radiance-and-repair-toc-tay,3/2/2026
P212,conditioner nutri shine,wardah,Conditioner,27500,170, ml,"fragrance, disodium edta, ethylhexylglycerin, butylene glycol, argania spinosa kernel oil, phytosteryl octyldodecyl lauroyl glutamate, vitis vinifera seed extract","[""argania spinosa kernel oil""]",https://www.sociolla.com/conditioner/9620-conditioner-nutri-shine,3/2/2026
P213,herbalism treatment,la'dor,Conditioner,135000,150,ml,"purified water, cetearyl alcohol, propylene glycol, aminopropyl dimethicone, c13-15 alkane, steartrimonium chloride, dimethicone, cetrimonium chloride, cetyl alcohol, stearamidopropyl dimethylamine, c12-14 sec-pareth-7, amodimethicone, trideceth-12, camellia japonica seed oil, vitis vinifera seed oil, argania spinosa kernel oil, glyceryl stearate se, hydroxyethylcellulose, 1, 2-hexanediol, hamamelis virginiana leaf extract, salvia officinalis leaf extract, melissa officinalis leaf extract, mentha piperita extract, lavandula angustifolia extract, houttuynia cordata extract, eucalyptus globulus leaf extract, arginine, leucine, tryptophan, ","[""dimethicone"", ""amodimethicone"", ""argania spinosa kernel oil"", ""hamamelis virginiana extract"", ""arginine""]",https://www.sociolla.com/conditioner/59453-lador-herbalism-treatment,3/2/2026
P214,diane be true damage repair healthy treatment 400ml,Moist Diane,Conditioner,155000,400,ML,"aqua, cetearyl alcohol, dimethicone, ricinus communis seed oil, polyepsilon-lysine, glucose, butylene glycol, hydrolyzed pea protein, ocimum sanctum leaf extract, persea gratissima oil, argania spinosa kernel oil, butyrospermum parkii butter, ethylhexyl palmitate, bis-behenyl isostearyl phytosteryl dimer dilinoleyl dimer dilinoleate, opuntia ficus-indica seed oil, hydrogenated castor oil isostearate, dimethiconol, sodium lactate, hydroxyethylcellulose, glyceryl tri-hydrogenated rosinate, steartrimonium chloride, cetrimonium chloride, dicocodimonium chloride, isopropyl alcohol, lactic acid, disodium edta, phenoxyethanol, fragrance components and finished fragrance","[""dimethicone"", ""ricinus communis seed oil"", ""hydrolyzed wheat protein"", ""argania spinosa kernel oil"", ""butyrospermum parkii"", ""lactic acid""]",https://www.sociolla.com/conditioner/80757-diane-be-true-damage-repair-healthy-treatment-400ml,3/2/2026
P216,rose oil orchid nourish conditioner,Beamarry New York,Conditioner,227184,380,ml,"aqua cetearyl alcohol, amodimethicone peg-100 stearate, isopropyl myristate, hydroxyethylcellulose glyceryl stearate, dmdm hydantoin, parfum, glycerin, propylene glycol, lactic acid, phenoxyethanol trideceth-10, c 60730, cetrimonium chloride, macadamia ternifolia seed oil argania spinosa kernel oil, panthenol, biotin, lavandula angustifolia extract, keratin, hydrolyzed keratin, oxidized keratin, aven satia kernel extract, tremella fuciformis extract, opuntia streptacantha stem extract, centella asiatica extract","[""dimethicone"", ""glycerin"", ""lactic acid"", ""argania spinosa kernel oil"", ""panthenol"", ""biotin"", ""keratin"", ""hydrolyzed keratin"", ""centella asiatica extract""]",https://www.sociolla.com/conditioner/85226-rose-oil-orchid-nourish-conditioner,3/2/2026
P217,extra vital treatment,Moist Diane,Conditioner,136000,450, ml,"aqua, cetearyl alcohol, dimethicone, steartrimonium chloride, parfum, phenoxyethanol, bis-behenyl isosteryl phytosteryl dimer dilinoleyl dime dilinoleate, hydrogenated castor oil isostearate, ethylhexyl palmitate, ricinus communis seed oil, isopropyl alcohol, cetrimonium chloride, hydroxyethylcellulose, dimethiconol, glucose, dicocodimonium chloride, glyceryl tri-hydrogenated rosinate [c] hydrogenated glyceryl dehydroabietate tetrahydroabietate, disodium edta, caramel, hydrolyzed silk pg-propyl methylsilanediol, argania spinosa callus culture extract, butylene glycol, alcohol, pisum sativum sprout extract, hydroxypropyltrimonium hydrolyzed keratin, isomalt, pana","[""dimethicone"", ""ricinus communis seed oil"", ""hydrolyzed silk"", ""hydrolyzed keratin"", ""panax ginseng root extract""]",https://www.sociolla.com/conditioner/72040-extra-vital-treatment,3/2/2026
P218,jmella disney in france sparkling rosé no. 05 hair treatment,jmella,Conditioner,154000,500,ml,"aqua, stearyl alcohol, cetyl alcohol, stearamidopropyl dimethylamine, parfum, cyclopentasiloxane, behentrimonium chloride, dimethicone, glycerin, steartrimonium chloride, phenoxyethanol, isopropyl alcohol, chlorphenesin, propylene glycol, amodimethicone, cetrimonium chloride, disodium edta, trideceth-12, arachidyl alcohol, butylene glycol, myristyl alcohol, cyclotetrasiloxane, trehalose, panthenol, lauryl alcohol, dipropylene glycol, 1, 2-hexanediol, citric acid, fragaria vesca leaf extract, hydrolyzed collagen, glycine, serine, glutamic acid, aspartic acid, leucine, alanine, lysine, arginine, tyrosine, phenylalanine, proline, threonine","[""dimethicone"", ""glycerin"", ""amodimethicone"", ""panthenol"", ""hydrolyzed collagen"", ""arginine""]",https://www.sociolla.com/conditioner/85296-jmella-disney-in-france-sparkling-rose-no-05-hair-treatment,3/2/2026
P219,kundal barley yeast scalp care treatment,Kundal,Conditioner,169000,200,ml,"water, stearyl alcohol, dipropylene glycol, cetyl alcohol, behentrimonium chloride, caprylic capric triglyceride, hydrogenated coconut oil, sorbitol, stearamidopropyl dimethylamine, saccharomyces cerevisiae extract, butylene glycol, menthol, alcohol, caprylyl glycol, aspartic acid, ethylhexylglycerin, polyglyceryl-4 caprate, propanediol, glycine soja germ extract, polyglyceryl-10 isostearate, polyglyceryl-6 caprylate, 1, 2-hexanediol, polyglyceryl-10 oleate, maltodextrin, moringa oleifera seed extract, tocopherol, glycerin, biotin, camellia sinensis seed oil, carthamus tinctorius seed oil, galactomyces ferment filtrate, hydroxypropyltrimonium hyaluronate, plukenetia v","[""menthol"", ""tocopherol"", ""glycerin"", ""biotin""]",https://www.sociolla.com/conditioner/83877-kundal-barley-yeast-scalp-care-treatment,3/2/2026
P220,serum styling conditioner,Mise En Scène,Conditioner,149000,530,mL,"ingredients : water aqua eau, glycerin, dipropylene glycol, cetyl alcohol, stearyl alcohol, cetyl ethylhexanoate, behentrimonium chloride, dimethicone, isopropyl alcohol, fragrance parfum, hydroxyethylcellulose, disodium edta, linalool, benzyl benzoate, argania spinosa kernel oil, simmondsia chinensis seed oil, olea europaea fruit oil, prunus armeniaca kernel oil, camellia japonica seed oil, cocos nucifera oil, coco-caprylate caprate, sclerocarya birrea seed oil, glycolipids","[""glycerin"", ""dimethicone"", ""argania spinosa kernel oil"", ""simmondsia chinensis seed oil"", ""olea europaea oil""]",https://www.sociolla.com/conditioner/83505-serum-styling-conditioner,3/2/2026
P222,orange flower shining color conditioner (for colored hair),Dancoly,Conditioner,239000,400, ml,"aqua water, peg-4 sorbitan stearate, glyceryl stearates, polyoxyethylene cetyl-stearyl ether, dimethicone silsesquioxane copolymer, cetrimonium chloride, hyaluronic acid, hydroxypropyl guar, simmondsia chinensis oil peg-8 esters, vitis vinifera seed oil, citrus aurantium amara flower extract, pelargonium graveolens extract, rosa rugosa flower extract, phenoxyethanol","[""dimethicone""]",https://www.sociolla.com/conditioner/9713-orange-flower-shining-color-conditioner-for-colored-hair,3/2/2026
P224,so so so smooth conditioner,Lavojoy,Conditioner,71900,300,ml,"water, cetearyl alcohol, glycerin, dimethicone, behentrimonium chloride, bis-aminopropyl dimethicone, phenoxyethanol, isopropyl alcohol, aroma, chlorphenesin, hydroxyethylcellulose, dimethiconol, acrylamidopropyltrimonium chloride acrylamide copolymer, disodium edta, citric acid, limnanthes alba seed oil, simsmondsia chinensis seed oil, squalane, olea europaea fruit oil, polysorbate 60, disodium phosphate, sodium hyaluronate, sodium phosphate","[""glycerin"", ""dimethicone"", ""simmondsia chinensis seed oil"", ""olea europaea oil"", ""sodium hyaluronate""]",https://www.sociolla.com/conditioner/82866-so-so-so-smooth-conditioner,3/2/2026
P226,ultimate repair leave-in cream,Beamarry New York,Conditioner,278784,220, ml,"aqua, dimethicone, mineral oil, cyclo pentasiloxane, dimethiconol, glycerin, polyacrylamide, cyclohexasiloxane, phenoxyethanol, hydroxyethylcellulose, dmdm hyndanton, c13-14 isoparaffin, parfum, olea europaea fruit oil, peg-14m, panthenol, laureth-7, argania spinosa kernel oil, keratin, hydrolyzed keratin, oxidized keratin, prunus amygdalusdulcis oil, simmondsia chinesis seed oil, butyrospermum parkil, cocos nucifera oil, healianthus annuus seed oil","[""dimethicone"", ""glycerin"", ""olea europaea oil"", ""panthenol"", ""argania spinosa kernel oil"", ""keratin"", ""hydrolyzed keratin"", ""simmondsia chinensis seed oil"", ""butyrospermum parkii""]",https://www.sociolla.com/conditioner/85246-ultimate-repair-leave-in-cream,3/2/2026
P227,sos nourishing conditioner lazy sunday,Lavojoy,Conditioner,29000,300, ml,"spesial ingredients: tir-oil : argan oil: membantu menghidrasi tahan lama jojoba seed oil: mengunci kelembapan, lebih halus, dan bebas kusut grape seed oil: menambah kilau, mengurangi keriting, dan mencegah kerusakan sericin : untuk memelihara dan membantu mencegah kerusakan b5 : membantu menguatkan akar rambut full ingredients: water, cetearyl alcohol, glycerin, dimethicone, steartrimonium chloride, phenoxyethanol, isopropyl alcohol, cocodimonium hydroxypropyl hydrolyzed wheat protein, fragrance, bis-aminopropyl dimethicone, behentrimonium chloride, hydroxyethylcellulose, panthenol, simmondsia chinensis seed oil, vitis vinifera seed oil, capryly","[""glycerin"", ""dimethicone"", ""hydrolyzed wheat protein"", ""panthenol"", ""simmondsia chinensis seed oil""]",https://www.sociolla.com/conditioner/68756-sos-nourishing-conditioner-lazy-sunday,3/2/2026
P231,jmella disney in france blooming peony no. 01 hair treatment,jmella,Conditioner,154000,500,ml,"aqua, stearyl alcohol, cetyl alcohol, stearamidopropyl dimethylamine, parfum, cyclopentasiloxane, behentrimonium chloride, dimethicone, glycerin, steartrimonium chloride, phenoxyethanol, isopropyl alcohol, chlorphenesin, propylene glycol, amodimethicone, cetrimonium chloride, disodium edta, trideceth-12, arachidyl alcohol, butylene glycol, myristyl alcohol, cyclotetrasiloxane, trehalose, panthenol, lauryl alcohol, dipropylene glycol, 1, 2-hexanediol, citric acid, fragaria vesca leaf extract, hydrolyzed collagen, glycine, serine, glutamic acid, aspartic acid, leucine, alanine, lysine, arginine, tyrosine, phenylalanine, proline, threonine","[""dimethicone"", ""glycerin"", ""amodimethicone"", ""panthenol"", ""hydrolyzed collagen"", ""arginine""]",https://www.sociolla.com/conditioner/85293-jmella-disney-in-france-blooming-peony-no-01-hair-treatment,3/2/2026
P234,silver screen conditioner 250ml,CBD Professional,Conditioner,120300,250,ml,"aqua, polyquaternium-7, behentrimonium chloride, dimethicone, cetearyl alcohol, perfume, glycerin, dioleyl phosphate, oleth-5 phosphate, caprylic capric triglyceride, hydroxyethylcellulose, phenoxyethanol, isopropyl alcohol, polyquaternium-10, cetrimonium chloride, bht, panthenol, disodium edta, sodium metabisulfite, citric acid, sunflower oil, tocopheryl acetate, 1, 2-hexanediol, sodium hyaluronate, hyaluronic acid, hydrolyzed hyaluronic acid, hydrolyzed sodium hyaluronate, hydroxypropyltrimonium hyaluronate, potassium hyaluronate, , peg-9 diglycidyl ether sodium hyaluronate crosspolymer, sodium acetylated hyaluronate, ci 60730","[""dimethicone"", ""glycerin"", ""panthenol"", ""tocopheryl acetate"", ""sodium hyaluronate""]",https://www.sociolla.com/conditioner/79469-silver-screen-conditioner-250ml,3/2/2026
P235,extra night repair treatment,Moist Diane,Conditioner,136000,450,ml,"aqua, cetearyl alcohol, dimethicone, triethyl citrate, propanediol, gamma-docosalactone, quaternium-33, mannitol, glucose, keratin, ethylhexyl palmitate, pouteria sapota seed oil, mangifera indica seed oil, bis-ethoxydiglycol cyclohexane 1, 4-dicarboxylate, isononyl isononanoate, isostearoyl hydrolyzed keratin, glycine soja sterols, ceramide ng, argania spinosa kernel oil, ceramide as, ceramide np, ceramide ap, ceramide eop, bis-behenyl isostearyl phytosteryl dimer dilinoleyl dimer dilinoleate, carapa guaianensis seed oil, opuntia ficus-indica seed oil, hydrogenated castor oil isostearate, cellulose, sodium lactate, cholesterol, hydrolyzed keratin, hydroxyethylcellulose, hydroxypropyl meth","[""dimethicone"", ""keratin"", ""hydrolyzed keratin"", ""ceramide np"", ""argania spinosa kernel oil""]",https://www.sociolla.com/conditioner/75980-extra-night-repair-treatment,3/2/2026
P237,perfumed hair treatment,la'dor,Conditioner,245000,380,ml,"aqua, butylene glycol, glycerin, dimethicone, cetearyl alcohol, propylene glycol, behentrimonium chloride, dipropylene glycol, hydrogenated polydecene, fragrance, phenoxyethanol, sodium benzoate, polyquaternium-7, glycine soja oil, disodium edta, avena sativa protein extract, linalool, limonene, caramel, coumarin, 1, 2-hexanediol, gardenia florida fruit extract, citronellol, dextrin, hydroxycitronellal, hydrogenated lechitin, tocopherol, polyglyceryl-10 laurate, polyglyceryl-4 caprate, stearic acid, elastin, keratin, capryl glycol, gelatin, quaternium-33, cholesterol, caprylic capric triglyceride, ceramide np, adansonia digitata seed oil, ceramide as, ceramide ns, ceramide ap, ceramide eop","[""glycerin"", ""dimethicone"", ""tocopherol"", ""keratin"", ""ceramide np""]",https://www.sociolla.com/conditioner/94779-lador-perfumed-hair-treatment,3/2/2026
P238,black bean anti hair loss treatment,Nature Republic,Conditioner,300000,200,ml,"water, glycerin, dipropylene glycol, cetyl alcohol, propylene glycol, stearamidopropyl dimethylamine, glyceryl stearate, polysorbate 60, isoamyl laurate, cetyl ethylhexanoate, behentrimonium chloride, stearyl alcohol, ppg-3 caprylyl ether, steartrimonium chloride, panthenol, caprylyl glycol, zinc pyrithione, mentha piperita oil, polyquaternium-10, citrus aurantifolia oil, salicylic acid, limonene, niacinamide, menthol, betaine, acacia senegal gum, citric acid, hydroxypropyl methylcellulose, peat water, butylene glycol, centella asiatica leaf extract, 1, 2-hexanediol, potassium sorbate, glyci","[""glycerin"", ""panthenol"", ""zinc pyrithione"", ""salicylic acid"", ""niacinamide"", ""menthol"", ""centella asiatica extract""]",https://www.sociolla.com/conditioner/77128-black-bean-anti-hair-loss-treatment,3/2/2026
P239,hydrating conditioner,sukin,Conditioner,215000,500, ml,"olive oil, vit e, shea butter, coconut oil & extract, sesame oil, coconut, lime","[""butyrospermum parkii (shea butter)""]",https://www.sociolla.com/conditioner/28970-hydrating-conditioner,3/2/2026
P241,in france queen 5' no. 04 hair treatment,jmella,Conditioner,139000,500,ml,"aqua, stearyl alcohol, cetyl alcohol, stearamidopropyl dimethylamine, parfum, cyclopentasiloxane, behentrimonium chloride, dimethicone, glycerin, steartrimonium chloride, phenoxyethanol, isopropyl alcohol, chlorphenesin, propylene glycol, amodimethicone, cetrimonium chloride, disodium edta, trideceth-12, arachidyl alcohol, butylene glycol, myristyl alcohol, cyclotetrasiloxane, trehalose, panthenol, lauryl alcohol, dipropylene glycol, 1, 2-hexanediol, citric acid, fragaria vesca leaf extract, hydrolyzed collagen, glycine, serine, glutamic acid, aspartic acid, leucine, alanine, lysine, arginine, tyrosine, phenylalanine, proline, threonine","[""dimethicone"", ""glycerin"", ""amodimethicone"", ""panthenol"", ""hydrolyzed collagen"", ""arginine""]",https://www.sociolla.com/conditioner/73318-jmella-in-france-queen-5-no-04-hair-treatment,3/2/2026
P243,conditioner hair fall,wardah,Conditioner,27500,170, ml,"aqua, cetyl alcohol, dimethicone, bis-aminopropyl dimethicone, stearyl alcohol, behentrimonium methosulfate, phenoxyethanol, octamethylcyclotetrasiloxane, fragrance, hydrolyzed keratin, disodium edta, ethylhexylglycerin, propylene glycol, rosmarinus officinalis oil, peg-40 hydrogenated castor oil, trideceth-9, glucose, lactic acid, panax ginseng root extract, sodium benzoate, potassium sorbate, caramel","[""dimethicone"", ""hydrolyzed keratin"", ""rosmarinus officinalis leaf oil"", ""lactic acid"", ""panax ginseng root extract""]",https://www.sociolla.com/conditioner/9621-conditioner-hair-fall,3/2/2026
P244,pomelo hair conditioner,Cocoon,Conditioner,160000,310,ml,"aqua water, cetearyl alcohol, cetyl alcohol, cocos nucifera oil, caprylic capric triglyceride, glycereth-26, dipalmitoylethyl dimonium chloride, citrus grandis peel oil, panthenol, sodium pca, sodium lactate, arginine, aspartic acid, pca, glycine, alanine, serine, valine, proline, threonine, isoleucine, histidine, phenylalanine, xylitylglucoside, anhydroxylitol, maltitol, xylitol, pelvetia canaliculata extract, epilobium angustifolium flower leaf stem extract, thymus vulgaris extract, triticum vulgare seed extract, calcium pantothenate, pyridoxine hcl, tocopherol, mentha piperita oil, dimethicone, amodimethicone, laureth-23, polyquaternium-10, laureth-4, bis-(iso","[""panthenol"", ""arginine"", ""zinc pca"", ""tocopherol"", ""dimethicone"", ""amodimethicone""]",https://www.sociolla.com/conditioner/59693-pomelo-hair-conditioner,3/2/2026
P245,kundal refreshing anti-dandruff conditioner,Kundal,Conditioner,130000,240,ml,"water, stearyl alcohol, cetyl alcohol, behentrimonium chloride, dipropylene glycol, sorbitol, stearamidopropyl dimethylamine, caprylic capric triglyceride, hydrogenated coconut oil, alcohol, caprylyl glycol, aspartic acid, climbazole, menthol, ethylhexylglycerin, polyglyceryl-4 caprate, propanediol, polyglyceryl-10 isostearate, polyglyceryl-6 caprylate, malt extract, polyglyceryl-10 oleate, tocopherol, maltodextrin, biotin, melaleuca alternifolia leaf oil, panthenol, piroctone olamine, moringa oleifera seed oil, butyl avocadate, dextrin, moringa oleifera seed extract, hydrolyzed hibiscus esculentus extract, lepidium meyenii root extract, butylene glycol, houttuynia cordata extr","[""climbazole"", ""menthol"", ""tocopherol"", ""biotin"", ""melaleuca alternifolia oil"", ""panthenol"", ""piroctone olamine""]",https://www.sociolla.com/conditioner/81320-kundal-refreshing-anti-dandruff-conditioner,3/2/2026
P246,marula repair conditioner,Dancoly,Conditioner,249000,400, ml,"aqua, vinifera seed oil, cetearyl acohol, glycerin, cetylalcohol, ceteareth-33, marula oil, hydroxypropyl guar, dimethicone silsequioxane copolymer, cetrimonium chloride, macadamia ternifolia seed oil, pelargonium graveolens extract, parfum fragrance, iris florentina root extract, phenoxyethanol, citric acid","[""glycerin"", ""dimethicone"", ""macadamia ternifolia seed oil""]",https://www.sociolla.com/conditioner/52713-marula-repair-conditioner,3/2/2026
P247,jmella disney in france queen 5' no. 04 hair treatment,jmella,Conditioner,154000,500,ml,"aqua, stearyl alcohol, cetyl alcohol, stearamidopropyl dimethylamine, parfum, cyclopentasiloxane, behentrimonium chloride, dimethicone, glycerin, steartrimonium chloride, phenoxyethanol, isopropyl alcohol, chlorphenesin, propylene glycol, amodimethicone, cetrimonium chloride, disodium edta, trideceth-12, arachidyl alcohol, butylene glycol, myristyl alcohol, cyclotetrasiloxane, trehalose, panthenol, lauryl alcohol, dipropylene glycol, 1, 2-hexanediol, citric acid, fragaria vesca leaf extract, hydrolyzed collagen, glycine, serine, glutamic acid, aspartic acid, leucine, alanine, lysine, arginine, tyrosine, phenylalanine, proline, threonine","[""dimethicone"", ""glycerin"", ""amodimethicone"", ""panthenol"", ""hydrolyzed collagen"", ""arginine""]",https://www.sociolla.com/conditioner/85295-jmella-disney-in-france-queen-5-no-04-hair-treatment,3/2/2026
P248,in france lime & basil no. 03 hair treatment,jmella,Conditioner,139000,500,ml,"aqua, stearyl alcohol, cetyl alcohol, stearamidopropyl dimethylamine, parfum, cyclopentasiloxane, behentrimonium chloride, dimethicone, glycerin, steartrimonium chloride, phenoxyethanol, isopropyl alcohol, chlorphenesin, propylene glycol, amodimethicone, cetrimonium chloride, disodium edta, trideceth-12, arachidyl alcohol, butylene glycol, myristyl alcohol, cyclotetrasiloxane, trehalose, panthenol, lauryl alcohol, dipropylene glycol, 1, 2-hexanediol, citric acid, fragaria vesca leaf extract, hydrolyzed collagen, glycine, serine, glutamic acid, aspartic acid, leucine, alanine, lysine, arginine, tyrosine, phenylalanine, proline, threonine","[""dimethicone"", ""glycerin"", ""amodimethicone"", ""panthenol"", ""hydrolyzed collagen"", ""arginine""]",https://www.sociolla.com/conditioner/73312-jmella-in-france-lime-and-basil-no-03-hair-treatment,3/2/2026
P249,rose elastic conditioner (for curly hair),Dancoly,Conditioner,239000,400, ml,"aqua, rosa centifola flower extract, aloe leaf extract, glyceryl strearate, vitis vinifera seed oil, ginko biloba leaf extract, peg-4 sorbitan stearate, polyoxyethylene cetyl-stearyl ether, dimethicone silsesquioxane copolymer, cetrimonium cholride, hyaluronic acid, hydroxypropyl guar, jojoba oil peg-8 esters, phenoxyethanol","[""dimethicone""]",https://www.sociolla.com/conditioner/58215-rose-elastic-conditioner-for-curly-hair,3/2/2026
P250,deep cleanse conditioner,sukin,Conditioner,215000,500, ml,"avocado oil, algae, vitamin e, lemon myrtle, wheat protein","[""hydrolyzed wheat protein""]",https://www.sociolla.com/conditioner/61247-deep-cleanse-conditioner,3/2/2026
P252,in france sparkling rosé no. 05 hair treatment,jmella,Conditioner,139000,500,ml,"aqua, stearyl alcohol, cetyl alcohol, stearamidopropyl dimethylamine, parfum, cyclopentasiloxane, behentrimonium chloride, dimethicone, glycerin, steartrimonium chloride, phenoxyethanol, isopropyl alcohol, chlorphenesin, propylene glycol, amodimethicone, cetrimonium chloride, disodium edta, trideceth-12, arachidyl alcohol, butylene glycol, myristyl alcohol, cyclotetrasiloxane, trehalose, panthenol, lauryl alcohol, dipropylene glycol, 1, 2-hexanediol, citric acid, fragaria vesca leaf extract, hydrolyzed collagen, glycine, serine, glutamic acid, aspartic acid, leucine, alanine, lysine, arginine, tyrosine, phenylalanine, proline, threonine","[""dimethicone"", ""glycerin"", ""amodimethicone"", ""panthenol"", ""hydrolyzed collagen"", ""arginine""]",https://www.sociolla.com/conditioner/73320-jmella-in-france-sparkling-rose-no-05-hair-treatment,3/2/2026
P254,ciara conditioner perfector with loquat leaf,Ciara,Conditioner,95000,275, ml,"hero ingredients : loquoat leaf, caffeine, gingseng toot extract, baicapil, biotin","[""caffeine"", ""baicapil"", ""biotin""]",https://www.sociolla.com/conditioner/89033-ciara-conditioner-perfector-with-loquat-leaf,3/2/2026
P255,hello bubble all star smoothing conditioner,Mise En Scène,Conditioner,159000,500,ml,"[ingredients] water aqua eau, glycerin, dipropylene glycol, dimethicone, cetyl alcohol, stearyl alcohol, behentrimonium chloride, caprylic capric triglyceride, fragrance parfum, hydroxyethylcellulose, disodium edta, ethylhexylglycerin, limonene, butylene glycol, punica granatum fruit extract, rosa damascena flower extract, 1, 2-hexanediol, tocopherol, camellia sinensis leaf extract","[""glycerin"", ""dimethicone"", ""tocopherol"", ""camellia sinensis leaf extract""]",https://www.sociolla.com/conditioner/83538-hello-bubble-all-star-smoothing-conditioner,3/2/2026
P256,jmella in france do tyque no. 07 hair treatment,jmella,Conditioner,236000,500,ml,"aqua, stearyl alcohol, cetyl alcohol, stearamidopropyl dimethylamine, parfum, cyclopentasiloxane, behentrimonium chloride, dimethicone, glycerin, steartrimonium chloride, phenoxyethanol, isopropyl alcohol, chlorphenesin, propylene glycol, amodimethicone, cetrimonium chloride, disodium edta, trideceth-12, arachidyl alcohol, butylene glycol, myristyl alcohol, cyclotetrasiloxane, trehalose, panthenol, lauryl alcohol, dipropylene glycol, 1, 2-hexanediol, persea gratissima oil, olea europaea fruit oil, argania spinosa kernel oil, camellia japonica seed oil, citric acid, fragaria vesca leaf extract, hydrolyzed collagen, glyc","[""dimethicone"", ""glycerin"", ""amodimethicone"", ""panthenol"", ""olea europaea oil"", ""argania spinosa kernel oil"", ""hydrolyzed collagen"", ""glycyrrhiza glabra root extract""]",https://www.sociolla.com/conditioner/85268-jmella-in-france-do-tyque-no-07-hair-treatment,3/2/2026
P257,tresemme color gloss conditioner light brunette perawatan rambut berwarna 228g?,TRESemmé,Conditioner,188000,228, gr,"water, cetearyl alcohol, dimethicone, behentrimonium chloride, fragrance, dipropylene glycol, stearamidopropyl dimethylamine, amodimethicone, sodium chloride, lactic acid, disodium edta, phenoxyethanol, peg-7 propylheptyl ether, cetrimonium chloride, magnesium nitrate, hydrolyzed keratin, lysine hcl, gluconolactone, sodium sulfate, trehalose","[""dimethicone"", ""amodimethicone"", ""lactic acid"", ""hydrolyzed keratin""]",https://www.sociolla.com/conditioner/73493-tresemme-color-gloss-conditioner-light-brunette-perawatan-rambut-berwarna-228g,3/2/2026
P258,jmella disney in france femme fatale no. 02 hair treatment,jmella,Conditioner,92400,500,ml,"aqua, stearyl alcohol, cetyl alcohol, stearamidopropyl dimethylamine, parfum, cyclopentasiloxane, behentrimonium chloride, dimethicone, glycerin, steartrimonium chloride, phenoxyethanol, isopropyl alcohol, chlorphenesin, propylene glycol, amodimethicone, cetrimonium chloride, disodium edta, trideceth-12, arachidyl alcohol, butylene glycol, myristyl alcohol, cyclotetrasiloxane, trehalose, panthenol, lauryl alcohol, dipropylene glycol, 1, 2-hexanediol, citric acid, fragaria vesca leaf extract, hydrolyzed collagen, glycine, serine, glutamic acid, aspartic acid, leucine, alanine, lysine, arginine, tyrosine, phenylalanine, proline, threonine","[""dimethicone"", ""glycerin"", ""amodimethicone"", ""panthenol"", ""hydrolyzed collagen"", ""arginine""]",https://www.sociolla.com/conditioner/85294-jmella-disney-in-france-femme-fatale-no-02-hair-treatment,3/2/2026
P259,diane be true smooth repair relax treatment 400ml,Moist Diane,Conditioner,155000,400,ML,"aqua, cetearyl alcohol, dimethicone, ricinus communis seed oil, polyepsilon-lysine, glucose, butylene glycol, hydrolyzed pea protein, brassica oleracea acephala leaf extract, hydrolyzed quinoa, hydrolyzed corn protein, prunus amygdalus dulcis oil, argania spinosa kernel oil, simmondsia chinensis seed oil, ethylhexyl palmitate, bis-behenyl isostearyl phytosteryl dimer dilinoleyl dimer dilinoleate, hydrogenated castor oil isostearate, dimethiconol, sodium lactate, hydroxyethylcellulose, glyceryl tri-hydrogenated rosinate, steartrimonium chloride, cetrimonium chloride, dicocodimonium chloride, isopropyl alcohol, glycerin, disodium edta, phenoxyethanol, fragrance (parf","[""dimethicone"", ""ricinus communis seed oil"", ""hydrolyzed wheat protein"", ""argania spinosa kernel oil"", ""simmondsia chinensis seed oil"", ""glycerin""]",https://www.sociolla.com/conditioner/80755-diane-be-true-smooth-repair-relax-treatment-400ml,3/2/2026
P260,so so so smooth conditioner over the rainbow,Lavojoy,Conditioner,29000,300, ml,"water, cetearyl alcohol, behentrimonium chloride, dimethicone, phenoxyethanol, aroma, sodium benzoate, bis-aminopropyl dimethicone, isopropyl alcohol, argania spinosa kernel oil, sclerocarya birrea seed oil, squalane, camellia japonica seed oil, hydroxyethylcellulose, disodium edta, panthenol, disodium phosphate, polysorbate 60, glycerin, sodium phosphate, terminalia ferdinandiana fruit extract, glycine soja germ extract, citric acid, potassium sorbate","[""dimethicone"", ""argania spinosa kernel oil"", ""panthenol"", ""glycerin""]",https://www.sociolla.com/conditioner/72631-so-so-so-smooth-conditioner-over-the-rainbow,3/2/2026
P261,argan essential deep care conditioner,Nature Republic,Conditioner,275000,300, ml,"water, glycerin, butyrospermum parkii butter, ethylhexyl stearate, cetearyl alcohol, glyceryl stearate se, hydrogenated coco-glycerides, 1, 2-hexanediol, dimethicone, fragrance, glyceryl stearate, peg-100 stearate, carbomer, phenoxyethanol, tromethamine, palmitic acid, stearic acid, caprylyl glycol, caprylic capric triglyceride, prunus serrulata flower extract, ethyl hexanediol, butylene glycol, aloe barbadensis leaf juice, lauroyl lysine, sodium phytate, hydrogenated lecithin, cholesterol, ethylhexylglycerin","[""glycerin"", ""butyrospermum parkii"", ""dimethicone""]",https://www.sociolla.com/conditioner/77153-argan-essential-deep-care-conditioner,3/2/2026
P265,hmns nourishing hair perfume another rose,hmns,Hair Mist,195000,250, ml,"alcohol, water, fragrance, peg-40 hydrogenated castor oil, peg-12 dimethicone, trehalose, glycerine, propylene glycol, phenoxyethanol","[""dimethicone"", ""glycerin""]",https://www.sociolla.com/hair-mist/91685-hmns-nourishing-hair-perfume-another-rose,3/2/2026
P267,hmns nourishing hair perfume darker shade o,hmns,Hair Mist,195000,250, ml,"alcohol, water, fragrance, peg-40 hydrogenated castor oil, peg-12 dimethicone, trehalose, glycerine, propylene glycol, phenoxyethanol","[""dimethicone"", ""glycerin""]",https://www.sociolla.com/hair-mist/91687-hmns-nourishing-hair-perfume-darker-shade-o,3/2/2026
P283,collagen repair hair serum 100ml,CBD Professional,Hair Serum,106500,100,ml,"cyclopentasiloxane, isohexadecane, dimethiconol, dimethicone, caprylic capric triglyceride, isopropyl myristate, perfume, aqua, carthamus tinctorius seed oil, rubus idaeus fruit extract, hydrolyzed collagen, phenoxyethanol","[""dimethicone"", ""hydrolyzed collagen""]",https://www.sociolla.com/hair-serum/76003-collagen-repair-hair-serum-100ml,3/2/2026
P291,detangling perfume hair mist,Rated Green,Hair Serum,169000,1, L,"#1 lemon, freesia, dan musk yang lembut dan segar water, rosmarinus officinalis leaf water, butylene glycol, pentylene glycol, chlorella vulgaris extract, glycine soja seed extract, cocos nucifera fruit extract, cynanchum atratum extract, althaea rosea flower extract, octyldodeceth-16, peg-60 hydrogenated castor oil, 1, 2-hexanediol, glycerin, methylpropanediol, polyquaternium-11, ethylhexylglycerin, glucose, fructooligosaccharides, fructose, panthenol, cetrimonium chloride, citric acid, sodium citrate, octanediol, tocopherol, alcohol denat, fragrance, linalool, hexyl cinnamal, alpha- isomethyl ionone, limonene, citronellol, geraniol, benzyl sali see more","[""glycerin"", ""panthenol"", ""tocopherol""]",https://www.sociolla.com/hair-serum/80044-detangling-perfume-hair-mist,3/2/2026
P299,extraordinary oil pink hair serum,L'Oreal Paris,Hair Serum,184000,100, ml,"aqua water, sodium laureth sulfate, coco-betaine, cocamide mipa, sodium chloride, ci 17200 red 33, cocos nucifera oil coconut oil, lactic acid, tocopherol, sodium benzoate, hydroxycitronellal, hydrolyzed silksodium acetatesodium hydroxide, ppg-5-ceteth-20, peg-55 propylene glycol oleate, polyquaternium-10, salicylic acid, benzyl salicylate, benzyl alcohol, linalool, linum usitatissimum, flowerextract linseed flower extract, amodimethicone, propylene glycol, isopropyl alcohol, caprylic capric triglyceride, geraniol, gardenia tahitensis flower extract, rosa canina flower extract, disodium edta, citric acid, citronellol, laureth-5 carboxylic acid, hexyl cinnamal, glycolic acid, parfum fragrance","[""lactic acid"", ""tocopherol"", ""hydrolyzed silk"", ""salicylic acid"", ""amodimethicone""]",https://www.sociolla.com/hair-serum/8691-extraordinary-oil-pink,3/2/2026
P301,honey dew nutriv serum dusset,Makarizo Professional,Hair Serum,104200,5, ml,"cyclopentasiloxane, cyclohexasiloxane, dimethiconol, dimethicone, vegetable oil, olus oil, honey, tocopheryl acetate, fragrance, parfum, aroma, polysilicone-15, hydrogenated soybean oil, ci 14700, red 4, retinyl palmitate, vit a, ci 26100, red 17, solvent red 23, ascorbyl palmitate","[""dimethicone"", ""tocopheryl acetate"", ""retinyl palmitate""]",https://www.sociolla.com/hair-serum/28182-honey-dew-nutriv-serum-dusset,3/2/2026
P305,keratin protein hair serum,Beamarry New York,Hair Serum,283949,110, ML,"cyclopentasiloxaneisododecane ethylhexyl palmitate, dimethiconol dimethicone parfum, olea europaea jolive fruit oil argania spinosa kernel oil orbignya oleifera seed oil, tocopheryl acetate, ci 15985, simmondsia chinensis seed oil butyrospermum parkii, vitis vinifera seed oil, prunus amygdalus dulcis oil, keratin, hydrolyzed keratin, oxidized keratin","[""dimethicone"", ""argania spinosa kernel oil"", ""tocopheryl acetate"", ""butyrospermum parkii"", ""keratin"", ""hydrolyzed keratin""]",https://www.sociolla.com/hair-serum/85244-keratin-protein-hair-serum,3/2/2026
P311,serum original,Mise En Scène,Hair Serum,179000,80,ml,"ingredients : cyclopentasiloxane, dimethiconol, disiloxane, c12-15 alkyl benzoate, fragrance parfum, argania spinosa kernel oil, simmondsia chinensis seed oil, cocos nucifera oil, limonene, prunus armeniaca kernel oil, sclerocarya birrea seed oil, olea europaea fruit oil, camellia japonica seed oil, coco-caprylate caprate, linalool, citronellol, caprylic capric triglyceride, geraniol, capsicum annuum extract, beta-carotene, tocopherol, glycolipids","[""argania spinosa kernel oil"", ""simmondsia chinensis seed oil"", ""olea europaea oil"", ""tocopherol""]",https://www.sociolla.com/hair-serum/83501-serum-original,3/2/2026
P312,serum styling,Mise En Scène,Hair Serum,179000,80,ml,"ingredients : cyclopentasiloxane, dimethiconol, disiloxane, isododecane, c12-15 alkyl benzoate, cocos nucifera oil, fragrance parfum, argania spinosa kernel oil, camellia japonica seed oil, coco-caprylate caprate, linalool, benzyl benzoate, prunus armeniaca kernel oil, olea europaea fruit oil, simmondsia chinensis seed oil, citronellol, geraniol, alpha-isomethyl ionone, coumarin, hexyl cinnamal, acrylates polytrimethylsiloxymethacrylate copolymer, hydroxycitronellal, glycolipids, sclerocarya birrea seed oil","[""argania spinosa kernel oil"", ""olea europaea oil"", ""simmondsia chinensis seed oil""]",https://www.sociolla.com/hair-serum/83498-serum-styling,3/2/2026
P314,erhair hairgrow kopexil & panax ginseng extract serum,Erha,Hair Serum,315500,8, ml,"kopexil, biotin, niacinamide, arginine, castor oil, zinc gluconate, copper gluconate, aquaxyl, panthenol","[""biotin"", ""niacinamide"", ""arginine"", ""zinc gluconate"", ""panthenol""]",https://www.sociolla.com/hair-serum/9345-erha-hairgrow-serum-,3/2/2026
P317,serum,lae sa luay,Hair Serum,137000,50,ml,"keratin, charcoal extract, aqua, glycol distearate","[""keratin""]",https://www.sociolla.com/hair-serum/64113-serum,3/2/2026
P321,advisor vitamax,Makarizo,Hair Serum,69900,50, ml,"cyclotetrasiloxane, cyclopentasiloxane, dimethiconol, phenyl trimethicone, tocopheryl acetate, perfume, hydrolyzed silk pg-propyl, hydrogenated soya bean oil, retinyl palmitate, ascorbyl palmitate formulated by : crowne solution, llc 720 14th street sacramento ca95814","[""tocopheryl acetate"", ""hydrolyzed silk"", ""retinyl palmitate""]",https://www.sociolla.com/hair-serum/28157-advisor-vitamax,3/2/2026
P324,real mary energizing scalp spray,Rated Green,Hair Serum,225000,120, ml,"alcohol, rosmarinus officinalis leaf water, glycerin, water, methylpropanediol, rosmarinus officinalis leaf oil, menthol, glycine soja seed extract, glycine soja seed extract, anthemis nobilis flower extract, zingiber officinale root extract, lavandula angustifolia extract, origanum vulgare flower leaf stem extract, rosmarinus officinalis extract, thymus vulgaris extr act, biotin, melaleuca alternifolia leaf oil, mentha piperita oil, helianthus annuus seed oil, citrus paradisi fruit extract, citrus limon peel oil, oryza sativa extract, sesa see more","[""glycerin"", ""rosmarinus officinalis leaf oil"", ""menthol"", ""rosmarinus officinalis leaf extract"", ""biotin"", ""melaleuca alternifolia oil""]",https://www.sociolla.com/hair-serum/14648-real-mary-energizing-scalp-spray,3/2/2026
P327,hold my strands! hair fall treatment scalp serum,Wonderlux,Hair Serum,185000,75,ml,"aqua, butylene glycol, tetrasodium, disuccinoyl cystine, propanediol, ammonium polyacryloyldimethyl taurate, hydroxypropylgluconamide, niacinamide, aloe barbadensis extract, oryza sativa bran water, hydroxypropylammonium gluconate, glycerin, ethanol, pathenol, chlorphenesin, phenoxyethanol, zingiber officinale extract, ppg-26-buteth-26, peg-40 hydrogenated castor oil, phyllanthus emblica fruit extract, bioflavonoids, glycine, apigenin, serine, glutamic acid, oleanolic acid, aspartic acid, leucine, biotinoyl tripeptide-1, alanine, lysine, arginine, tyrosine, phenylalanine, threonine, proline, valine, isoleucine, histidine","[""niacinamide"", ""aloe barbadensis leaf extract"", ""glycerin"", ""panthenol"", ""oleanolic acid"", ""biotinoyl tripeptide-1"", ""arginine""]",https://www.sociolla.com/hair-serum/82735-hold-my-strands-hair-fall-treatment-scalp-serum,3/2/2026
P328,grev peptide organic grey hair serum untuk uban,Eucalie,Hair Serum,299000,30,ml,"greyverse, acetyl tetrapeptide-3, trifolium pratense flower extract, organic castor oil","[""acetyl tetrapeptide-3""]",https://www.sociolla.com/hair-serum/82739-grev-peptide-organic-grey-hair-serum-untuk-uban,3/2/2026
P405,in france sparkling rosé no. 05 hair shampoo,jmella,Shampoo,129000,500,ml,"aqua, sodium laureth sulfate, sodium chloride, cocamidopropyl betaine, parfum, glycerin, sodium benzoate, sodium sulfate, laureth-2, guar hydroxypropyltrimonium chloride, amodimethicone, citric acid, c12-14 sec-pareth-7, disodium edta, stearic acid, lauric acid, butylene glycol, propylene glycol, phenoxyethanol, fragaria vesca leaf extract, 1, 2-hexanediol, dipropylene glycol, betula platyphylla japonica juice, leontopodium alpinum extract, houttuynia cordata extract, camellia sinensis leaf extract, centella asiatica extract, laminaria japonica extract, histidine, proline, phenylalanine, threonine, tyrosine, arginine, alanine, isoleucine, aspartic acid, cysteine, serine, valine, methionine","[""glycerin"", ""amodimethicone"", ""camellia sinensis leaf extract"", ""centella asiatica extract"", ""arginine""]",https://www.sociolla.com/shampoo/73342-in-france-sparkling-rose-no-05-hair-shampoo,3/4/2026
P406,jmella disney in france femme fatale no. 02 hair shampoo,jmella,Shampoo,142000,500,ml,"aqua, sodium laureth sulfate, sodium chloride, cocamidopropyl betaine, parfum, glycerin, sodium benzoate, sodium sulfate, laureth-2, guar hydroxypropyltrimonium chloride, amodimethicone, citric acid, c12-14 sec-pareth-7, disodium edta, stearic acid, lauric acid, butylene glycol, propylene glycol, phenoxyethanol, fragaria vesca leaf extract, 1, 2-hexanediol, dipropylene glycol, betula platyphylla japonica juice, leontopodium alpinum extract, houttuynia cordata extract, camellia sinensis leaf extract, centella asiatica extract, laminaria japonica extract, histidine, proline, phenylalanine, threonine, tyrosine, arginine, alanine, isoleucine, aspartic acid, cysteine, serine, valine, methionine","[""glycerin"", ""amodimethicone"", ""camellia sinensis leaf extract"", ""centella asiatica extract"", ""arginine""]",https://www.sociolla.com/shampoo/85289-jmella-disney-in-france-femme-fatale-no-02-hair-shampoo,3/4/2026
P407,diane be true damage repair healthy shampoo 400ml,Moist Diane,Shampoo,155000,400,ML,"aqua, sodium c14-16 olefin sulfonate, cocamidopropyl betaine, disodium c12-14 pareth-2 sulfosuccinate, cocamide methyl mea, polyepsilon-lysine, dipropylene glycol, butylene glycol, hydrolyzed pea protein, ocimum sanctum leaf extract, polyquaternium-10, persea gratissima oil, argania spinosa kernel oil, opuntia ficus-indica seed oil, sodium chloride, sodium cocoamphoacetate, sodium methyl cocoyl taurate, sodium cocoyl glycinate, polysorbate 20, citric acid, tocopherol, disodium edta, sodium benzoate, phenoxyethanol, fragrance components and finished fragrances","[""hydrolyzed wheat protein"", ""argania spinosa kernel oil"", ""tocopherol""]",https://www.sociolla.com/shampoo/80758-diane-be-true-damage-repair-healthy-shampoo-400ml,3/4/2026
P409,aging care shampoo,Mise En Scène,Shampoo,68000,200,ml,"ingredients : water aqua eau, ammonium lauryl sulfate, sodium laureth sulfate, lauryl hydroxysultaine, dimethicone, fragrance parfum, sodium benzoate, phenoxyethanol, lauric acid, cetyl alcohol, cocamide mea, guar hydroxypropyltrimonium chloride, trihydroxystearin, sodium salicylate, sodium citrate, benzyl salicylate, butylphenyl methylpropional, hexyl cinnamal, propanediol, citric acid, sodium chloride, tetrasodium edta, linalool, polyquaternium-11, disodium edta, laureth-23, laureth-3, benzyl alcohol, limonene, rubus idaeus fruit extract, carbomer, lycium chinense fruit extract, vaccinium angustifolium fruit extract, coffea arabica seed extract, sa","[""dimethicone"", ""salicylic acid""]",https://www.sociolla.com/shampoo/83542-aging-care-shampoo,3/4/2026
P410,argan essential deep care shampoo,Nature Republic,Shampoo,275000,300, ml,"water, glycerin, butyrospermum parkii butter, ethylhexyl stearate, cetearyl alcohol, hydrogenated cocoglycerides, glyceryl stearate se, 1, 2-hexanediol, dimethicone, fragrance parfum components and finished fragrances, peg 100 stearate, glyceryl stearate, carbomer, phenoxyethanol, tromethamine, palmitic acid, stearic acid, caprylyl glycol, caprylic capric triglyceride, gossypium herbaceum extract, ethyl hexanediol, butylene glycol, lauroyl lysine, aloe barbadensis leaf juice, sodium phytate, hydrogenated lecithin, cholesterol, ethylhexylglycerin, ","[""glycerin"", ""butyrospermum parkii"", ""dimethicone""]",https://www.sociolla.com/shampoo/77154-argan-essential-deep-care-shampoo,3/4/2026
P412,cool and calming shampoo,biotalk,Shampoo,120900,250,ml,"aqua, cocamidopropyl betaine, cocyl isethionate, decyl glucoside, tea tree oil, mentha piperita oil, phenoxyethanol, aloe vera ekstrak, fragrance","[""tea tree oil""]",https://www.sociolla.com/shampoo/94853-cool-and-calming-shampoo,3/4/2026
P413,jmella disney in france sparkling rosé no. 05 hair shampoo,jmella,Shampoo,142000,500,ml,"aqua, sodium laureth sulfate, sodium chloride, cocamidopropyl betaine, parfum, glycerin, sodium benzoate, sodium sulfate, laureth-2, guar hydroxypropyltrimonium chloride, amodimethicone, citric acid, c12-14 sec-pareth-7, disodium edta, stearic acid, lauric acid, butylene glycol, propylene glycol, phenoxyethanol, fragaria vesca leaf extract, 1, 2-hexanediol, dipropylene glycol, betula platyphylla japonica juice, leontopodium alpinum extract, houttuynia cordata extract, camellia sinensis leaf extract, centella asiatica extract, laminaria japonica extract, histidine, proline, phenylalanine, threonine, tyrosine, arginine, alanine, isoleucine, aspartic acid, cysteine, serine, valine, methionine","[""glycerin"", ""amodimethicone"", ""camellia sinensis leaf extract"", ""centella asiatica extract"", ""arginine""]",https://www.sociolla.com/shampoo/85292-jmella-disney-in-france-sparkling-rose-no-05-hair-shampoo,3/4/2026
P417,extra night repair shampoo,Moist Diane,Shampoo,136000,450,ml,"aqua, sodium c14-16 olefin sulfonate, cocamidopropyl betaine, cocamide methyl mea, lauryl betaine, propanediol, gamma-docosalactone, quaternium-33, propylene glycol, keratin, polyquaternium-10, pouteria sapota seed oil, mangifera indica seed oil, bis-ethoxydiglycol cyclohexane 1, 4-dicarboxylate, isononyl isononanoate, isostearoyl hydrolyzed keratin, glycine soja sterols, ceramide ng, argania spinosa kernel oil, ceramide as, ceramide np, ceramide ap, ceramide eop, carapa guaianensis seed oil, opuntia ficus-indica seed oil, sodium chloride, cholesterol, hydrolyzed keratin, quaternium-18, behentrimonium chloride, citric acid, disodium edta, sodium benzoate, phenoxyethanol, fragrance","[""keratin"", ""hydrolyzed keratin"", ""ceramide np"", ""argania spinosa kernel oil""]",https://www.sociolla.com/shampoo/75979-extra-night-repair-shampoo,3/4/2026
P418,grace and glow secret bombshell oil control and nourish shampoo with charocal and keratin,Grace and Glow,Shampoo,62100,400, ml,"aqua, sodium laureth sulfate, glycerin, cocamidopropyl betaine, disodium lauroamphodiacetate, parfum, sodium lauroyl sarcosinate, sodium chloride, peg-10 olive glycerides, c12-13 alkyl lactate, citric acid, dichlorobenzyl alcohol, zinc gluconate, disodium lauryl sulfosuccinate, disodium edta, methylparaben, guar hydroxypropyltrimonium chloride, polyquaternium-10, panthenol, hydrogenated castor oil, cocamide methyl mea, glycol distearate, hydrolyzed keratin, c12-13 alcohols, cocamide dea, keratin, magnesium nitrate, phenoxyethanol, methylchloroisothiazolinone, melanin, magnesium chloride, methylisothiazolinone, charcoal powder, argania spinosa kernel oil, retinyl palmitate, retinol, ci","[""glycerin"", ""zinc gluconate"", ""panthenol"", ""hydrolyzed keratin"", ""keratin"", ""argania spinosa kernel oil"", ""retinyl palmitate"", ""ascorbic acid""]",https://www.sociolla.com/shampoo/86393-grace-and-glow-secret-bombshell-oil-control-and-nourish-shampoo-with-charocal-and-keratin,3/4/2026
P420,lavie belle serum shampoo,Grace and Glow,Shampoo,89125,250,ml,"water, sodium laureth sulfate, cocamide mea, cocamidopropyl betaine, glycerine, argania spinosa kernel oil, niacinamide, methylparaben, polygonum multiflorum extract, citric acid, tocopherol, keratin, methylisothiazolinone, methylchloroisothiazolinone, magnesium nitrate, magnesium chloride, sodium chloride, parfum, ki5, ki4","[""glycerin"", ""argania spinosa kernel oil"", ""niacinamide"", ""polygonum multiflorum root extract"", ""tocopherol"", ""keratin""]",https://www.sociolla.com/shampoo/84348-lavie-belle-serum-shampoo,3/4/2026
P422,damage care red protein shampoo,Mise En Scène,Shampoo,68000,200,ml,"ingredients : water aqua eau, sodium laureth sulfate, dimethicone, sodium chloride, fragrance parfum, lauryl hydroxysultaine, lauric acid, cetyl alcohol, cocamide mea, sodium citrate, phenoxyethanol, sodium benzoate, hydroxypropyl guar hydroxypropyltrimonium chloride, trihydroxystearin, di-c12-13 alkyl malate, citric acid, butylphenyl methylpropional, sodium salicylate, amodimethicone, linalool, tetrasodium edta, ethylhexylglycerin, hexyl cinnamal, benzyl benzoate, laureth-23, laureth-3, mica, titanium dioxide, disodium edta, benzyl salicylate, benzyl alcohol, carbomer, butylene glycol, iron oxides, rosa damascena flower extract, steartrimonium chloride, lactic","[""dimethicone"", ""amodimethicone"", ""lactic acid""]",https://www.sociolla.com/shampoo/83541-damage-care-red-protein-shampoo,3/4/2026
P423,dandruff defense shampoo,la'dor,Shampoo,210000,530,ml,"water, sodium c14-16 olefin sulfonate, cocamidopropyl betaine, lauryl glucoside, alcohol, ppg-3 caprylyl ether, cocamide mea, c12-13 alketh-9, sodium chloride, sodium benzoate, lauryl hydroxysultaine, menthol, caprylyl glycol, salicylic acid, polyquaternium-10, panthenol, citric acid, niacinamide, disodium edta, climbazole, melaleuca alternifolia leaf oil, butylene glycol, 1, 2-hexanediol, rosmarinus officinalis extract, sodium citrate, melaleuca alternifolia leaf extract, dipropylene glycol, centella asiatica extract, sodium oleanate, madecassoside, biotin, camellia sinensis catechins, fragrance, limonene, hexyl cinnamal, linalool, citronellol","[""menthol"", ""salicylic acid"", ""panthenol"", ""niacinamide"", ""climbazole"", ""melaleuca alternifolia oil"", ""rosmarinus officinalis leaf extract"", ""centella asiatica extract"", ""biotin""]",https://www.sociolla.com/shampoo/94780-lador-dandruff-defense-shampoo,3/4/2026
P424,jmella disney in france blooming peony no. 01 hair shampoo,jmella,Shampoo,142000,500,ml,"aqua, sodium laureth sulfate, sodium chloride, cocamidopropyl betaine, parfum, glycerin, sodium benzoate, sodium sulfate, laureth-2, guar hydroxypropyltrimonium chloride, amodimethicone, citric acid, c12-14 sec-pareth-7, disodium edta, stearic acid, lauric acid, butylene glycol, propylene glycol, phenoxyethanol, fragaria vesca leaf extract, 1, 2-hexanediol, dipropylene glycol, betula platyphylla japonica juice, leontopodium alpinum extract, houttuynia cordata extract, camellia sinensis leaf extract, centella asiatica extract, laminaria japonica extract, histidine, proline, phenylalanine, threonine, tyrosine, arginine, alanine, isoleucine, aspartic acid, cysteine, serine, valine, methionine","[""glycerin"", ""amodimethicone"", ""camellia sinensis leaf extract"", ""centella asiatica extract"", ""arginine""]",https://www.sociolla.com/shampoo/85288-jmella-disney-in-france-blooming-peony-no-01-hair-shampoo,3/4/2026
P425,serum original shampoo,Mise En Scène,Shampoo,68000,200,ml,"ingredients : water aqua eau, sodium laureth sulfate, glycerin, cocamidopropyl betaine, laureth-6 carboxylic acid, fragrance parfum, sodium chloride, polyquaternium-10, peg-60 hydrogenated castor oil, dimethiconol, sodium lauroyl sarcosinate, tea-dodecylbenzenesulfonate, sodium benzoate, ppg-7, phenoxyethanol, sodium citrate, sodium salicylate, citric acid, tetrasodium edta, ethylhexylglycerin, limonene, disodium edta, linalool, argania spinosa kernel oil, simmondsia chinensis seed oil, cocos nucifera oil, tocopherol, prunus armeniaca kernel oil, sclerocarya birrea seed oil, olea europaea fruit oil, camellia japonica seed oil, coco-caprylate capr","[""glycerin"", ""argania spinosa kernel oil"", ""simmondsia chinensis seed oil"", ""tocopherol"", ""olea europaea oil""]",https://www.sociolla.com/shampoo/83502-serum-original-shampoo,3/4/2026
P426,hello bubble all star smoothing shampoo,Mise En Scène,Shampoo,159000,500,ml,"[ingredients] water aqua eau, sodium laureth sulfate, cocamidopropyl betaine, disodium laureth sulfosuccinate, dimethiconol, coco-glucoside, fragrance parfum, sodium chloride, hydroxypropyl guar hydroxypropyltrimonium chloride, phenoxyethanol, sodium benzoate, lauric acid, cetyl alcohol, cocamide mea, peg-60 hydrogenated castor oil, caprylic capric triglyceride, amodimethicone, laureth-2, trihydroxystearin, citric acid, ppg-7, menthol, polyquaternium-10, sodium salicylate, sodium citrate, tea-dodecylbenzenesulfonate, tetrasodium edta, limonene, disodium edta, geraniol, hexyl cinnamal, linalool, butylene glycol, steartrimonium chloride, lactic acid, punica granatum fruit extract, ros","[""amodimethicone"", ""menthol"", ""lactic acid"", ""butyrospermum parkii""]",https://www.sociolla.com/shampoo/83537-hello-bubble-all-star-smoothing-shampoo,3/4/2026
P427,moist pro shampoo,The Bath Box,Shampoo,219000,200,ml,"aqua, mel, sodium lauryl sulfoacetate, cocamidopropyl betaine, disodium cocoyl glutamate, propanediol, sodium chloride, sodium sulfate, polyester-37, fragrancem components and finished fragrances, citric acid, dypropylene glycol, vitex trifolia fruit extract, gentiana scabra root extract, polygonum multiflorum root extract, hydrolyzed vegetable protein, hydrolyzed pea protein, polysorbate 20, trisodium ethylenediamine disuccinate, potassium sorbate, sodium benzoate, phenoxyethanol, ethylhexylglycerin","[""polygonum multiflorum root extract"", ""hydrolyzed wheat protein""]",https://www.sociolla.com/shampoo/84342-moist-pro-shampoo,3/4/2026
P428,hair we bloom shampoo over the rainbow,Lavojoy,Shampoo,29000,400, ml,"water, cetearyl alcohol, behentrimonium chloride, dimethicone, phenoxyethanol, aroma, sodium benzoate, bis-aminopropyl dimethicone, isopropyl alcohol, argania spinosa kernel oil, sclerocarya birrea seed oil, squalane, camellia japonica seed oil, hydroxyethylcellulose, disodium edta, panthenol, disodium phosphate, polysorbate 60, glycerin, sodium phosphate, terminalia ferdinandiana fruit extract, glycine soja germ extract, citric acid, potassium sorbate","[""dimethicone"", ""argania spinosa kernel oil"", ""panthenol"", ""glycerin""]",https://www.sociolla.com/shampoo/72633-hair-we-bloom-shampoo-over-the-rainbow,3/4/2026
P429,hello bubble all star strengthening shampoo,Mise En Scène,Shampoo,159000,500,ml,"[ingredients] water aqua eau, sodium c14-16 olefin sulfonate, sorbitol, lauryl hydroxysultaine, disodium laureth sulfosuccinate, cocamidopropyl betaine, cocoglucoside, fragrance parfum, alcohol denat, polyquaternium-10, sodium benzoate, sodium salicylate, ppg-7, sodium chloride, caprylyl glycol, sodium citrate, citric acid, ppg-3 caprylyl ether, hexyl cinnamal, tetrasodium edta, benzyl salicylate, limonene, citronellol, butylene glycol, malt extract, punica granatum fruit extract, biotin, phenoxyethanol, camellia sinensis leaf extract, ethylhexylglycerin, peg-150 pentaerythrityl tetrastearate, ppg-2 hydroxyethyl cocamide","[""biotin"", ""camellia sinensis leaf extract""]",https://www.sociolla.com/shampoo/83539-hello-bubble-all-star-strengthening-shampoo,3/4/2026
P432,jmella disney in france queen 5' no. 04 hair shampoo,jmella,Shampoo,142000,500,ml,"aqua, sodium laureth sulfate, sodium chloride, cocamidopropyl betaine, parfum, glycerin, sodium benzoate, sodium sulfate, laureth-2, guar hydroxypropyltrimonium chloride, amodimethicone, citric acid, c12-14 sec-pareth-7, disodium edta, stearic acid, lauric acid, butylene glycol, propylene glycol, phenoxyethanol, fragaria vesca leaf extract, 1, 2-hexanediol, dipropylene glycol, betula platyphylla japonica juice, leontopodium alpinum extract, houttuynia cordata extract, camellia sinensis leaf extract, centella asiatica extract, laminaria japonica extract, histidine, proline, phenylalanine, threonine, tyrosine, arginine, alanine, isoleucine, aspartic acid, cysteine, serine, valine, methionine","[""glycerin"", ""amodimethicone"", ""camellia sinensis leaf extract"", ""centella asiatica extract"", ""arginine""]",https://www.sociolla.com/shampoo/85291-jmella-disney-in-france-queen-5-no-04-hair-shampoo,3/4/2026
P433,naked under the clouds: gentle shampoo,maiimi,Shampoo,99000,250,ml,"aqua, cocamidopropyl betaine, polyquaternium-7, sodium methyl cocoyl taurate, butylene glycol, parfum, sodium lauroyl methylaminopropionate, sodium cocoamphoacetate, cocamide mea, peg-120 methyl glucose triisostearate, sodium chloride, behenamidopropyl dimethylamine, citric acid, peg-40 hydrogenated castor oil, menthol, trehalose, hydrogenated starch hydrolysate, aloe barbadensis leaf extract, sodium lactate, sodium pca, hydrolyzed jojoba esters, fructose, glycine, inositol, lactic acid, niacinamide, urea, tocopherol, maltooligosyl glucoside, propylene glycol, disodium edta, dmdm hydantoin, sodium benzoate, phenoxyethanol","[""menthol"", ""aloe barbadensis leaf extract"", ""lactic acid"", ""niacinamide"", ""tocopherol""]",https://www.sociolla.com/shampoo/87658-naked-under-the-clouds-gentle-shampoo,3/4/2026
P485,scalp care shampoo 170ml,TRESemmé,Shampoo,49500,170,ml,"aqua, sodium laureth sulfate, sodium lauryl sulfate, glycol distearate, perfume, dimethicone, cocamidopropyl betaine, dimethiconol, argania spinosa kernel oil, melaleuca alternifolia leaf oil, menthol, guar hydroxypropyltrimonium chloride, polyquaternium-74, propylene glycol, cocamide dea, sodium sulfate, sodium chloride, potassium chloride, citric acid, sodium hydroxide, tea-sulfate, tetrasodium edta, disodium edta, tea-dodecylbenzenesulfonate, peg-7m, peg-40 hydrogenated castor oil, polysorbate 20, sodium benzoate, methylchloroisothiazolinone, methylisothiazolinone, benzyl alcohol, iodopropynyl butylcarbamate, dmdm hydantoin, panthenol, panthenyl ethyl ether, sodium pca, sodium lactate, arginine, aspartic acid, pca, glycine, alanine, serine, valine, proline, threonine, isoleucine, histidine, phenylalanine, niacinamide, calcium pantothenate, sodium ascorbyl phosphate, tocopheryl acetate, pyridoxine hcl, tocopherol, maltodextrin, sodium starch octenylsuccinate, silica, hydrogen peroxide, c12-15 pareth-3, hexylene glycol, laureth-4, laureth-23, peg-55 stearate, cyclohexasiloxane, cyclotetrasiloxane, cyclopentasiloxane, ci 42090, ci 47005","[""dimethicone"", ""argania spinosa kernel oil"", ""melaleuca alternifolia oil"", ""menthol"", ""panthenol"", ""arginine"", ""zinc pca"", ""niacinamide"", ""sodium ascorbyl phosphate"", ""tocopheryl acetate"", ""tocopherol""]",https://www.watsons.co.id/id/tresemme-scalp-care-shampoo-170ml/p/BP_73931,4/15/2026
P486,2-in-1 shampoo cool menthol 400ml,head & shoulder,Shampoo,113500,400,ml,"water, sodium laureth sulfate, cocamidopropyl betaine, zinc pyrithione, menthol, fragrance, polyquaternium, silicone quaterniums, citric acid, ","[""zinc pyrithione"", ""menthol""]",https://www.watsons.co.id/id/head-shoulder-2-in-1-shampoo-cool-menthol-400ml/p/BP_74788,4/15/2026
P487,dr soap shampoo mars spice no.33 400 ml,dr soap,Shampoo,235000,400, Ml,"aqua, cocamidopropyl betaine, disodium laureth sulfosuccinate, butylene glycol, polyquaterium-6, glycerin, peg-120 methyl glucose trioleate, glycol stearate, parfum, malus domestica fruit cell culture extract, sodium benzoate, citric acid, xylityglucoside, anhydroxylitol, cylitol, sodium chloride, piroctone olamine, aloe barbadensis leaf extract, citrus bioflavonoids, complex, hydroxyacetophenone, brassica oleracea italica extract","[""glycerin"", ""piroctone olamine"", ""aloe barbadensis leaf extract""]",https://www.watsons.co.id/id/dr-soap-dr-soap-shampoo-mars-spice-no.33-400-ml/p/BP_35200,4/15/2026
P488,shampoo hair xpert itchy scalp treatment 160gr,Safi,Shampoo,32500,160,gr,"aqua, sodium laureth sulfate, cocamidopropyl betaine, dimethicone, glycol distearate, sodium chloride, fragrance, potassium cocoyl glycinate, acrylates copolymer, polyquaternium-10, dmdm hydantoin, guar hydroxypropyltrimonium chloride, laureth-23, laureth-3, disodium edta, propylene glycol, rosmarinus officinalis leaf oil, glucose, peg-40 hydrogenated castor oil, trideceth-9, lactic acid, panax ginseng root extract, sodium benzoate, potassium sorbate, hydrolyzed keratin, caramel, phenoxyethanol","[""dimethicone"", ""rosmarinus officinalis leaf oil"", ""lactic acid"", ""panax ginseng root extract"", ""hydrolyzed keratin""]",https://www.watsons.co.id/id/safi-shampoo-hair-xpert-itchy-scalp-treatment-160gr/p/BP_17357,4/15/2026
P489,shampoo supreme anti hair fall 135ml,head & shoulder,Shampoo,34600,135,ml,"aqua, sodium laureth sulfate, cocamidopropyl betaine, dimethicone, ethylene glycol distearate, fragrance, sodium lauryl sulfate, sodium chloride, acrylates copolymer, polyquaternium-10, dmdm hydantoin, laureth-23, laureth-3, guar hydroxypropyltrimonium chloride, disodium edta, butylene glycol, argania spinosa kernel oil, phytosteryl octyldodecyl lauroyl glutamate, vitis vinifera seed extract","[""dimethicone"", ""argania spinosa kernel oil""]",https://www.watsons.co.id/id/head-shoulder-shampoo-supreme-anti-hair-fall-135ml/p/BP_70589,4/15/2026
P491,emeron shampoo hijab clean & fresh 340ml,emeron,Shampoo,29900,340,ml,"aqua, sodium laureth sulfate, sodium lauryl sulfate, glycol distearate, perfume, dimethicone, cocamidopropyl betaine, dimethiconol, argania spinosa kernel oil, melaleuca alternifolia leaf oil, menthol, guar hydroxypropyltrimonium chloride, polyquaternium-74, propylene glycol, cocamide dea, sodium sulfate, sodium chloride, potassium chloride, citric acid, sodium hydroxide, tea-sulfate, tetrasodium edta, disodium edta, tea-dodecylbenzenesulfonate, peg-7m, peg-40 hydrogenated castor oil, polysorbate 20, sodium benzoate, methylchloroisothiazolinone, methylisothiazolinone, benzyl alcohol, iodopropynyl butylcarbamate, dmdm hydantoin, panthenol, panthenyl ethyl ether, sodium pca, sodium lactate, arginine, aspartic acid, pca, glycine, alanine, serine, valine, proline, threonine, isoleucine, histidine, phenylalanine, niacinamide, calcium pantothenate, sodium ascorbyl phosphate, tocopheryl acetate, pyridoxine hcl, tocopherol, maltodextrin, sodium starch octenylsuccinate, silica, hydrogen peroxide, c12-15 pareth-3, hexylene glycol, laureth-4, laureth-23, peg-55 stearate, cyclohexasiloxane, cyclotetrasiloxane, cyclopentasiloxane, ci 42090, ci 47005","[""dimethicone"", ""argania spinosa kernel oil"", ""melaleuca alternifolia oil"", ""menthol"", ""panthenol"", ""arginine"", ""zinc pca"", ""niacinamide"", ""sodium ascorbyl phosphate"", ""tocopheryl acetate"", ""tocopherol""]",https://www.watsons.co.id/id/emeron-emeron-shampoo-hijab-clean-fresh-340ml/p/BP_43240,4/15/2026
P492,hair fall control shampoo 170ml,TRESemmé,Shampoo,47500,170,ml,"water, sodium laureth sulfate, sodium lauryl sulfate, dimethicone, cocamide mea, zinc carbonate, glycol distearate, sodium chloride, zinc pyrithione, sodium xylenesulfonate, fragrance, cetyl alcohol, guar hydroxypropyltrimonium chloride, magnesium sulfate, sodium benzoate, magnesium carbonate hydroxide, benzyl alcohol, methylchloroisothiazolinone, methylisothiazolinone, ci 19140, ci 17200","[""dimethicone"", ""zinc pyrithione""]",https://www.watsons.co.id/id/tresemme-hair-fall-control-shampoo-170ml/p/BP_73928,4/15/2026
P493,pro-v shampoo total damage care 135ml,Pantene,Shampoo,31000,135,ml,"water, sodium lauryl sulfate, sodium laureth sulfate, sodium chloride, cocamidopropyl betaine, dimethicone, glycol distearate, citric acid, fragrance, sodium citrate, cocamide mea, sodium xylenesulfonate, guar hydroxypropyltrimonium chloride, sodium benzoate, tetrasodium edta, trisodium ethylenediamine disuccinate, panthenol, panthenyl ethyl ether, methylchloroisothiazolinone, methylisothiazolinone","[""dimethicone"", ""panthenol""]",https://www.watsons.co.id/id/pantene-pro-v-shampoo-total-damage-care-135ml/p/BP_70202,4/15/2026
P494,shampoo lemon fresh 300ml,head & shoulder,Shampoo,76900,300,ml,"water, sodium lauryl sulfate, sodium laureth sulfate, sodium chloride, glycol distearate, zinc carbonate, sodium xylenesulfonate, cocamidopropyl betaine, fragrance, zinc pyrithione, dimethicone, sodium benzoate, guar hydroxypropyltrimonium chloride, magnesium carbonate hydroxide, citrus limon fruit extract, methylchloroisothiazolinone, methylisothiazolinone","[""zinc pyrithione"", ""dimethicone""]",https://www.watsons.co.id/id/head-shoulder-shampoo-lemon-fresh-300ml/p/BP_72992,4/15/2026
P495,shampoo biotin hairfall control 290ml,Dove,Shampoo,47500,290,ml,"water, sodium laureth sulfate, cocamidopropyl betaine, dimethiconol, sodium chloride, perfume, sodium gluconate, glycerin, glycol distearate, ppg-7, tea-dodecylbenzenesulfonate, sodium benzoate, carbomer, guar hydroxypropyltrimonium chloride, mica, citric acid, cocamide mea, peg-45m, trideceth-10, disodium edta, titanium dioxide, phenoxyethanol, urea, disodium phosphate, silica, biotin, zinc sulfate heptahydrate, iodopropynyl butylcarbamate, ceramide ng, butylated hydroxytoluene, sodium sulfate, hydrolyzed yeast protein, potassium sorbate, ci 15985, ci 19140","[""glycerin"", ""biotin"", ""ceramide np"", ""hydrolyzed wheat protein""]",https://www.watsons.co.id/id/dove-shampoo-biotin-hairfall-control-290ml/p/BP_63901,4/15/2026
P496,shampoo niacinamide hairfall control 155ml,Dove,Shampoo,26000,155,ml,"water, sodium laureth sulfate, cocamidopropyl betaine, dimethiconol, propylene glycol, perfume, sodium chloride, citric acid, sodium benzoate, climbazole, carbomer, guar hydroxypropyltrimonium chloride, tea-dodecylbenzenesulfonate, glycerin, tea-sulfate, disodium edta, phenoxyethanol, helianthus annuus seed oil, niacinamide, zinc sulfate heptahydrate, iodopropynyl butylcarbamate, ceramide ng, sodium hydroxide, hydrolyzed yeast protein, potassium sorbate","[""climbazole"", ""glycerin"", ""niacinamide"", ""ceramide np"", ""hydrolyzed wheat protein""]",https://www.watsons.co.id/id/dove-shampoo-niacinamide-hairfall-control-155ml/p/BP_64166,4/15/2026
P497,l'oreal paris elseve hyaluron moisture shampoo 280ml,l'oreal,Shampoo,99500,280,ml,"aqua water, sodium laureth sulfate, dimethicone, glycol distearate, sodium chloride, cocamidopropyl betaine, ci 60730 ext violet 2, guar hydroxypropyltrimonium chloride, coco-betaine, cocos nucifera oil coconut oil, sodium benzoate, sodium hydroxide, sodium hyaluronate, steareth-6, phenoxyethanol, acetic acid, peg-100 stearate, trideceth-10, trideceth-3, salicylic acid, limonene, fumaric acid, amodimethicone, carbomer, citric acid, hexylene glycol, glycerin, fragrance","[""dimethicone"", ""sodium hyaluronate"", ""lactic acid"", ""salicylic acid"", ""amodimethicone"", ""glycerin""]",https://www.watsons.co.id/id/l-oreal-l-oreal-paris-elseve-hyaluron-moisture-shampoo-280ml/p/BP_29753,4/15/2026
P498,treatment care keratin shampoo 300ml,watsons,Shampoo,38900,300,ml,"keratin, sunflower extract, vitamin complex, dan glycerin","[""keratin"", ""glycerin""]",https://www.watsons.co.id/id/watsons-treatment-care-keratin-shampoo-300ml/p/BP_67916,4/15/2026
P500,shampoo biotin hairfall control 750ml,Dove,Shampoo,86500,750,ml,"water, sodium laureth sulfate, cocamidopropyl betaine, dimethiconol, sodium chloride, perfume, sodium gluconate, glycerin, glycol distearate, ppg-7, tea-dodecylbenzenesulfonate, sodium benzoate, carbomer, guar hydroxypropyltrimonium chloride, mica, citric acid, cocamide mea, peg-45m, trideceth-10, disodium edta, titanium dioxide, phenoxyethanol, urea, disodium phosphate, silica, biotin, zinc sulfate heptahydrate, iodopropynyl butylcarbamate, ceramide ng, butylated hydroxytoluene, sodium sulfate, hydrolyzed yeast protein, potassium sorbate, ci 15985, ci 19140","[""glycerin"", ""biotin"", ""ceramide np"", ""hydrolyzed wheat protein""]",https://www.watsons.co.id/id/dove-shampoo-biotin-hairfall-control-750ml/p/BP_64170,4/15/2026
P501,hijab shampoo refresh and anti dandruff 300ml,sunsilk,Shampoo,54900,300,ml,"water, sodium laureth sulfate, dimethiconol, cocamidopropyl betaine, sodium chloride, perfume, carbomer, citric acid, menthol, tea-dodecylbenzen sulfonate, sodium hydrodixe, guar hydroxypropyltrimonium chloride, tea-sulfate, mica, sodium benzoate, dmdm hydantoin, disodium edta, phenoxyethanol, cyclotetrasiloxane, polyurethane crosspolymer-2, titanium dioxide, magnesium nitrate, urea, acrylamidopropyltrimonium chloride acrylamide copolymer, glycerin, methylchloroisothiazolinone, magnesium chloride, propanediol, iodopropynyl butylcarbamate, methylisothiazolinone, ficus carica fruit extract, sodium sulfate, acetic acid, citrus pardisi fruit extract, ci 19140, ci 42090","[""menthol"", ""glycerin"", ""lactic acid""]",https://www.watsons.co.id/id/sunsilk-hijab-shampoo-refresh-and-anti-dandruff-300ml/p/BP_73203,4/15/2026
P502,hair energy fibertherapy conditioning shampoo aloe & melon 330ml,Makarizo,Shampoo,58200,330,ml,"aqua, sodium laureth sulfate, sodium lauryl sulfate, glycol distearate, cocamidopropyl betaine, dimethiconol, perfume, dimethicone, propylene glycol, argania spinosa kernel oil, aloe barbadensis leaf extract, panax quinquefolium root extract, guar hydroxypropyltrimonium chloride, polyquaternium-10, cocamide dea, sodium sulfate, sodium chloride, potassium chloride, citric acid, sodium hydroxide, tea-sulfate, tetrasodium edta, tea-dodecylbenzenesulfonate, sodium benzoate, methylchloroisothiazolinone, methylisothiazolinone, benzyl alcohol, iodopropynyl butylcarbamate, dmdm hydantoin, panthenol, panthenyl ethyl ether, sodium pca, sodium lactate, arginine, aspartic acid, pca, glycine, alanine, serine, valine, proline, threonine, isoleucine, histidine, phenylalanine, niacinamide, calcium pantothenate, sodium ascorbyl phosphate, tocopheryl acetate, pyridoxine hcl, cyclotetrasiloxane, cyclopentasiloxane, cyclohexasiloxane, maltodextrin, sodium starch octenylsuccinate, silica, hydrogen peroxide, c12-15 pareth-3, hexylene glycol, ci 42090, ci 47005","[""dimethicone"", ""argania spinosa kernel oil"", ""aloe barbadensis leaf extract"", ""panthenol"", ""arginine"", ""zinc pca"", ""niacinamide"", ""sodium ascorbyl phosphate"", ""tocopheryl acetate""]",https://www.watsons.co.id/id/makarizo-hair-energy-fibertherapy-conditioning-shampoo-aloe-melon-330ml/p/BP_72700,4/15/2026
P504,pro-v shampoo daily moisture repair 135ml,Pantene,Shampoo,31000,135,ml,"water, sodium lauryl sulfate, sodium laureth sulfate, sodium chloride, cocamidopropyl betaine, glycol distearate, citric acid, fragrance, sodium citrate, cocamide mea, sodium xylenesulfonate, dimethicone, guar hydroxypropyltrimonium chloride, sodium benzoate, tetrasodium edta, trisodium ethylenediamine disuccinate, panthenol, panthenyl ethyl ether, methylchloroisothiazolinone, methylisothiazolinone","[""dimethicone"", ""panthenol""]",https://www.watsons.co.id/id/pantene-pro-v-shampoo-daily-moisture-repair-135ml/p/BP_71720,4/15/2026
P505,smooth & silky anti-dandruff shampoo 160ml,head & shoulder,Shampoo,34900,160,ml,"water, sodium laureth sulfate, sodium lauryl sulfate, dimethicone, cocamide mea, zinc carbonate, glycol distearate, sodium chloride, zinc pyrithione, sodium xylenesulfonate, fragrance, cetyl alcohol, guar hydroxypropyltrimonium chloride, magnesium sulfate, sodium benzoate, magnesium carbonate hydroxide, benzyl alcohol, methylchloroisothiazolinone, methylisothiazolinone","[""dimethicone"", ""zinc pyrithione""]",https://www.watsons.co.id/id/head-shoulder-smooth-silky-anti-dandruff-shampoo-160ml/p/BP_45279,4/15/2026
P506,cbd keratin pro daily shampoo 250ml,CBD Professional,Shampoo,47900,250,ml,"aqua, sodium laureth sulfate, cocamidopropyl betaine, perfume, glycol distearate, phenoxyethanol, sodium chloride, laureth-4, panthenol, sodium pca, peg-120 methyl glucose dioleate, chlorphenesin, glycerin, hydrolyzed keratin, disodium edta, formic acid","[""panthenol"", ""glycerin"", ""hydrolyzed keratin""]",https://www.watsons.co.id/id/cbd-cbd-keratin-pro-daily-shampoo-250ml/p/BP_35454,4/15/2026
P508,l'oreal paris fall resist 3x anti-hairfall shampoo scalp hair care 155ml,l'oreal,Shampoo,57900,155,ml,"aqua water, sodium laureth sulphate, dimethicone, coco-betaine, sodium chloride, glycol distearate, guar hydroxypropyltrimonium chloride, cocamide mipa, sodium benzoate, sodium cocoate, sodium hydroxide, arginine, salicylic acid, limonene, linalool, 2-oleamido-1, 3-octadecanediol, carbomer, methyl cocoate, citric acid, hexylene glycol, hexyl cinnamal, parfum perfume fragrance perfume ingredients are found in cosmetic products acting as a vector of sensory and emotional pleasure they are evaluated by both our suppliers and internal teams to ensure they are completely safe, fragrance","[""dimethicone"", ""arginine"", ""salicylic acid""]",https://www.watsons.co.id/id/l-oreal-l-oreal-paris-fall-resist-3x-anti-hairfall-shampoo-scalp-hair-care-155ml/p/BP_21473,4/15/2026
P509,clear shampoo anti ketombe fresh cool lemon 160ml,clear,Shampoo,39600,160,Ml,"water, sodium lauryl sulfate, sodium laureth sulfate, sodium chloride, glycol distearate, zinc carbonate, sodium xylenesulfonate, cocamidopropyl betaine, fragrance, zinc pyrithione, dimethicone, sodium benzoate, guar hydroxypropyltrimonium chloride, magnesium carbonate hydroxide, citrus limon fruit extract, methylchloroisothiazolinone, methylisothiazolinone","[""zinc pyrithione"", ""dimethicone""]",https://www.watsons.co.id/id/clear-clear-shampoo-anti-ketombe-fresh-cool-lemon-160ml/p/BP_38690,4/15/2026
P510,premium cool & repair bundle shampoo + conditioner 450ml,Tsubaki,Conditioner,299800,450,ml,"tsubaki premium cool & repair shampoo 450ml aqua, sodium laureth sulfate, cocamidopropyl betaine, menthol, dipropylene glycol, fragrance, guar hydroxypropyltrimonium chloride, peg-2 laurate, phenoxyethanol, sodium benzoate, sodium sulfate, sodium methyltaurate, hydroxyethyl urea, citric acid, peg-60 hydrogenated castor oil, salicylic acid, disodium edta, lactic acid, ammonium lactate, camellia japonica seed oil, ppg-70 glyceryl ether, butylene glycol, sodium dilauramidoglutamide lysine, ethylhexyl palmitate, bis-ethylhexyloxyphenol methoxyphenyl triazine, phytosteryl octyldodecyl lauroyl glutamate, phytosteryl macadamiate, mentha piperita leaf extract, squalane, bht, tocopherol tsubaki premium cool & repair conditioner 450ml aqua, isopentyldiol, behentrimonium chloride, glycerin, stearyl alcohol, dimethicone, behenyl alcohol, cetyl alcohol, isopropyl alcohol, fragrance, dipropylene glycol, menthol, isopropyl myristate, peg-2 laurate, sodium benzoate, phenoxyethanol, amodimethicone, sodium methyltaurate, salicylic acid, hydroxyethyl urea, aminopropyl dimethicone, ppg-2-deceth-12, steartrimonium chloride, c13-16 isoparaffin, lactic acid, polysilicone-13, disodium edta, squalane, camellia japonica seed oil, c10-13 isoparaffin, ammonium lactate, butylene glycol, sodium dilauramidoglutamide lysine, ethylhexyl palmitate, bis-ethylhexyloxyphenol methoxyphenyl triazine, cetrimonium chloride, phytosteryl octyldodecyl lauroyl glutamate, phytosteryl macadamiate, mentha piperita leaf extract, tocopherol","[""menthol"", ""salicylic acid"", ""lactic acid"", ""tocopherol"", ""glycerin"", ""dimethicone"", ""amodimethicone""]",https://www.watsons.co.id/id/tsubaki-premium-cool-repair-bundle-shampoo-conditioner-450ml/p/BP_61259,4/15/2026
P511,shampoo niacinamide hairfall control 290ml,Dove,Shampoo,47500,290,ml,"water, sodium laureth sulfate, cocamidopropyl betaine, dimethiconol, propylene glycol, perfume, sodium chloride, citric acid, sodium benzoate, climbazole, carbomer, guar hydroxypropyltrimonium chloride, tea-dodecylbenzenesulfonate, glycerin, tea-sulfate, disodium edta, phenoxyethanol, helianthus annuus seed oil, niacinamide, zinc sulfate heptahydrate, iodopropynyl butylcarbamate, ceramide ng, sodium hydroxide, hydrolyzed yeast protein, potassium sorbate","[""climbazole"", ""glycerin"", ""niacinamide"", ""ceramide np"", ""hydrolyzed wheat protein""]",https://www.watsons.co.id/id/dove-shampoo-niacinamide-hairfall-control-290ml/p/BP_63883,4/15/2026
P513,pro-v shampoo hair fall control 160 ml - perawatan rambut rontok,Pantene,Shampoo,31000,160, ml,"water, sodium laureth sulfate, sodium chloride, sodium xylenesulfonate, cocamidopropyl betaine, sodium lauryl sulfate, stearyl alcohol, fragrance, sodium citrate, cetyl alcohol, glycerin, dimethiconol, guar hydroxypropyltrimonium chloride, dimethicone, citric acid, sodium benzoate, tea-dodecylbenzenesulfonate, tetrasodium edta, trideceth-10, polyquaternium-6, polyquaternium-10, panthenol, trihydroxystearin, methylchloroisothiazolinone, propylene glycol, methylisothiazolinone","[""glycerin"", ""dimethicone"", ""panthenol""]",https://www.watsons.co.id/id/pantene-pro-v-shampoo-hair-fall-control-160-ml-perawatan-rambut-rontok/p/BP_70208,4/15/2026
P514,shampoo micellar hairfall control 290ml,Dove,Shampoo,47500,290,ml,"water, sodium laureth sulfate, cocamidopropyl betaine, dimethiconol, sodium chloride, perfume, glycerin, glycol distearate, ppg-7, tea-dodecylbenzenesulfonate, sodium benzoate, carbomer, guar hydroxypropyltrimonium chloride, citric acid, mica, cocamide mea, peg-45m, trideceth-10, disodium edta, titanium dioxide, phenoxyethanol, silica, zinc sulfate heptahydrate, ceramide ng, iodopropynyl butylcarbamate, butylated hydroxytoluene, sodium sulfate, hydrolyzed yeast protein, potassium sorbate, ci 15985, ci 19140","[""glycerin"", ""ceramide np"", ""hydrolyzed wheat protein""]",https://www.watsons.co.id/id/dove-shampoo-micellar-hairfall-control-290ml/p/BP_63882,4/15/2026
P516,pro-v shampoo anti ketombe 290ml,Pantene,Shampoo,46500,290,ml,"water, sodium lauryl sulfate, sodium laureth sulfate, cocamidopropyl betaine, sodium xylenesulfonate, dimethicone, glycol distearate, fragrance, sodium citrate, cocamide mea, sodium chloride, benzyl alcohol, climbazole, guar hydroxypropyltrimonium chloride, citric acid, sodium benzoate, tetrasodium edta, panthenol, methylchloroisothiazolinone, methylisothiazolinone","[""dimethicone"", ""climbazole"", ""panthenol""]",https://www.watsons.co.id/id/pantene-pro-v-shampoo-anti-ketombe-290ml/p/BP_70215,4/15/2026
P518,palmolive naturals shampoo & conditioner intensive moisture 180ml - shampo kondisioner,palmolive,Conditioner,32500,180,ml,"aqua water, sodium laureth sulfate, dimethicone, glycol distearate, sodium chloride, cocamidopropyl betaine, ci 60730 ext violet 2, guar hydroxypropyltrimonium chloride, coco-betaine, cocos nucifera oil coconut oil, sodium benzoate, sodium hydroxide, sodium hyaluronate, steareth-6, phenoxyethanol, acetic acid, peg-100 stearate, trideceth-10, trideceth-3, salicylic acid, limonene, fumaric acid, amodimethicone, carbomer, citric acid, hexylene glycol, glycerin, fragrance","[""dimethicone"", ""sodium hyaluronate"", ""lactic acid"", ""salicylic acid"", ""amodimethicone"", ""glycerin""]",https://www.watsons.co.id/id/palmolive-palmolive-naturals-shampoo-conditioner-intensive-moisture-180ml-shampo-kondisioner/p/BP_70302,4/15/2026
P519,zinc shampoo active fresh lemon 340 ml,zinc,Shampoo,46700,340, Ml,"aqua, cocamidopropyl betaine, potassium cocoyl hydrolyzed oat protein, sodium cocoyl glycinate, peg-120 methyl glucose dioleate, butylene glvcol, aleurites moluccana seed extract, propylene glycol, fragrance, panthenol, polyquaternium-10, aloe barbadensis leaf extract, phenoxyeth-anol, dmdm hydantoin, tetrasodium edia, citric acid","[""panthenol"", ""aloe barbadensis leaf extract""]",https://www.watsons.co.id/id/zinc-zinc-shampoo-active-fresh-lemon-340-ml/p/BP_36585,4/15/2026
P520,complete hair therapy shampoo dandruff treatment 340ml,serasoft,Shampoo,39900,340,ml,"water, sodium laureth sulfate, sodium lauryl sulfate, dimethicone, cocamide mea, zinc carbonate, glycol distearate, sodium chloride, zinc pyrithione, sodium xylenesulfonate, fragrance, cetyl alcohol, guar hydroxypropyltrimonium chloride, magnesium sulfate, sodium benzoate, magnesium carbonate hydroxide, benzyl alcohol, methylchloroisothiazolinone, methylisothiazolinone","[""dimethicone"", ""zinc pyrithione""]",https://www.watsons.co.id/id/serasoft-complete-hair-therapy-shampoo-dandruff-treatment-340ml/p/BP_73366,4/15/2026
P521,lavojoy out of my head shampoo 300ml,Lavojoy,Shampoo,71900,300,ml,"water, sodium laureth sulfate, sodium chloride, cocamidopropyl hydroxysultaine, cocamide methyl mea, phenoxyethanol, cocamidopropyl betaine, sodium benzoate, trimethylolpropane tricaprylate tricaprate, glyceryl oleate, coco-glucoside, aroma, sodium lauroyl sarcosinate, hydroxypropyl guar hydroxypropyltrimonium chloride, polyquaternium-7, citric acid, sodium pca, glycerin, myristamidopropyl pg-dimonium chloride phosphate, disodium edta, sodium cocamidopropyl pg-dimonium chloride phosphate, glyceryl behenate, phytosteryl oleate, sodium polyaspartate, piroctone olamine, propylene glycol, ppg-26-buteth-26, butylene glycol, 1, 2-hexanediol, pentylene glycol, tocopherol, menthol, bisabolol, zingiber officinale root extract, squalane, hydrogenated palm glycerides citrate, salicylic acid, artemisia annua extract, panax ginseng root extract, crataegus pinnatifida fruit extract, hydroxyphenyl propamidobenzoic acid, ascorbyl palmitate","[""glycerin"", ""piroctone olamine"", ""tocopherol"", ""menthol"", ""bisabolol"", ""salicylic acid"", ""panax ginseng root extract""]",https://www.watsons.co.id/id/lavojoy-lavojoy-out-of-my-head-shampoo-300ml/p/BP_39931,4/15/2026
P524,shampoo rich halus lembut argan perawatan rambut 600ml,rejoice,Shampoo,76500,600,ml,"air, sodium laureth sulfate, sodium lauryl sulfate, sodium chloride, dimethicone, glycol distearate, asam sitrat, sodium citrate, cocamide mea, sodium xylenesulfonate, cocamidopropyl betaine, pewangi, guar hydroxpropyltrimonium chloride, sodium benzoate, tetrasodium edta, methylchloroisothiazolinone, methylisothiazolinone","[""dimethicone""]",https://www.watsons.co.id/id/rejoice-shampoo-rich-halus-lembut-argan-perawatan-rambut-600ml/p/BP_66887,4/15/2026
P528,head & shoulders shampoo lemon 160ml,head & shoulder,Shampoo,26300,160,Ml,"aqua, sodium laureth sulfate, cocamidopropyl betaine, dimethicone, ethylene glycol distearate, fragrance, sodium lauryl sulfate, sodium chloride, acrylates copolymer, polyquaternium-10, dmdm hydantoin, laureth-23, laureth-3, guar hydroxypropyltrimonium chloride, disodium edta, butylene glycol, argania spinosa kernel oil, phytosteryl octyldodecyl lauroyl glutamate, vitis vinifera seed extract","[""dimethicone"", ""argania spinosa kernel oil""]",https://www.watsons.co.id/id/head-shoulder-head-shoulders-shampoo-lemon-160ml/p/BP_28635,4/15/2026
P529,shampoo hyaluron hairfall control 400ml,Dove,Shampoo,52500,400,ml,"water, sodium laureth sulfate, sodium chloride, cocamidopropyl betaine, glycerin, perfume, dimethiconol, sodium benzoate, tea-dodecylbenzenesulfonate, citric acid, guar hydroxypropyltrimonium chloride, laureth-23, disodium edta, benzophenone-4, phenoxyethanol, sodium hyaluronate, zinc sulfate heptahydrate, iodopropynyl butylcarbamate, ceramide ng, sodium sulfate, hydrolyzed yeast protein, potassium sorbate, ci 17200, ci 42090","[""glycerin"", ""sodium hyaluronate"", ""ceramide np"", ""hydrolyzed wheat protein""]",https://www.watsons.co.id/id/dove-shampoo-hyaluron-hairfall-control-400ml/p/BP_64175,4/15/2026
P530,shampoo micellar hairfall control 155ml,Dove,Shampoo,26000,155,ml,"water, sodium laureth sulfate, cocamidopropyl betaine, dimethiconol, sodium chloride, perfume, glycerin, glycol distearate, ppg-7, tea-dodecylbenzenesulfonate, sodium benzoate, carbomer, guar hydroxypropyltrimonium chloride, citric acid, mica, cocamide mea, peg-45m, trideceth-10, disodium edta, titanium dioxide, phenoxyethanol, silica, zinc sulfate heptahydrate, ceramide ng, iodopropynyl butylcarbamate, butylated hydroxytoluene, sodium sulfate, hydrolyzed yeast protein, potassium sorbate, ci 15985, ci 19140","[""glycerin"", ""ceramide np"", ""hydrolyzed wheat protein""]",https://www.watsons.co.id/id/dove-shampoo-micellar-hairfall-control-155ml/p/BP_64169,4/15/2026
P532,wardah daily fresh shampoo 160ml,wardah,Shampoo,27500,160,ml,"aqua, sodium laureth sulfate, cocamidopropyl betaine, glycerin, fragrance, sodium chloride, sodium pca, peg-200 hydrogenated glyceryl palmate, panthenol, polyquaternium-47, polyquaternium-10, dmdm hydantoin, propylene glycol, peg-7 glyceryl cocoate, polyquaternium-7, hydrolyzed wheat protein, mentha piperita leaf extract, aloe barbadensis leaf extract, ulva lactuca extract, polysorbate 60, sodium benzoate, citric acid, potassium sorbate","[""glycerin"", ""panthenol"", ""hydrolyzed wheat protein"", ""aloe barbadensis leaf extract""]",https://www.watsons.co.id/id/wardah-wardah-daily-fresh-shampoo-160ml/p/BP_73745,4/15/2026
P535,pro-v shampoo anti lepek pro-v perawatan rambut 480ml,Pantene,Shampoo,96500,480,ml,"water, sodium laureth sulfate, cocamidopropyl betaine, sodium chloride, sodium xylenesulfonate, sodium citrate, fragrance, dimethiconol, citric acid, sodium benzoate, guar hydroxypropyltrimonium chloride, tetrasodium edta, panthenol, histidine, methylchloroisothiazolinone, methylisothiazolinone","[""panthenol""]",https://www.watsons.co.id/id/pantene-pro-v-shampoo-anti-lepek-pro-v-perawatan-rambut-480ml/p/BP_73611,4/15/2026
P536,natur shampoo anti dandruff 140ml,natur,Shampoo,29900,140,ml,"water, sodium lauryl sulfate, sodium laureth sulfate, dimethicone, cocamidopropyl betaine, glycol distearate, fragrance, zinc pyrithione, sodium citrate, cocamide mea, sodium xylenesulfonate, sodium chloride, sodium benzoate, guar hy droxypropyltrimonium chloride, benzyl alcohol, citric acid, panthenol, panthenyl ethyl ether, oryza sativa bran oil, methylchloroisothiazolinone, methylisothiazounone","[""dimethicone"", ""zinc pyrithione"", ""panthenol""]",https://www.watsons.co.id/id/natur-natur-shampoo-anti-dandruff-140ml/p/BP_73551,4/15/2026
P541,dry shampoo fruity 50ml,Ellips,Shampoo,47300,50,ml,"water, sodium laureth sulfate, dimethiconol, cocamidopropyl betaine, perfume, sodium chloride, glycol distearate, phenoxyethanol, glycerin, tea-dodecylbenzenesulfonate, carbomer, piroctone olamine, sodium salicylate, guar hydroxypropyltrimonium chloride, mica, cocamide mea, citric acid, trideceth-10, sodium hydroxide, titanium dioxide, cyclotetrasiloxane, sodium benzoate, helianthus annuus seed oil, iodopropynyl butylcarbamate","[""glycerin"", ""piroctone olamine""]",https://www.watsons.co.id/id/ellips-dry-shampoo-fruity-50ml/p/BP_73709,4/15/2026
P542,loreal paris elseve extraordinary oil ultra nourishment shampoo 280ml,l'oreal,Shampoo,91500,280,ml,"water, sodium laureth sulfate, cocamidopropyl betaine, dimethiconol, sodium chloride, fragrance, zinc pyrithione, dimethicone, phenoxyethanol, sodium salicylate, carbomer, guar hydroxypropyltrimonium chloride, sodium hydroxide, citric acid, tea-dodecylbenzenesulfonate, niacinamide, zinc sulfate heptahydrate, glycerin, tea-sulfate, laureth-23, poloxamer 407, sodium benzoate, sodium polynaphthalenesulfonate, helianthus annuus seed oil, laureth-4, glycine, peg-4, cellulose gum, caprylyl glycol, xanthan gum, potassium sorbate, iodopropynyl butylcarbamate, sodium sulfate, ci 42090, ci 47005","[""zinc pyrithione"", ""dimethicone"", ""niacinamide"", ""glycerin""]",https://www.watsons.co.id/id/l-oreal-l%E2%80%99oreal-paris-elseve-extraordinary-oil-ultra-nourishment-shampoo-280ml/p/BP_21471,4/15/2026
P543,coconut nourishing shampoo 490ml,naturals by watsons,Shampoo,57900,490,ml,"aqua, ammonium lauryl sulfate, glycerin, cocamidopropyl betaine, cocamide mea, phenoxyethanol, sodium chloride, parfum, polysorbate 20, chlorphenesin, polyquaternium-10, polyquaternium-7, sodium benzoate, butyl methoxydibenzoylmethane, trisodium ethylenediamine disuccinate, citric acid, butyrospermum parkii butter*, cocos nucifera oil*, crambe abyssinica seed oil, panthenol, sodium hyaluronate, linoleic acid, oleic acid, cocos nucifera fruit extract*, lavandula angustifolia oil, palmitic acid, stearic acid, linolenic acid, tocopherol, hexyl cinnamal *ingredients from certified organic agriculture","[""glycerin"", ""butyrospermum parkii"", ""panthenol"", ""sodium hyaluronate"", ""tocopherol""]",https://www.watsons.co.id/id/naturals-by-watsons-coconut-nourishing-shampoo-490ml/p/BP_59975,4/15/2026
P544,hairfall treatment shampoo 340ml,serasoft,Shampoo,31000,340,ml,"aqua, cocamidopropyl betaine, potassium cocoyl hydrolyzed oat protein, sodium cocoyl glycinate, peg-120 methyl glucose dioleate, butylene glvcol, aleurites moluccana seed extract, propylene glycol, fragrance, panthenol, polyquaternium-10, aloe barbadensis leaf extract, phenoxyeth-anol, dmdm hydantoin, tetrasodium edia, citric acid","[""panthenol"", ""aloe barbadensis leaf extract""]",https://www.watsons.co.id/id/serasoft-hairfall-treatment-shampoo-340ml/p/BP_73367,4/15/2026
P550,shampoo anti ketombe pro-v perawatan rambut 990ml,Pantene,Shampoo,146900,990,ml,"water, sodium lauryl sulfate, sodium laureth sulfate, dimethicone, cocamidopropyl betaine, glycol distearate, fragrance, zinc pyrithione, sodium citrate, cocamide mea, sodium xylenesulfonate, sodium chloride, sodium benzoate, guar hy droxypropyltrimonium chloride, benzyl alcohol, citric acid, panthenol, panthenyl ethyl ether, oryza sativa (ricebran oil, methylchloroisothiazolinone, methylisothiazounone","[""dimethicone"", ""zinc pyrithione"", ""panthenol""]",https://www.watsons.co.id/id/pantene-shampoo-anti-ketombe-pro-v-perawatan-rambut-990ml/p/BP_66880,4/15/2026
P552,l'oreal elseve total repair 5 shampoo 410ml,l'oreal,Shampoo,120500,410,ml,"aqua water, sodium laureth sulfate, cocamidopropyl betaine, dimethicone, sodium chloride, ci 77891 titanium dioxide, guar hydroxypropyltrimonium chloride, mica, coco-betaine, sodium benzoate, sodium hydroxide, phenoxyethanol, steareth-6, acetic acid, peg-100 stearate, arginine, trideceth-10, trideceth-3, salicylic acid, limonene, fumaric acid, linalool, benzyl alcohol, benzyl salicylate, amodimethicone, 2-oleamido-1, 3-octadecanediol, alpha-isomethyl ionone, parfum fragrance, carbomer, serine, citric acid, citronellol, hexylene glycol, glycerin, glycol distearate ","[""dimethicone"", ""lactic acid"", ""arginine"", ""salicylic acid"", ""amodimethicone"", ""glycerin""]",https://www.watsons.co.id/id/l-oreal-l-oreal-elseve-total-repair-5-shampoo-410ml/p/BP_44329,4/15/2026
P554,pro-v shampoo silky smooth care 290ml,Pantene,Shampoo,46500,290,ml,"water, sodium lauryl sulfate, sodium laureth sulfate, sodium chloride, cocamidopropyl betaine, glycol distearate, citric acid, fragrance, sodium citrate, cocamide mea, sodium xylenesulfonate, dimethicone, guar hydroxypropyltrimonium chloride, sodium benzoate, tetrasodium edta, trisodium ethylenediamine disuccinate, panthenol, panthenyl ethyl ether, methylchloroisothiazolinone, methylisothiazolinone","[""dimethicone"", ""panthenol""]",https://www.watsons.co.id/id/pantene-pro-v-shampoo-silky-smooth-care-290ml/p/BP_70213,4/15/2026
P555,shampoo refreshing cool green tea mint botol 680ml,zinc,Shampoo,51000,680,ml,"aqua, cocamidopropyl betaine, potassium cocoyl hydrolyzed oat protein, sodium cocoyl glycinate, peg-120 methyl glucose dioleate, butylene glvcol, aleurites moluccana seed extract, propylene glycol, fragrance, panthenol, polyquaternium-10, aloe barbadensis leaf extract, phenoxyeth-anol, dmdm hydantoin, tetrasodium edia, citric acid","[""panthenol"", ""aloe barbadensis leaf extract""]",https://www.watsons.co.id/id/zinc-shampoo-refreshing-cool-green-tea-mint-botol-680ml/p/BP_27079,4/15/2026
P561,shampoo anti ketombe cool menthol perawatan rambut 400ml,head & shoulder,Shampoo,98500,400,ml,"air, natrium lauril sulfat, natrium lauret sulfat, natrium klorida, glikol distearat, dimetikon, zinc karbonat, natrium xilenasulfonat, kokamidopropil betaina, zinc pirition, pewangi, mentol, natrium benzoat, guar hidroksipropiltrimonium klorida, magnesium karbonat hidroksida, metilkkloroisotiazolinon, metilisotiazolinon, ci 42090, ci 17200","[""menthol""]",https://www.watsons.co.id/id/head-shoulder-shampoo-anti-ketombe-cool-menthol-perawatan-rambut-400ml/p/BP_66881,4/15/2026
P563,shampoo anti ketombe cool menthol perawatan rambut 840ml,head & shoulder,Shampoo,190000,840,ml,"air, natrium lauril sulfat, natrium lauret sulfat, natrium klorida, glikol distearat, dimetikon, zinc karbonat, natrium xilenasulfonat, kokamidopropil betaina, zinc pirition, pewangi, mentol, natrium benzoat, guar hidroksipropiltrimonium klorida, magnesium karbonat hidroksida, metilkkloroisotiazolinon, metilisotiazolinon, ci 42090, ci 17200","[""menthol""]",https://www.watsons.co.id/id/head-shoulder-shampoo-anti-ketombe-cool-menthol-perawatan-rambut-840ml/p/BP_66883,4/15/2026
P564,l'oreal elseve hyaluron pure 72h purifying shampoo 280ml,l'oreal,Shampoo,99500,280,ml,"water, sodium laureth sulfate, cocamidopropyl betaine, sodium chloride, citric acid, cocamide mea, sodium citrate, sodium xylenesulfonate, fragrance, dimethiconol, sodium benzoate, guar hydroxypropyltrimonium chloride, disodium edta, panthenol, panthenyl ethyl ether, persea gratissima oil, methylchloroisothiazolinone, methylisothiazolinone, ci 19140, ci 17200, ci 42090","[""panthenol""]",https://www.watsons.co.id/id/l-oreal-l-oreal-elseve-hyaluron-pure-72h-purifying-shampoo-280ml/p/BP_44811,4/15/2026
P565,pro-v shampoo anti ketombe 70ml,Pantene,Shampoo,21000,70,ml,"water, sodium lauryl sulfate, sodium laureth sulfate, cocamidopropyl betaine, sodium xylenesulfonate, dimethicone, glycol distearate, fragrance, sodium citrate, cocamide mea, sodium chloride, benzyl alcohol, climbazole, guar hydroxypropyltrimonium chloride, citric acid, sodium benzoate, tetrasodium edta, panthenol, methylchloroisothiazolinone, methylisothiazolinone","[""dimethicone"", ""climbazole"", ""panthenol""]",https://www.watsons.co.id/id/pantene-pro-v-shampoo-anti-ketombe-70ml/p/BP_72958,4/15/2026
P568,l'oreal paris elseve total repair 5 repairing shampoo hair care 280ml,l'oreal,Shampoo,91500,280,ml,"aqua, sodium laureth sulfate, cocamidopropyl betaine, perfume, glycol distearate, phenoxyethanol, sodium chloride, laureth-4, panthenol, sodium pca, peg-120 methyl glucose dioleate, chlorphenesin, glycerin, hydrolyzed keratin, disodium edta, formic acid","[""panthenol"", ""glycerin"", ""hydrolyzed keratin""]",https://www.watsons.co.id/id/l-oreal-l-oreal-paris-elseve-total-repair-5-repairing-shampoo-hair-care-280ml/p/BP_21470,4/15/2026
P569,shampoo hyaluron hairfall control 155ml,Dove,Shampoo,26000,155,ml,"water, sodium laureth sulfate, sodium chloride, cocamidopropyl betaine, glycerin, perfume, dimethiconol, sodium benzoate, tea-dodecylbenzenesulfonate, citric acid, guar hydroxypropyltrimonium chloride, laureth-23, disodium edta, benzophenone-4, phenoxyethanol, sodium hyaluronate, zinc sulfate heptahydrate, iodopropynyl butylcarbamate, ceramide ng, sodium sulfate, hydrolyzed yeast protein, potassium sorbate, ci 17200, ci 42090","[""glycerin"", ""sodium hyaluronate"", ""ceramide np"", ""hydrolyzed wheat protein""]",https://www.watsons.co.id/id/dove-shampoo-hyaluron-hairfall-control-155ml/p/BP_64165,4/15/2026
P570,shampoo hair fall treatment 170ml,serasoft,Shampoo,19000,170,ml,"aqua, cocamidopropyl betaine, potassium cocoyl hydrolyzed oat protein, sodium cocoyl glycinate, peg-120 methyl glucose dioleate, butylene glvcol, aleurites moluccana seed extract, propylene glycol, fragrance, panthenol, polyquaternium-10, aloe barbadensis leaf extract, phenoxyeth-anol, dmdm hydantoin, tetrasodium edia, citric acid","[""panthenol"", ""aloe barbadensis leaf extract""]",https://www.watsons.co.id/id/serasoft-shampoo-hair-fall-treatment-170ml/p/BP_73373,4/15/2026
P571,shampoo black & shine 450ml,emeron,Shampoo,37500,450,ml,"aqua, cocamidopropyl betaine, potassium cocoyl hydrolyzed oat protein, sodium cocoyl glycinate, peg-120 methyl glucose dioleate, butylene glvcol, aleurites moluccana seed extract, propylene glycol, fragrance, panthenol, polyquaternium-10, aloe barbadensis leaf extract, phenoxyeth-anol, dmdm hydantoin, tetrasodium edia, citric acid","[""panthenol"", ""aloe barbadensis leaf extract""]",https://www.watsons.co.id/id/emeron-shampoo-black-shine-450ml/p/BP_46478,4/15/2026
P572,clear shampoo anti ketombe & rambut rontok 300ml,clear,Shampoo,33900,300,ml,"water, sodium laureth sulfate, dimethiconol, cocamidopropyl betaine, sodium chloride, dimethicone, perfume, piroctone olamine, glycerin, phenoxyethanol, sodium salicylate, carbomer, guar hydroxypropyltrimonium chloride, mica, citric acid, tea-dodecylbenzenesulfonate, niacinamide, tea-sulfate, sodium hydroxide, poloxamer 407, laureth-23, titanium dioxide, sodium benzoate, helianthus annuus seed oil, zinc sulfate, laureth-4, glycine, peg-4, xanthan gum, potassium sorbate, propylene glycol, iodopropynyl butylcarbamate, glucose, trideceth-9, peg-40 hydrogenated castor oil, sodium sulfate, panax ginseng root extract, lactic acid, ci 19140","[""dimethicone"", ""piroctone olamine"", ""glycerin"", ""niacinamide"", ""panax ginseng root extract"", ""lactic acid""]",https://www.watsons.co.id/id/clear-clear-shampoo-anti-ketombe-rambut-rontok-300ml/p/BP_39304,4/15/2026
P573,premium moist & repair bundle shampoo + conditioner 450ml,Tsubaki,Conditioner,299800,450,ml,"tsubaki premium moist & repair conditioner 450 ml aqua, stearyl alcohol, isopentyldiol, behentrimonium chloride, glycerin, dimethicone, cetyl alcohol, isopropyl alcohol, fragrance, dipropylene glycol, isopropyl myristate, aminopropyl dimethicone, peg-2 laurate, sodium benzoate, phenoxyethanol, sodium methyltaurate, salicylic acid, c13-16 isoparaffin, polysilicone-13, steartrimonium chloride, laurtrimonium chloride, c10-13 isoparaffin, disodium edta, squalane, camellia japonica seed oil, cetrimonium chloride, butylene glycol, sodium dilauramidoglutamide lysine, amodimethicone, phytosteryl octyldodecyl lauroyl glutamate, phytosteryl macadamiate, ppg-2-deceth-12, glycine soja seed extract, bis-ethylhexyloxyphenol methoxyphenyl triazine, lactic acid, sodium acetylated hyaluronate, tocopherol tsubaki premium moist & repair shampoo 450 ml aqua, sodium laureth sulfate, cocamidopropyl betaine, glycol distearate, peg-2 laurate, sodium sulfate, fragrance, dipropylene glycol, phenoxyethanol, guar hydroxypropyltrimonium chloride, lauric acid, sodium benzoate, propyltrimoniumchloride acrylamide dimethylacrylamide copolymer, salicylic acid, citric acid, disodium edta, polyquaternium-10, dimethiconol, laurtrimonium chloride, squalane, camellia japonica seed oil, butylene glycol, sodium dilauramidoglutamide lysine, sodium lauryl sulfate, phytosteryl octyldodecyl lauroyl glutamate, phytosteryl macadamiate, glycine soja seed extract, bis-ethylhexyloxyphenol methoxyphenyl triazine, sodium acetylated hyaluronate, tocopherol","[""glycerin"", ""dimethicone"", ""salicylic acid"", ""amodimethicone"", ""lactic acid"", ""tocopherol""]",https://www.watsons.co.id/id/tsubaki-premium-moist-repair-bundle-shampoo-conditioner-450ml/p/BP_61253,4/15/2026
P574,emeron shampoo hair fall control 340ml,emeron,Shampoo,29900,340,ml,"aqua, sodium laureth sulfate, sodium lauryl sulfate, glycol distearate, cocamidopropyl betaine, dimethiconol, perfume, dimethicone, propylene glycol, argania spinosa kernel oil, aloe barbadensis leaf extract, panax quinquefolium root extract, guar hydroxypropyltrimonium chloride, polyquaternium-10, cocamide dea, sodium sulfate, sodium chloride, potassium chloride, citric acid, sodium hydroxide, tea-sulfate, tetrasodium edta, tea-dodecylbenzenesulfonate, sodium benzoate, methylchloroisothiazolinone, methylisothiazolinone, benzyl alcohol, iodopropynyl butylcarbamate, dmdm hydantoin, panthenol, panthenyl ethyl ether, sodium pca, sodium lactate, arginine, aspartic acid, pca, glycine, alanine, serine, valine, proline, threonine, isoleucine, histidine, phenylalanine, niacinamide, calcium pantothenate, sodium ascorbyl phosphate, tocopheryl acetate, pyridoxine hcl, cyclotetrasiloxane, cyclopentasiloxane, cyclohexasiloxane, maltodextrin, sodium starch octenylsuccinate, silica, hydrogen peroxide, c12-15 pareth-3, hexylene glycol, ci 42090, ci 47005","[""dimethicone"", ""argania spinosa kernel oil"", ""aloe barbadensis leaf extract"", ""panthenol"", ""arginine"", ""zinc pca"", ""niacinamide"", ""sodium ascorbyl phosphate"", ""tocopheryl acetate""]",https://www.watsons.co.id/id/emeron-emeron-shampoo-hair-fall-control-340ml/p/BP_43239,4/15/2026
P575,tsubaki premium volume & repair shampoo 450ml,Tsubaki,Shampoo,149900,450,ml,"aqua, sodium laureth sulfate, cocamidopropyl betaine, peg-2 laurate, sodium sulfate, fragrance, dipropylene glycol, isostearyl alcohol, phenoxyethanol, guar hydroxypropyltrimonium chloride, sodium benzoate, peg-60 hydrogenated castor oil, polyquaternium-10, salicylic acid, disodium edta, sodium methyl cocoyl taurate, laurtrimonium chloride, citric acid, aspartic acid, camellia japonica seed oil, polyquaternium-11, sodium dilauramidoglutamide lysine, taurine, phytosteryl octyldodecyl lauroyl glutamate, phytosteryl macadamiate, bis-ethylhexyloxyphenol methoxyphenyl triazine, squalane, tocopherol","[""salicylic acid"", ""tocopherol""]",https://www.watsons.co.id/id/tsubaki-tsubaki-premium-volume-repair-shampoo-450ml/p/BP_45140,4/15/2026
P577,lavojoy hair we bloom shampoo 300ml,Lavojoy,Shampoo,71900,300,ml,"1 zinc pca 2 tea tree oil 3 salicylic acid fresh fragrance - season of flower top notes: bellflower, male lilac middle notes: lily of the valley, rose, jasmine base notes: cedar, musk, oakmoss origin indonesia commodity specifications bpom : na11231000221 product usage tuangkan sampo secukupnya ke telapak tangan anda, pijatkan ke kulit kepala, lalu bilas ingredients water, sodium laureth sulfate, sodium chloride, cocamidopropyl hydroxysultaine, cocamide methyl mea, aroma, phenoxyethanol, cocamidopropyl betaine, sodium benzoate, trimethylolpropane tricaprylate tricaprate, coco-glucoside, glyceryl oleate, sodium lauroyl sarcosinate, hydroxypropyl guar hydroxypropyltrimonium chloride, polyquaternium-7, citric acid, glycerin, sodium pca, myristamidopropyl pg-dimonium chloride phosphate, disodium edta, sodium cocamidopropyl pg-dimonium chloride phosphate, phytosteryl oleate, glyceryl behenate, sodium polyaspartate, propylene glycol, ppg-26-buteth-26, butylene glycol, 1, 2-hexanediol, tocopherol, pentylene glycol, hydrogenated palm glycerides citrate, salicylic acid, melaleuca alternifolia leaf oil, maris sal, zinc pca, rosmarinus officinalis leaf extract, yeast extract, ethylhexylglycerin","[""salicylic acid"", ""glycerin"", ""tocopherol"", ""melaleuca alternifolia oil"", ""zinc pca"", ""rosmarinus officinalis leaf extract""]",https://www.watsons.co.id/id/lavojoy-lavojoy-hair-we-bloom-shampoo-300ml/p/BP_39933,4/15/2026
P579,shampoo supreme anti hair fall 330ml,head & shoulder,Shampoo,82500,330,ml,"aqua, sodium laureth sulfate, cocamidopropyl betaine, dimethicone, ethylene glycol distearate, fragrance, sodium lauryl sulfate, sodium chloride, acrylates copolymer, polyquaternium-10, dmdm hydantoin, laureth-23, laureth-3, guar hydroxypropyltrimonium chloride, disodium edta, butylene glycol, argania spinosa kernel oil, phytosteryl octyldodecyl lauroyl glutamate, vitis vinifera seed extract","[""dimethicone"", ""argania spinosa kernel oil""]",https://www.watsons.co.id/id/head-shoulder-shampoo-supreme-anti-hair-fall-330ml/p/BP_70590,4/15/2026
P581,lavojoy so so so smooth shampoo 300ml,Lavojoy,Shampoo,71900,300,ml,"1 amino acid 2 hyaluronic acid 3 olive oil fresh floral fragrance - berry fragrance top notes: orange citrus lemon middle notes: mimosa, jasmine, ylang ylang base notes: tonka beans, patchouli, myrrh, vetiver origin indonesia commodity specifications bpom : na11231000226 product usage tuangkan sampo secukupnya ke telapak tangan anda, pijatkan ke kulit kepala, lalu bilas ingredients water, sodium laureth sulfate, cocamide methyl mea, sodium chloride, cocamidopropyl hydroxysultaine, glycerin, phenoxyethanol, aroma, cocamidopropyl betaine, sodium benzoate, amodimethicone, trimethylolpropane tricaprylate tricaprate, sodium lauroyl sarcosinate, polyquaternium-7, citric acid, trideceth-6, sodium pca, myristamidopropyl pg-dimonium chloride phosphate, disodium edta, sodium cocamidopropyl pg-dimonium chloride phosphate, glyceryl behenate, phytosteryl oleate, sodium polyaspartate, trideceth-12, propylene glycol, ppg-26-buteth-26, peg-40 hydrogenated castor oil, butylene glycol, 1, 2-hexanediol, pentylene glycol, limnanthes alba seed oil, simmondsia chinensis seed oil, squalane, sodium hyaluronate, olea europaea fruit oil","[""glycerin"", ""amodimethicone"", ""simmondsia chinensis seed oil"", ""sodium hyaluronate"", ""olea europaea oil""]",https://www.watsons.co.id/id/lavojoy-lavojoy-so-so-so-smooth-shampoo-300ml/p/BP_39932,4/15/2026
P582,total repair 5 repairing shampoo - 170ml,l'oreal,Shampoo,57900,170,ml,"aqua water, sodium laureth sulfate, cocamidopropyl betaine, dimethicone, sodium chloride, ci 77891 titanium dioxide, guar hydroxypropyltrimonium chloride, mica, coco-betaine, sodium benzoate, sodium hydroxide, phenoxyethanol, steareth-6, acetic aci","[""dimethicone""]",https://www.watsons.co.id/id/l-oreal-total-repair-5-repairing-shampoo-170ml/p/BP_48662,4/15/2026
P583,clear shampoo anti ketombe & rambut rontok - 160ml,clear,Shampoo,39600,160,Ml,"aqua, sodium laureth sulfate, sodium lauryl sulfate, glycol distearate, cocamidopropyl betaine, dimethiconol, perfume, dimethicone, propylene glycol, argania spinosa kernel oil, aloe barbadensis leaf extract, panax quinquefolium root extract, guar hydroxypropyltrimonium chloride, polyquaternium-10, cocamide dea, sodium sulfate, sodium chloride, potassium chloride, citric acid, sodium hydroxide, tea-sulfate, tetrasodium edta, tea-dodecylbenzenesulfonate, sodium benzoate, methylchloroisothiazolinone, methylisothiazolinone, benzyl alcohol, iodopropynyl butylcarbamate, dmdm hydantoin, panthenol, panthenyl ethyl ether, sodium pca, sodium lactate, arginine, aspartic acid, pca, glycine, alanine, serine, valine, proline, threonine, isoleucine, histidine, phenylalanine, niacinamide, calcium pantothenate, sodium ascorbyl phosphate, tocopheryl acetate, pyridoxine hcl, cyclotetrasiloxane, cyclopentasiloxane, cyclohexasiloxane, maltodextrin, sodium starch octenylsuccinate, silica, hydrogen peroxide, c12-15 pareth-3, hexylene glycol, ci 42090, ci 47005","[""dimethicone"", ""argania spinosa kernel oil"", ""aloe barbadensis leaf extract"", ""panthenol"", ""arginine"", ""zinc pca"", ""niacinamide"", ""sodium ascorbyl phosphate"", ""tocopheryl acetate""]",https://www.watsons.co.id/id/clear-clear-shampoo-anti-ketombe-rambut-rontok-160ml/p/BP_38693,4/15/2026
P585,wardah hairfall treatment shampoo 160ml,wardah,Shampoo,27500,160,ml,"aqua, sodium laureth sulfate, cocamidopropyl betaine, dimethicone, glycol distearate, sodium chloride, fragrance, potassium cocoyl glycinate, acrylates copolymer, polyquaternium-10, dmdm hydantoin, guar hydroxypropyltrimonium chloride, laureth-23, laureth-3, disodium edta, propylene glycol, rosmarinus officinalis leaf oil, glucose, peg-40 hydrogenated castor oil, trideceth-9, lactic acid, panax ginseng root extract, sodium benzoate, potassium sorbate, hydrolyzed keratin, caramel, phenoxyethanol","[""dimethicone"", ""rosmarinus officinalis leaf oil"", ""lactic acid"", ""panax ginseng root extract"", ""hydrolyzed keratin""]",https://www.watsons.co.id/id/wardah-wardah-hairfall-treatment-shampoo-160ml/p/BP_73744,4/15/2026
P586,pro-v shampoo anti ketombe 160ml,Pantene,Shampoo,31000,160,ml,"water, sodium lauryl sulfate, sodium laureth sulfate, cocamidopropyl betaine, sodium xylenesulfonate, dimethicone, glycol distearate, fragrance, sodium citrate, cocamide mea, sodium chloride, benzyl alcohol, climbazole, guar hydroxypropyltrimonium chloride, citric acid, sodium benzoate, tetrasodium edta, panthenol, methylchloroisothiazolinone, methylisothiazolinone","[""dimethicone"", ""climbazole"", ""panthenol""]",https://www.watsons.co.id/id/pantene-pro-v-shampoo-anti-ketombe-160ml/p/BP_70207,4/15/2026
P588,serasoft shampoo hijab 170ml,serasoft,Shampoo,21500,170,ml,"water, sodium laureth sulfate, dimethiconol, cocamidopropyl betaine, perfume, sodium chloride, glycol distearate, phenoxyethanol, glycerin, tea-dodecylbenzenesulfonate, carbomer, piroctone olamine, sodium salicylate, guar hydroxypropyltrimonium chloride, mica, cocamide mea, citric acid, trideceth-10, sodium hydroxide, titanium dioxide, cyclotetrasiloxane, sodium benzoate, helianthus annuus seed oil, iodopropynyl butylcarbamate","[""glycerin"", ""piroctone olamine""]",https://www.watsons.co.id/id/serasoft-serasoft-shampoo-hijab-170ml/p/BP_27628,4/15/2026
P589,clear shampoo anti ketombe menthol segar 300ml,clear,Shampoo,33900,300,ml,"water, sodium laureth sulfate, sodium chloride, cocamidopropyl betaine, perfume, dimethiconol, menthol, polyquaternium-6, piroctone olamine, carbomer, dimethicone, phenoxyethanol, sodium salicylate, menthyl lactate, mica, sodium hydroxide, citric acid, niacinamide, glycerin, titanium dioxide, tea-dodecylbenzenesulfonate, tea-sulfate, sodium benzoate, helianthus annuus seed oil, poloxamer 407, laureth-23, glycine, laureth-4, peg-4, xanthan gum, propylene glycol, potassium sorbate, mentha piperita leaf extract, iodopropynyl butylcarbamate, sodium sulfate, citrus aurantifolia juice, glucose, lactic acid, ci 42090","[""menthol"", ""piroctone olamine"", ""dimethicone"", ""niacinamide"", ""glycerin"", ""lactic acid""]",https://www.watsons.co.id/id/clear-clear-shampoo-anti-ketombe-menthol-segar-300ml/p/BP_39319,4/15/2026
P591,premium volume & repair bundle shampoo + conditioner 450ml,Tsubaki,Conditioner,299800,450,ml,"tsubaki premium volume & repair conditioner 450 ml aqua, isopentyldiol, behentrimonium chloride, glycerin, stearyl alcohol, behenyl alcohol, dimethicone, cetyl alcohol, isopropyl alcohol, fragrance, dipropylene glycol, isopropyl myristate, peg-2 laurate, sodium benzoate, amodimethicone, phenoxyethanol, sodium methyltaurate, salicylic acid, aminopropyl dimethicone, ppg-2-deceth-12, laurtrimonium chloride, c13-16 isoparaffin, steartrimonium chloride, polysilicone-13, squalane, aspartic acid, disodium edta, camellia japonica seed oil, polyquaternium-11, c10-13 isoparaffin, lactic acid, sodium dilauramidoglutamide lysine, taurine, cetrimonium chloride, phytosteryl octyldodecyl lauroyl glutamate, phytosteryl macadamiate, bis-ethylhexyloxyphenol methoxyphenyl triazine, tocopherol tsubaki premium volume & repair shampoo 450 ml aqua, sodium laureth sulfate, cocamidopropyl betaine, peg-2 laurate, sodium sulfate, fragrance, dipropylene glycol, isostearyl alcohol, phenoxyethanol, guar hydroxypropyltrimonium chloride, sodium benzoate, peg-60 hydrogenated castor oil, polyquaternium-10, salicylic acid, disodium edta, sodium methyl cocoyl taurate, laurtrimonium chloride, citric acid, aspartic acid, camellia japonica seed oil, polyquaternium-11, sodium dilauramidoglutamide lysine, taurine, phytosteryl octyldodecyl lauroyl glutamate, phytosteryl macadamiate, bis-ethylhexyloxyphenol methoxyphenyl triazine, squalane, tocopherol","[""glycerin"", ""dimethicone"", ""amodimethicone"", ""salicylic acid"", ""lactic acid"", ""tocopherol""]",https://www.watsons.co.id/id/tsubaki-premium-volume-repair-bundle-shampoo-conditioner-450ml/p/BP_61254,4/15/2026
P593,shampoo perawatan rambut rontok pro-v 400ml,Pantene,Shampoo,96500,400,ml,"water, sodium laureth sulfate, dimethicone, cocamidopropyl betaine, sodium citrate, sodium xylenesulfonate, glycol distearate, sodium chloride, fragrance, stearyl alcohol, cetyl alcohol, guar hydroxypropyltrimonium chloride, citric acid, sodium benzoate, tetrasodium edta, polyouaternium-6, histidine, panthenol panthenyl ethyl ether, oryza sativa bran oil methylchloroisothiazolinone, methylisothiazolinone","[""dimethicone"", ""panthenol""]",https://www.watsons.co.id/id/pantene-shampoo-perawatan-rambut-rontok-pro-v-400ml/p/BP_74048,4/15/2026
P594,dry shampoo pretty & opulent oriental 200ml,batiste,Shampoo,122900,200,ml,"water, sodium laureth sulfate, dimethiconol, cocamidopropyl betaine, perfume, sodium chloride, glycol distearate, phenoxyethanol, glycerin, tea-dodecylbenzenesulfonate, carbomer, piroctone olamine, sodium salicylate, guar hydroxypropyltrimonium chloride, mica, cocamide mea, citric acid, trideceth-10, sodium hydroxide, titanium dioxide, cyclotetrasiloxane, sodium benzoate, helianthus annuus seed oil, iodopropynyl butylcarbamate","[""glycerin"", ""piroctone olamine""]",https://www.watsons.co.id/id/batiste-dry-shampoo-pretty-opulent-oriental-200ml/p/BP_15440,4/15/2026
P597,moist diane shampoo extra fresh & hydrate 450ml,Moist Diane,Shampoo,116900,450,ml,"aqua, sodium laureth sulfate, cocamidopropyl betaine, glycol distearate, peg-2 laurate, sodium sulfate, fragrance, dipropylene glycol, phenoxyethanol, guar hydroxypropyltrimonium chloride, lauric acid, sodium benzoate, propyltrimoniumchloride acrylamide dimethylacrylamide copolymer, salicylic acid, citric acid, disodium edta, polyquaternium-10, dimethiconol, laurtrimonium chloride, squalane, camellia japonica seed oil, butylene glycol, sodium dilauramidoglutamide lysine, sodium lauryl sulfate, phytosteryl octyldodecyl lauroyl glutamate, phytosteryl macadamiate, glycine soja seed extract, bis-ethylhexyloxyphenol methoxyphenyl triazine, sodium acetylated hyaluronate, tocopherol","[""salicylic acid"", ""tocopherol""]",https://www.watsons.co.id/id/moist-diane-moist-diane-shampoo-extra-fresh-hydrate-450ml/p/BP_38502,4/15/2026
P599,shampo ginseng 200ml,Mylea,Shampoo,61600,200,ml,"aqua water, sodium laureth sulfate, cocamidopropyl betaine, dimethicone, sodium chloride, ci 77891 titanium dioxide, guar hydroxypropyltrimonium chloride, mica, coco-betaine, sodium benzoate, sodium hydroxide, phenoxyethanol, steareth-6, acetic acid, arginine, peg-100 stearate, trideceth-10, trideceth-3, salicylic acid, limonene, fumaric acid, linalool, benzyl alcohol, benzyl salicylate, amodimethicone, alpha-isomethyl ionone, parfum fragrance, carbomer, citric acid, citronellol, hexylene glycol, glycerin, glycol distearate ","[""dimethicone"", ""lactic acid"", ""arginine"", ""salicylic acid"", ""amodimethicone"", ""glycerin""]",https://www.watsons.co.id/id/mylea-shampo-ginseng-200ml/p/BP_73182,4/15/2026
P600,shampoo super cool 300ml,head & shoulder,Shampoo,87900,300,ml,"water, sodium laureth sulfate, cocamidopropyl betaine, zinc pyrithione, menthol, fragrance, polyquaternium, ","[""zinc pyrithione"", ""menthol""]",https://www.watsons.co.id/id/head-shoulder-shampoo-super-cool-300ml/p/BP_74790,4/15/2026
P601,shampoo cool booster botol 340ml,zinc,Shampoo,46700,340,ml,"aqua, cocamidopropyl betaine, potassium cocoyl hydrolyzed oat protein, sodium cocoyl glycinate, peg-120 methyl glucose dioleate, butylene glvcol, aleurites moluccana seed extract, propylene glycol, fragrance, panthenol, polyquaternium-10, aloe barbadensis leaf extract, phenoxyeth-anol, dmdm hydantoin, tetrasodium edia, citric acid","[""panthenol"", ""aloe barbadensis leaf extract""]",https://www.watsons.co.id/id/zinc-shampoo-cool-booster-botol-340ml/p/BP_46477,4/15/2026
P602,serasoft shampoo hijab 340ml,serasoft,Shampoo,39900,340,ml,"water, sodium laureth sulfate, dimethiconol, cocamidopropyl betaine, perfume, sodium chloride, glycol distearate, phenoxyethanol, glycerin, tea-dodecylbenzenesulfonate, carbomer, piroctone olamine, sodium salicylate, guar hydroxypropyltrimonium chloride, mica, cocamide mea, citric acid, trideceth-10, sodium hydroxide, titanium dioxide, cyclotetrasiloxane, sodium benzoate, helianthus annuus seed oil, iodopropynyl butylcarbamate","[""glycerin"", ""piroctone olamine""]",https://www.watsons.co.id/id/serasoft-serasoft-shampoo-hijab-340ml/p/BP_27629,4/15/2026
P604,palmolive naturals shampoo & conditioner anti dandruff 180ml - shampo kondisioner,palmolive,Conditioner,32500,180,ml,"aqua, sodium laureth sulfate, sodium lauryl sulfate, glycol distearate, perfume, dimethicone, cocamidopropyl betaine, dimethiconol, argania spinosa kernel oil, melaleuca alternifolia leaf oil, menthol, guar hydroxypropyltrimonium chloride, polyquaternium-74, propylene glycol, cocamide dea, sodium sulfate, sodium chloride, potassium chloride, citric acid, sodium hydroxide, tea-sulfate, tetrasodium edta, disodium edta, tea-dodecylbenzenesulfonate, peg-7m, peg-40 hydrogenated castor oil, polysorbate 20, sodium benzoate, methylchloroisothiazolinone, methylisothiazolinone, benzyl alcohol, iodopropynyl butylcarbamate, dmdm hydantoin, panthenol, panthenyl ethyl ether, sodium pca, sodium lactate, arginine, aspartic acid, pca, glycine, alanine, serine, valine, proline, threonine, isoleucine, histidine, phenylalanine, niacinamide, calcium pantothenate, sodium ascorbyl phosphate, tocopheryl acetate, pyridoxine hcl, tocopherol, maltodextrin, sodium starch octenylsuccinate, silica, hydrogen peroxide, c12-15 pareth-3, hexylene glycol, laureth-4, laureth-23, peg-55 stearate, cyclohexasiloxane, cyclotetrasiloxane, cyclopentasiloxane, ci 42090, ci 47005","[""dimethicone"", ""argania spinosa kernel oil"", ""melaleuca alternifolia oil"", ""menthol"", ""panthenol"", ""arginine"", ""zinc pca"", ""niacinamide"", ""sodium ascorbyl phosphate"", ""tocopheryl acetate"", ""tocopherol""]",https://www.watsons.co.id/id/palmolive-palmolive-naturals-shampoo-conditioner-anti-dandruff-180ml-shampo-kondisioner/p/BP_70301,4/15/2026
P606,l'oreal elseve fall resist 3x shampoo 410ml,l'oreal,Shampoo,120500,410,ml,"aqua water, sodium laureth sulfate, cocamidopropyl betaine, dimethicone, sodium chloride, ci 77891 titanium dioxide, guar hydroxypropyltrimonium chloride, mica, coco-betaine, sodium benzoate, sodium hydroxide, phenoxyethanol, steareth-6, acetic acid, arginine, peg-100 stearate, trideceth-10, trideceth-3, salicylic acid, limonene, fumaric acid, linalool, benzyl alcohol, benzyl salicylate, amodimethicone, alpha-isomethyl ionone, parfum fragrance, carbomer, citric acid, citronellol, hexylene glycol, glycerin, glycol distearate  width 9 height 20 depth 5 bandingkan dengan produk serupa harga ukuran kemasan rating produk bahan produk ini","[""dimethicone"", ""lactic acid"", ""arginine"", ""salicylic acid"", ""amodimethicone"", ""glycerin""]",https://www.watsons.co.id/id/l-oreal-l-oreal-elseve-fall-resist-3x-shampoo-410ml/p/BP_44328,4/15/2026
P609,shampoo biotin hairfall control 400ml,Dove,Shampoo,52500,400,ml,"water, sodium laureth sulfate, cocamidopropyl betaine, dimethiconol, sodium chloride, perfume, sodium gluconate, glycerin, glycol distearate, ppg-7, tea-dodecylbenzenesulfonate, sodium benzoate, carbomer, guar hydroxypropyltrimonium chloride, mica, citric acid, cocamide mea, peg-45m, trideceth-10, disodium edta, titanium dioxide, phenoxyethanol, urea, disodium phosphate, silica, biotin, zinc sulfate heptahydrate, iodopropynyl butylcarbamate, ceramide ng, butylated hydroxytoluene, sodium sulfate, hydrolyzed yeast protein, potassium sorbate, ci 15985, ci 19140","[""glycerin"", ""biotin"", ""ceramide np"", ""hydrolyzed wheat protein""]",https://www.watsons.co.id/id/dove-shampoo-biotin-hairfall-control-400ml/p/BP_64172,4/15/2026
P610,dry shampoo breeze 200ml,Ellips,Shampoo,101900,200,ml,"water, sodium laureth sulfate, dimethiconol, cocamidopropyl betaine, perfume, sodium chloride, glycol distearate, phenoxyethanol, glycerin, tea-dodecylbenzenesulfonate, carbomer, piroctone olamine, sodium salicylate, guar hydroxypropyltrimonium chloride, mica, cocamide mea, citric acid, trideceth-10, sodium hydroxide, titanium dioxide, cyclotetrasiloxane, sodium benzoate, helianthus annuus seed oil, iodopropynyl butylcarbamate","[""glycerin"", ""piroctone olamine""]",https://www.watsons.co.id/id/ellips-dry-shampoo-breeze-200ml/p/BP_73714,4/15/2026
P612,clean & balanced anti-dandruff shampoo 180ml,head & shoulder,Shampoo,34900,180,ml,"water, sodium lauryl sulfate, sodium laureth sulfate, sodium chloride, glycol distearate, dimethicone, zinc carbonate, sodium xylenesulfonate, cocamidopropyl betaine, zinc pyrithione, fragrance, sodium benzoate, guar hydroxypropyltrimonium chloride, magnesium carbonate hydroxide, methylchloroisothiazolinone, methylisothiazolinone, ci 42090, ci 17200","[""dimethicone"", ""zinc pyrithione""]",https://www.watsons.co.id/id/head-shoulder-clean-balanced-anti-dandruff-shampoo-180ml/p/BP_45280,4/15/2026
P614,tsubaki premium moist & repair shampoo 450ml,Tsubaki,Shampoo,149900,450,ml,"aqua, sodium laureth sulfate, cocamidopropyl betaine, glycol distearate, peg-2 laurate, sodium sulfate, fragrance, dipropylene glycol, phenoxyethanol, guar hydroxypropyltrimonium chloride, lauric acid, sodium benzoate, propyltrimoniumchloride acrylamide dimethylacrylamide copolymer, salicylic acid, citric acid, disodium edta, polyquaternium-10, dimethiconol, laurtrimonium chloride, squalane, camellia japonica seed oil, butylene glycol, sodium dilauramidoglutamide lysine, sodium lauryl sulfate, phytosteryl octyldodecyl lauroyl glutamate, phytosteryl macadamiate, glycine soja seed extract, bis-ethylhexyloxyphenol methoxyphenyl triazine, sodium acetylated hyaluronate, tocopherol","[""salicylic acid"", ""tocopherol""]",https://www.watsons.co.id/id/tsubaki-tsubaki-premium-moist-repair-shampoo-450ml/p/BP_45139,4/15/2026
P615,head & shoulders shampoo cool menthol 160ml,head & shoulder,Shampoo,26300,160,ml,"water, sodium laureth sulfate, sodium chloride, cocamidopropyl betaine, perfume, dimethiconol, menthol, polyquaternium-6, piroctone olamine, carbomer, dimethicone, phenoxyethanol, sodium salicylate, menthyl lactate, mica, sodium hydroxide, citric acid, niacinamide, glycerin, titanium dioxide, tea-dodecylbenzenesulfonate, tea-sulfate, sodium benzoate, helianthus annuus seed oil, poloxamer 407, laureth-23, glycine, laureth-4, peg-4, xanthan gum, propylene glycol, potassium sorbate, mentha piperita leaf extract, iodopropynyl butylcarbamate, sodium sulfate, citrus aurantifolia juice, glucose, lactic acid, ci 42090","[""menthol"", ""piroctone olamine"", ""dimethicone"", ""niacinamide"", ""glycerin"", ""lactic acid""]",https://www.watsons.co.id/id/head-shoulder-head-shoulders-shampoo-cool-menthol-160ml/p/BP_28637,4/15/2026
P617,pro-v shampoo nature care 290ml,Pantene,Shampoo,46500,290,ml,"water, sodium laureth sulfate, cocamidopropyl betaine, sodium chloride, citric acid, cocamide mea, sodium citrate, sodium xylenesulfonate, fragrance, dimethiconol, sodium benzoate, guar hydroxypropyltrimonium chloride, disodium edta, panthenol, panthenyl ethyl ether, persea gratissima oil, methylchloroisothiazolinone, methylisothiazolinone, ci 19140, ci 17200, ci 42090","[""panthenol""]",https://www.watsons.co.id/id/pantene-pro-v-shampoo-nature-care-290ml/p/BP_70211,4/15/2026
P618,clear shampoo anti ketombe perawatan komplit 300ml,clear,Shampoo,33900,300,ml,"water, sodium laureth sulfate, cocamidopropyl betaine, dimethiconol, sodium chloride, fragrance, zinc pyrithione, dimethicone, phenoxyethanol, sodium salicylate, carbomer, guar hydroxypropyltrimonium chloride, sodium hydroxide, citric acid, tea-dodecylbenzenesulfonate, niacinamide, zinc sulfate heptahydrate, glycerin, tea-sulfate, laureth-23, poloxamer 407, sodium benzoate, sodium polynaphthalenesulfonate, helianthus annuus seed oil, laureth-4, glycine, peg-4, cellulose gum, caprylyl glycol, xanthan gum, potassium sorbate, iodopropynyl butylcarbamate, sodium sulfate, ci 42090, ci 47005","[""zinc pyrithione"", ""dimethicone"", ""niacinamide"", ""glycerin""]",https://www.watsons.co.id/id/clear-clear-shampoo-anti-ketombe-perawatan-komplit-300ml/p/BP_39303,4/15/2026
P620,dove 3 in 1 super shampoo serum 125ml,Dove,Shampoo,32900,125,ml,"water, sodium laureth sulfate, dimethiconol, cocamidopropyl betaine, perfume, sodium chloride, glycol distearate, phenoxyethanol, glycerin, tea-dodecylbenzenesulfonate, carbomer, piroctone olamine, sodium salicylate, guar hydroxypropyltrimonium chloride, mica, cocamide mea, citric acid, trideceth-10, sodium hydroxide, titanium dioxide, cyclotetrasiloxane, sodium benzoate, helianthus annuus seed oil, iodopropynyl butylcarbamate","[""glycerin"", ""piroctone olamine""]",https://www.watsons.co.id/id/dove-dove-3-in-1-super-shampoo-serum-125ml/p/BP_17746,4/15/2026
P621,shampoo nature care fullness & life 135ml,Pantene,Shampoo,31000,135,ml,"water, sodium laureth sulfate, cocamidopropyl betaine, sodium chloride, citric acid, cocamide mea, sodium citrate, sodium xylenesulfonate, fragrance, dimethiconol, sodium benzoate, guar hydroxypropyltrimonium chloride, disodium edta, panthenol, panthenyl ethyl ether, persea gratissima oil, methylchloroisothiazolinone, methylisothiazolinone, ci 19140, ci 17200, ci 42090","[""panthenol""]",https://www.watsons.co.id/id/pantene-shampoo-nature-care-fullness-life-135ml/p/BP_70203,4/15/2026
P622,dove shampoo micellar hair boost 430ml,Dove,Shampoo,90900,430,Ml,"aqua, sodium laureth sulfate, cocamidopropyl betaine, dimethicone, ethylene glycol distearate, fragrance, sodium lauryl sulfate, sodium chloride, zinc pyrithione, polyquaternium-10, acrylates copolymer, guar hydroxypropyltrimonium chloride, dmdm hydantoin, laureth-23, laureth-3, melaleuca alternifolia leaf oil, zinc pca, propylene glycol, disodium edta, mentha piperita extract, polysorbate 60, glycerin, potassium sorbate, sodium benzoate","[""dimethicone"", ""zinc pyrithione"", ""melaleuca alternifolia oil"", ""zinc pca"", ""glycerin""]",https://www.watsons.co.id/id/dove-dove-shampoo-micellar-hair-boost-430ml/p/BP_28397,4/15/2026
P623,extra vital shampoo 450ml,Moist Diane,Shampoo,116900,450,ml,"aqua, sodium c14-16 olefin sulfonate, cocamidopropyl betaine, tea-cocoyl glutamate, cocamide methyl mea, sodium cocoamphoacetate, polyquaternium-10, fragrance, sodium benzoate, phenoxyethanol, dipropylene glycol, citric acid, disodium edta, sodium methyl cocoyl taurate, sodium chloride, caramel, butylene glycol, isomalt, hydrolyzed keratin, salicylic acid, camellia sinensis seed oil, o-cymen-5-ol, pouteria sapota seed oil, vaccinium vitis-idaea seed oil, glycerin, alcohol, sodium dilauramidoglutamide lysine, hydrolyzed silk pg-propyl methylsilanediol, potassium cocoyl hydrolyzed keratin, tocopherol, mangifera indica seed oil, adansonia digitata seed oil, carapa guaianensis seed oil, prunus domestica seed extract, sclerocarya birrea seed oil, theobroma grandiflorum seed butter, sodium lauraminopropionate, propylene glycol, hydroxypropyltrimonium hydrolyzed keratin, laurdimonium hydroxypropyl hydrolyzed keratin, propanediol, punica granatum fruit extract, malus domestica fruit cell culture extract, keratin, citrus nobilis peel extract, quaternium-18, panax ginseng root extract, citrus junos seed extract, paeonia albiflora root extract, prunus lannesiana flower extract, rosa centifolia flower extract, rosa damascena flower extract, sasa veitchii leaf extract, xanthan gum, hydrolyzed conchiolin protein, pisum sativum sprout extract, lecithin, argania spinosa callus culture extract, behentrimonium chloride, rosa hybrid flower extract, camellia sinensis leaf extract, gamma-docosalactone, quaternium-33, cholesterol, rosmarinus officinalis leaf extract, ascorbic acid, malic acid, soybean sterol, prunus yedoensis leaf extract, ceramide ng, argania spinosa kernel oil, ceramide 5, ceramide np, ceramide ap, ceramide eop","[""hydrolyzed keratin"", ""salicylic acid"", ""glycerin"", ""hydrolyzed silk"", ""tocopherol"", ""keratin"", ""panax ginseng root extract"", ""camellia sinensis leaf extract"", ""rosmarinus officinalis leaf extract"", ""ascorbic acid"", ""ceramide np"", ""argania spinosa kernel oil""]",https://www.watsons.co.id/id/moist-diane-extra-vital-shampoo-450ml/p/BP_45669,4/15/2026
P626,batiste dry shampoo & de-frizz 200ml,batiste,Shampoo,140400,200,ml,"aqua, cocos nucifera fruit extract, glycine soja extract, tocopherol, cetrimonium chloride, alpha- isomethyl ionone, distearyldimonium chloride, citronellol, hexyl cinnamal, linalool","[""tocopherol""]",https://www.watsons.co.id/id/batiste-batiste-dry-shampoo-de-frizz-200ml/p/BP_22168,4/15/2026
P627,herbal essence strawberry mint shampoo 400ml,herbal essences,Shampoo,93000,400,ml,"water eau, sodium laureth sulfate, sodium lauryl sulfate, sodium chloride, sodium citrate, sodium xylenesulfonate, fragrance parfum, cocamidopropyl betaine, sodium benzoate, hydroxypropyl methylcellulose, citric acid, tetrasodium edta, histidine, fragaria chiloensis fruit extract, aloe barbadensis leaf juice, menthol, mentha piperita oil, mentha arvensis leaf oil, methylchloroisothiazolinone, methylisothiazolinone, ecklonia radiata extract","[""menthol""]",https://www.watsons.co.id/id/herbal-essences-herbal-essence-strawberry-mint-shampoo-400ml/p/BP_15135,4/15/2026
P630,tsubaki premium cool & repair shampoo 450ml,Tsubaki,Shampoo,104000,450,ml,"aqua, sodium laureth sulfate, cocamidopropyl betaine, menthol, dipropylene glycol, fragrance, guar hydroxypropyltrimonium chloride, peg-2 laurate, phenoxyethanol, sodium benzoate, sodium sulfate, sodium methyltaurate, hydroxyethyl urea, citric acid, peg-60 hydrogenated castor oil, salicylic acid, disodium edta, lactic acid, ammonium lactate, camellia japonica seed oil, ppg-70 glyceryl ether, butylene glycol, sodium dilauramidoglutamide lysine, ethylhexyl palmitate, bis-ethylhexyloxyphenol methoxyphenyl triazine, phytosteryl octyldodecyl lauroyl glutamate, phytosteryl macadamiate, mentha piperita leaf extract, squalane, bht, tocopherol","[""menthol"", ""salicylic acid"", ""lactic acid"", ""tocopherol""]",https://www.watsons.co.id/id/tsubaki-tsubaki-premium-cool-repair-shampoo-450ml/p/BP_45141,4/15/2026
P632,moist diane shampoo extra volume & scalp 450ml,Moist Diane,Shampoo,116900,450,ml,"sodium benzoate, sodium chloride, soybean sterol, tea-cocoyl glutamate, 1, 2-hexanediol, adansonia digitata seed oil, aqua, argania spinosa kernel oil, asparagopsis armata extract, behentrimonium chloride, butylene glycol caramel, carapa guaianensis seed oil, ceramide 5 chamomilla recutita flower extract, chenopodium quinoa seed oil, cocamide methyl mea, glucosyl hesperidin glycerylamidoethyl methacrylate stearyl methacrylate copolymer, hydrogenated lecithin, hydrolyzed keratin, hydrolyzed rice protein, hydrolyzed silk, hydrolyzed silk pg-propyl methylsilanediol, isomalt, lauryl betaine o-cymen-5-ol, pca ethyl cocoyl arginate, peg-32, polyquaternium-10, potassium cocoyl hydrolyzed keratin, propanediol, propylene glycol, prunus domestica seed extract, quaternium-18, quaternium-33, sclerocarya birrea seed oil, sodium c14-16 olefin sulfonate, sodium hyaluronate, sorbitol, spiraea ulmaria flower extract, theobroma grandiflorum seed butter, ubiquinone, disodium edta, dipropylene glycol, ceramide ap, ceramide np, ceramide eop, tocopherol, phytosteryl octyldodecyl lauroyl glutamate, ceramide ng, pisum sativum sprout extract, gamma-docosalactone pouteria sapota seed oil","[""argania spinosa kernel oil"", ""hydrolyzed keratin"", ""hydrolyzed silk"", ""sodium hyaluronate"", ""ceramide np"", ""tocopherol""]",https://www.watsons.co.id/id/moist-diane-moist-diane-shampoo-extra-volume-scalp-450ml/p/BP_38498,4/15/2026
P635,wardah nutri shine shampoo 170ml,wardah,Shampoo,27500,170,ml,"aqua, sodium laureth sulfate, cocamidopropyl betaine, dimethicone, ethylene glycol distearate, fragrance, sodium lauryl sulfate, sodium chloride, acrylates copolymer, polyquaternium-10, dmdm hydantoin, laureth-23, laureth-3, guar hydroxypropyltrimonium chloride, disodium edta, butylene glycol, argania spinosa kernel oil, phytosteryl octyldodecyl lauroyl glutamate, vitis vinifera seed extract","[""dimethicone"", ""argania spinosa kernel oil""]",https://www.watsons.co.id/id/wardah-wardah-nutri-shine-shampoo-170ml/p/BP_73746,4/15/2026
P636,tsubaki premium ex damage care & repair shampoo 450ml,Tsubaki,Shampoo,125000,450,ml,"aqua, sodium laureth sulfate, cocamidopropyl betaine, glycol distearate, sorbitol, glycerin, peg-2 laurate, sodium sulfate, fragrance, dipropylene glycol, guar hydroxypropyltrimonium chloride, phenoxyethanol, lauric acid, sodium benzoate, hydroxypropyl arginine lauryl myristyl ether hcl, polyquaternium-10, salicylic acid, hydroxyethyl urea, citric acid, disodium edta, alcohol, laurtrimonium chloride, lactic acid, squalane, camellia japonica seed oil, butylene glycol, ammonium lactate, sodium dilauramidoglutamide lysine, amodimethicone, phytosteryl octyldodecyl lauroyl glutamate, phytosteryl macadamiate, ppg-2-deceth-12, royal jelly extract, glycine soja seed extract, camellia sinensis leaf extract, bis-ethylhexyloxyphenol methoxyphenyl triazine, sodium acetylated hyaluronate, hydrolyzed conchiolin protein, tocopherol","[""glycerin"", ""arginine"", ""salicylic acid"", ""lactic acid"", ""amodimethicone"", ""camellia sinensis leaf extract"", ""tocopherol""]",https://www.watsons.co.id/id/tsubaki-tsubaki-premium-ex-damage-care-repair-shampoo-450ml/p/BP_45142,4/15/2026
P638,l'oreal paris fall resist 3x anti-hairfall shampoo scalp hair care 650ml,l'oreal,Shampoo,148700,650,ml,"aqua water, sodium laureth sulphate, dimethicone, coco-betaine, sodium chloride, glycol distearate, guar hydroxypropyltrimonium chloride, cocamide mipa, sodium benzoate, sodium cocoate, sodium hydroxide, arginine, salicylic acid, limonene, linalool, 2-oleamido-1, 3-octadecanediol, carbomer, methyl cocoate, citric acid, hexylene glycol, hexyl cinnamal, parfum perfume fragrance perfume ingredients are found in cosmetic products acting as a vector of sensory and emotional pleasure they are evaluated by both our suppliers and internal teams to ensure they are completely safe, fragrance","[""dimethicone"", ""arginine"", ""salicylic acid""]",https://www.watsons.co.id/id/l-oreal-l-oreal-paris-fall-resist-3x-anti-hairfall-shampoo-scalp-hair-care-650ml/p/BP_21474,4/15/2026
P639,color radiance & repair for bleached hair shampoo 250ml,TRESemmé,Shampoo,90500,250,ml,"aqua, sodium laureth sulfate, cocamidopropyl betaine, glycol distearate, sorbitol, glycerin, peg-2 laurate, sodium sulfate, fragrance, dipropylene glycol, guar hydroxypropyltrimonium chloride, phenoxyethanol, lauric acid, sodium benzoate, hydroxypropyl arginine lauryl myristyl ether hcl, polyquaternium-10, salicylic acid, hydroxyethyl urea, citric acid, disodium edta, alcohol, laurtrimonium chloride, lactic acid, squalane, camellia japonica seed oil, butylene glycol, ammonium lactate, sodium dilauramidoglutamide lysine, amodimethicone, phytosteryl octyldodecyl lauroyl glutamate, phytosteryl macadamiate, ppg-2-deceth-12, royal jelly extract, glycine soja seed extract, camellia sinensis leaf extract, bis-ethylhexyloxyphenol methoxyphenyl triazine, sodium acetylated hyaluronate, hydrolyzed conchiolin protein, tocopherol","[""glycerin"", ""arginine"", ""salicylic acid"", ""lactic acid"", ""amodimethicone"", ""camellia sinensis leaf extract"", ""tocopherol""]",https://www.watsons.co.id/id/tresemme-color-radiance-repair-for-bleached-hair-shampoo-250ml/p/BP_16551,4/15/2026
P640,shampoo hairfall 180ml,head & shoulder,Shampoo,34900,180,ml,"water, sodium laureth sulfate, sodium lauryl sulfate, dimethicone, cocamide mea, zinc carbonate, glycol distearate, sodium chloride, zinc pyrithione, sodium xylenesulfonate, fragrance, cetyl alcohol, guar hydroxypropyltrimonium chloride, magnesium sulfate, sodium benzoate, magnesium carbonate hydroxide, benzyl alcohol, methylchloroisothiazolinone, methylisothiazolinone, ci 19140, ci 17200","[""dimethicone"", ""zinc pyrithione""]",https://www.watsons.co.id/id/head-shoulder-shampoo-hairfall-180ml/p/BP_49116,4/15/2026
P641,hair xpert treatment shampoo anti hair fall 160g,Safi,Shampoo,32500,160,g,"water, sodium laureth sulfate, cocamidopropyl betaine, dimethiconol, glyceryl stearate, glycerin, panthenol, carbomer, sodium chloride, styrene acrylates copolymer, guarhydroxypropyltrimonium chloride, sodium hydroxide, tetrasodium edta, peg-14m, charcoal powder, hydrolyzed wheat protein, nigella sativa seed oil, fragrance, methylchloroisothiazolinone, methylisothiazolinone climbazole, carbomer, menthol, styrene acrylates copolymer, guar hydroxypropyltrimonium chloride, copolymer, guar hydroxypropyltrimonium chloride, silicone quaternium-16, peg-14m, sodium hydroxide, argania spinosa kernel oil, sodium chloride","[""glycerin"", ""panthenol"", ""hydrolyzed wheat protein"", ""climbazole"", ""menthol"", ""argania spinosa kernel oil""]",https://www.watsons.co.id/id/safi-hair-xpert-treatment-shampoo-anti-hair-fall-160g/p/BP_17358,4/15/2026
P642,shampoo niacinamide hairfall control 750ml,Dove,Shampoo,86500,750,ml,"water, sodium laureth sulfate, cocamidopropyl betaine, dimethiconol, propylene glycol, perfume, sodium chloride, citric acid, sodium benzoate, climbazole, carbomer, guar hydroxypropyltrimonium chloride, tea-dodecylbenzenesulfonate, glycerin, tea-sulfate, disodium edta, phenoxyethanol, helianthus annuus seed oil, niacinamide, zinc sulfate heptahydrate, iodopropynyl butylcarbamate, ceramide ng, sodium hydroxide, hydrolyzed yeast protein, potassium sorbate","[""climbazole"", ""glycerin"", ""niacinamide"", ""ceramide np"", ""hydrolyzed wheat protein""]",https://www.watsons.co.id/id/dove-shampoo-niacinamide-hairfall-control-750ml/p/BP_64171,4/15/2026
P643,hair strengthening keratin shampoo 300ml,watsons,Shampoo,38900,300,ml,"keratin, ginseng extract, vitamin complex, dan glycerin","[""keratin"", ""glycerin""]",https://www.watsons.co.id/id/watsons-hair-strengthening-keratin-shampoo-300ml/p/BP_67917,4/15/2026
P646,dry shampoo blossom 50ml,Ellips,Shampoo,47300,50,ml,"water, sodium laureth sulfate, sodium lauryl sulfate, dimethicone, cocamide mea, zinc carbonate, glycol distearate, sodium chloride, zinc pyrithione, sodium xylenesulfonate, fragrance, cetyl alcohol, guar hydroxypropyltrimonium chloride, magnesium sulfate, sodium benzoate, magnesium carbonate hydroxide, benzyl alcohol, methylchloroisothiazolinone, methylisothiazolinone, ci 19140, ci 17200","[""dimethicone"", ""zinc pyrithione""]",https://www.watsons.co.id/id/ellips-dry-shampoo-blossom-50ml/p/BP_73711,4/15/2026
P648,extra moist and shine shampoo 450ml,Moist Diane,Shampoo,116900,450,ml,"aqua, sodium c14-16 olefin sulfonate, cocamidopropyl betaine, cocamide methyl mea, tea-cocoyl glutamate, sodium cocoamphoacetate, fragrance, polyquaternium-10, sodium benzoate, phenoxyethanol, dipropylene glycol, citric acid, disodium edta, sodium methyl cocoyl taurate, caramel, sodium chloride, hydrolyzed keratin, cocos nucifera oil, hydrolyzed hyaluronic acid, peg-40 hydrogenated castor oil pca isostearate, propanediol, c12-13 alkyl glyceryl hydrolyzed hyaluronate, pouteria sapota seed oil, locust bean hydroxypropyltrimonium chloride, trigonella foenum-graecum hydroxypropyltrimonium chloride, butylene glycol, argania spinosa kernel oil, hydrogenated apricot kernel oil, hydrogenated argania spinosa kernel oil, prunus armeniaca kernel oil, cetearamidoethyl diethonium hydrolyzed rice protein, glycerin, myristamine oxide, starch hydroxypropyltrimonium chloride, potassium cocoyl hydrolyzed keratin, quaternium-18, tocopherol, mangifera indica seed oil, adansonia digitata seed oil, carapa guaianensis seed oil, prunus domestica seed extract, sclerocarya birrea seed oil, theobroma grandiflorum seed butter, propylene glycol, behentrimonium chloride, lactic acid, gamma-docosalactone, hydrolyzed collagen, urea, alcohol denat, glycine soja sterols, hydroxypropyltrimonium hyaluronate, isomalt, quaternium-33, keratin, terminalia ferdinandiana fruit extract, microcitrus australasica fruit extract, cholesterol, hydrolyzed conchiolin protein, cellulose gum, sodium bicarbonate, sodium hyaluronate, malus domestica fruit cell culture extract, ceramide ng, ceramide 5, lecithin, platinum powder, xanthan gum, argania spinosa sprout cell extract, ceramide np, ceramide ap, collagen, ceramide eop, hylocereus undatus fruit extract","[""hydrolyzed keratin"", ""argania spinosa kernel oil"", ""glycerin"", ""tocopherol"", ""lactic acid"", ""hydrolyzed collagen"", ""keratin"", ""sodium hyaluronate"", ""ceramide np""]",https://www.watsons.co.id/id/moist-diane-extra-moist-and-shine-shampoo-450ml/p/BP_45665,4/15/2026
P649,herbal essences bio renew moisture rosemary and herbs shampoo 400 ml,herbal essences,Shampoo,93000,400, ml,"water eau, stearyl alcohol, cetyl alcohol, citrus grandis fruit extract, citrus aurantium bergamia fruit extract, mentha piperita oil, menthol, mentha arvensis leaf oil, verbena officinalis leaf extract, histidine, aloe barbadensis leaf juice, ecklonia radiata extract, fragrance parfum, stearamidopropyl dimethylamine, benzyl alcohol, dicetyldimonium chloride, glutamic acid, peg-2m, citric acid, disodium edta, bis-aminopropyl dimethicone, methylchloroisothiazolinone, methylisothiazolinone","[""menthol"", ""dimethicone""]",https://www.watsons.co.id/id/herbal-essences-herbal-essences-bio-renew-moisture-rosemary-and-herbs-shampoo-400-ml/p/BP_19445,4/15/2026
P650,scalp care shampoo 340ml - shampo anti ketombe dan gatal,TRESemmé,Shampoo,100500,340,ml,"aqua, sodium laureth sulfate, cocamidopropyl betaine, dimethicone, ethylene glycol distearate, fragrance, sodium lauryl sulfate, sodium chloride, zinc pyrithione, polyquaternium-10, acrylates copolymer, guar hydroxypropyltrimonium chloride, dmdm hydantoin, laureth-23, laureth-3, melaleuca alternifolia leaf oil, zinc pca, propylene glycol, disodium edta, mentha piperita extract, polysorbate 60, glycerin, potassium sorbate, sodium benzoate","[""dimethicone"", ""zinc pyrithione"", ""melaleuca alternifolia oil"", ""zinc pca"", ""glycerin""]",https://www.watsons.co.id/id/tresemme-scalp-care-shampoo-340ml-shampo-anti-ketombe-dan-gatal/p/BP_70124,4/15/2026
P651,2-in-1 shampoo smooth silky 400ml,head & shoulder,Shampoo,113500,400,ml,"water, sodium laureth sulfate, cocamidopropyl betaine, zinc pyrithione, menthol, fragrance, polyquaternium, silicone quaterniums, citric acid, ","[""zinc pyrithione"", ""menthol""]",https://www.watsons.co.id/id/head-shoulder-2-in-1-shampoo-smooth-silky-400ml/p/BP_74787,4/15/2026
P652,premium ex hair fall care & repair bundle shampoo + bundle 450ml,Tsubaki,Shampoo,359800,450,ml,"tsubaki premium ex hair fall care & repair shampoo 450 ml aqua, sodium laureth sulfate, cocamidopropyl betaine, glycol distearate, peg-2 laurate, sodium sulfate, fragrance, dipropylene glycol, isostearyl alcohol, phenoxyethanol, guar hydroxypropyltrimonium chloride, sodium benzoate, polyquaternium-10, propyltrimoniumchloride acrylamide dimethylacrylamide copolymer, salicylic acid, citric acid, disodium edta, sodium methyl cocoyl taurate, laurtrimonium chloride, squalane, camellia japonica seed oil, butylene glycol, polyquaternium-11, sodium dilauramidoglutamide lysine, taurine, phytosteryl octyldodecyl lauroyl glutamate, phytosteryl macadamiate, citrus unshiu peel extract, eucheuma serra grateloupia sparsa saccharina angustata ulva linza undaria pinnatifida extract, bis-ethylhexyloxyphenol methoxyphenyl triazine, saccharina angustata undaria pinnatifida extract, tocopherol tsubaki premium ex hair fall care & repair conditioner 450 ml aqua, stearyl alcohol, isopentyldiol, behentrimonium chloride, glycerin, dimethicone, sorbitol, cetyl alcohol, dipropylene glycol, isopropyl alcohol, fragrance, aminopropyl dimethicone, isopropyl myristate, sodium methyltaurate, peg-2 laurate, salicylic acid, sodium benzoate, phenoxyethanol, c13-16 isoparaffin, polysilicone-13, steartrimonium chloride, laurtrimonium chloride, c10-13 isoparaffin, squalane, disodium edta, camellia japonica seed oil, butylene glycol, cetrimonium chloride, sodium dilauramidoglutamide lysine, amodimethicone, bis-ethylhexyloxyphenol methoxyphenyl triazine, phytosteryl macadamiate, ppg-2-deceth-12, citrus unshiu peel extract, eucheuma serra grateloupia sparsa saccharina angustata ulva linza undaria pinnatifida extract, lactic acid, saccharina angustata undaria pinnatifida extract, tocopherol, phytosteryl octyldodecyl lauroyl glutamate","[""salicylic acid"", ""tocopherol"", ""glycerin"", ""dimethicone"", ""amodimethicone"", ""lactic acid""]",https://www.watsons.co.id/id/tsubaki-premium-ex-hair-fall-care-repair-bundle-shampoo-bundle-450ml/p/BP_61256,4/15/2026
P658,shampoo perawatan rambut rontok pro-v 900ml,Pantene,Shampoo,146900,900,ml,"water, sodium laureth sulfate, dimethicone, cocamidopropyl betaine, sodium citrate, sodium xylenesulfonate, glycol distearate, sodium chloride, fragrance, stearyl alcohol, cetyl alcohol, guar hydroxypropyltrimonium chloride, citric acid, sodium benzoate, tetrasodium edta, polyouaternium-6, histidine, panthenol panthenyl ethyl ether, oryza sativa (ricebran oil methylchloroisothiazolinone, methylisothiazolinone","[""dimethicone"", ""panthenol""]",https://www.watsons.co.id/id/pantene-shampoo-perawatan-rambut-rontok-pro-v-900ml/p/BP_66879,4/15/2026
P660,zinc shampoo hair fall treatment 340ml,zinc,Shampoo,46700,340,ml,"aqua, cocamidopropyl betaine, potassium cocoyl hydrolyzed oat protein, sodium cocoyl glycinate, peg-120 methyl glucose dioleate, butylene glvcol, aleurites moluccana seed extract, propylene glycol, fragrance, panthenol, polyquaternium-10, aloe barbadensis leaf extract, phenoxyeth-anol, dmdm hydantoin, tetrasodium edia, citric acid","[""panthenol"", ""aloe barbadensis leaf extract""]",https://www.watsons.co.id/id/zinc-zinc-shampoo-hair-fall-treatment-340ml/p/BP_27077,4/15/2026
P661,zinc shampoo refreshing cool green tea 340ml,zinc,Shampoo,46700,340,ml,"aqua, cocamidopropyl betaine, potassium cocoyl hydrolyzed oat protein, sodium cocoyl glycinate, peg-120 methyl glucose dioleate, butylene glvcol, aleurites moluccana seed extract, propylene glycol, fragrance, panthenol, polyquaternium-10, aloe barbadensis leaf extract, phenoxyeth-anol, dmdm hydantoin, tetrasodium edia, citric acid","[""panthenol"", ""aloe barbadensis leaf extract""]",https://www.watsons.co.id/id/zinc-zinc-shampoo-refreshing-cool-green-tea-340ml/p/BP_27076,4/15/2026
P668,shampoo super cool 400ml,head & shoulder,Shampoo,113500,400,ml,"water, sodium laureth sulfate, cocamidopropyl betaine, zinc pyrithione, menthol, fragrance, polyquaternium, ","[""zinc pyrithione"", ""menthol""]",https://www.watsons.co.id/id/head-shoulder-shampoo-super-cool-400ml/p/BP_74789,4/15/2026
P670,shampoo niacinamide hairfall control 400ml,Dove,Shampoo,60000,400,ml,"water, sodium laureth sulfate, cocamidopropyl betaine, dimethiconol, propylene glycol, perfume, sodium chloride, citric acid, sodium benzoate, climbazole, carbomer, guar hydroxypropyltrimonium chloride, tea-dodecylbenzenesulfonate, glycerin, tea-sulfate, disodium edta, phenoxyethanol, helianthus annuus seed oil, niacinamide, zinc sulfate heptahydrate, iodopropynyl butylcarbamate, ceramide ng, sodium hydroxide, hydrolyzed yeast protein, potassium sorbate","[""climbazole"", ""glycerin"", ""niacinamide"", ""ceramide np"", ""hydrolyzed wheat protein""]",https://www.watsons.co.id/id/dove-shampoo-niacinamide-hairfall-control-400ml/p/BP_64176,4/15/2026
P672,shampoo protein 200ml,Nature Republic,Shampoo,54000,200,ml,"aqua, sodium laureth sulfate, cocamide dea, sodium chloride, polysorbate 20, fragrance, hydrolized silk, polyquaternium 10, methylparaben, dmdm hydantoin, citric acid, cl 15985, cl 17200","[""hydrolyzed silk""]",https://www.watsons.co.id/id/nr-shampoo-protein-200ml/p/BP_72777,4/15/2026
P674,dr soap shampoo infusion no.33 400 ml,dr soap,Shampoo,235000,400, Ml,"aqua, cocamidopropyl betaine, disodium laureth sulfosuccinate, butylene gycol, polyquaternium-6 glycerin, peg-120 methyl glucose trioleate, glycol stearate, parfum, malus domesticaa fruilt cell culture extract, sodium benzoate, citric acid, xylitylglucoside, anhydroxylitol, xylitol, sodium chloride","[""glycerin""]",https://www.watsons.co.id/id/dr-soap-dr-soap-shampoo-infusion-no.33-400-ml/p/BP_35201,4/15/2026
P675,lemon fresh anti-dandruff shampoo 170ml,head & shoulder,Shampoo,34900,170,ml,"water, sodium lauryl sulfate, sodium laureth sulfate, sodium chloride, glycol distearate, zinc carbonate, sodium xylenesulfonate, cocamidopropyl betaine, fragrance, zinc pyrithione, dimethicone, sodium benzoate, guar hydroxypropyltrimonium chloride, magnesium carbonate hydroxide, citrus limon fruit extract, methylchloroisothiazolinone, methylisothiazolinone","[""zinc pyrithione"", ""dimethicone""]",https://www.watsons.co.id/id/head-shoulder-lemon-fresh-anti-dandruff-shampoo-170ml/p/BP_72993,4/15/2026
P677,dry shampoo fruity 200ml,Ellips,Shampoo,101900,200,ml,"water, sodium laureth sulfate, sodium lauryl sulfate, dimethicone, cocamide mea, zinc carbonate, glycol distearate, sodium chloride, zinc pyrithione, sodium xylenesulfonate, fragrance, cetyl alcohol, guar hydroxypropyltrimonium chloride, magnesium sulfate, sodium benzoate, magnesium carbonate hydroxide, benzyl alcohol, methylchloroisothiazolinone, methylisothiazolinone, ci 19140, ci 17200","[""dimethicone"", ""zinc pyrithione""]",https://www.watsons.co.id/id/ellips-dry-shampoo-fruity-200ml/p/BP_73713,4/15/2026
P678,cool menthol anti-dandruff shampoo 350ml,head & shoulder,Shampoo,87900,350,ml,"water, sodium lauryl sulfate, sodium laureth sulfate, sodium chloride, glycol distearate, dimethicone, zinc carbonate, sodium xylenesulfonate, cocamidopropyl betaine, zinc pyrithione, fragrance, menthol, sodium benzoate, guar hydroxypropyltrimonium chloride, magnesium carbonate hydroxide, methylchloroisothiazolinone, methylisothiazolinone, ci 42090, ci 17200","[""dimethicone"", ""zinc pyrithione"", ""menthol""]",https://www.watsons.co.id/id/head-shoulder-cool-menthol-anti-dandruff-shampoo-350ml/p/BP_49115,4/15/2026
P679,shampoo hyaluron hairfall control 290ml,Dove,Shampoo,47500,290,ml,"water, sodium laureth sulfate, sodium chloride, cocamidopropyl betaine, glycerin, perfume, dimethiconol, sodium benzoate, tea-dodecylbenzenesulfonate, citric acid, guar hydroxypropyltrimonium chloride, laureth-23, disodium edta, benzophenone-4, phenoxyethanol, sodium hyaluronate, zinc sulfate heptahydrate, iodopropynyl butylcarbamate, ceramide ng, sodium sulfate, hydrolyzed yeast protein, potassium sorbate, ci 17200, ci 42090","[""glycerin"", ""sodium hyaluronate"", ""ceramide np"", ""hydrolyzed wheat protein""]",https://www.watsons.co.id/id/dove-shampoo-hyaluron-hairfall-control-290ml/p/BP_63884,4/15/2026
P680,wardah anti dandruff shampoo 170ml,wardah,Shampoo,27500,170,ml,"aqua, sodium laureth sulfate, cocamidopropyl betaine, dimethicone, ethylene glycol distearate, fragrance, sodium lauryl sulfate, sodium chloride, zinc pyrithione, polyquaternium-10, acrylates copolymer, guar hydroxypropyltrimonium chloride, dmdm hydantoin, laureth-23, laureth-3, melaleuca alternifolia leaf oil, zinc pca, propylene glycol, disodium edta, mentha piperita extract, polysorbate 60, glycerin, potassium sorbate, sodium benzoate","[""dimethicone"", ""zinc pyrithione"", ""melaleuca alternifolia oil"", ""zinc pca"", ""glycerin""]",https://www.watsons.co.id/id/wardah-wardah-anti-dandruff-shampoo-170ml/p/BP_73743,4/15/2026
P682,emeron shampoo soft & smooth 340ml,emeron,Shampoo,29900,340,ml,"aqua, sodium laureth sulfate, sodium lauryl sulfate, dimethiconol, glycol distearate, perfume, cocamidopropyl betaine, propylene glycol, argania spinosa kernel oil, persea gratissima fruit extract, cocos nucifera oil, cocamine oxide, guar hydroxypropyltrimonium chloride, hydroxypropyl guar hydroxypropyltrimonium chloride, cocamide dea, sodium sulfate, sodium chloride, potassium chloride, citric acid, sodium hydroxide, tetrasodium edta, tea-dodecylbenzenesulfonate, hexylene glycol, panthenol, panthenyl ethyl ether, sodium pca 27 sodium lactate, arginine, aspartic acid, pca, glycine, alanine, serine, valine, proline, threonine, isoleucine, histidine, phenylalanine, niacinamide, calcium pantothenate, sodium ascorbyl phosphate","[""argania spinosa kernel oil"", ""panthenol"", ""arginine"", ""zinc pca"", ""niacinamide"", ""sodium ascorbyl phosphate""]",https://www.watsons.co.id/id/emeron-emeron-shampoo-soft-smooth-340ml/p/BP_43238,4/15/2026
P684,batiste benefit dry shampoo & volume 200ml,batiste,Shampoo,122000,200,ml,"water, sodium laureth sulfate, dimethiconol, cocamidopropyl betaine, perfume, sodium chloride, glycol distearate, phenoxyethanol, glycerin, tea-dodecylbenzenesulfonate, carbomer, piroctone olamine, sodium salicylate, guar hydroxypropyltrimonium chloride, mica, cocamide mea, citric acid, trideceth-10, sodium hydroxide, titanium dioxide, cyclotetrasiloxane, sodium benzoate, helianthus annuus seed oil, iodopropynyl butylcarbamate","[""glycerin"", ""piroctone olamine""]",https://www.watsons.co.id/id/batiste-batiste-benefit-dry-shampoo-volume-200ml/p/BP_22166,4/15/2026
P686,hairloss solution shampoo 200ml,rudy hadisuwarno,Shampoo,35900,200,ml,"panax ginseng root extract, soybean protein, panthenol provit b5, sophora root extract","[""panax ginseng root extract"", ""panthenol""]",https://www.watsons.co.id/id/rudy-hadisuwarno-hairloss-solution-shampoo-200ml/p/BP_61458,4/15/2026
P690,shampoo arnika 200ml,Nature Republic,Shampoo,72900,200,ml,"aqua, sodium laureth, sulfate, cocamide dea, cocamidopropylamine oxide, polyquaternum-11, polysorbate 20, peg-150 disterarate, piroctone olamine, fragrance, sodium chloride, propylene glycol, citric acid, linoleic acid, arnica montana flower extract, glucose, melissa officinalis extract, lactic acid, sodium benzoate, potassium sorbate, ci 42090, ci 17200","[""piroctone olamine"", ""lactic acid""]",https://www.watsons.co.id/id/nr-shampoo-arnika-200ml/p/BP_72776,4/15/2026
P691,pro-v shampoo hair fall control 290ml - perawatan rambut rontok,Pantene,Shampoo,46500,290,ml,"water, sodium laureth sulfate, sodium chloride, sodium xylenesulfonate, cocamidopropyl betaine, sodium lauryl sulfate, stearyl alcohol, fragrance, sodium citrate, cetyl alcohol, glycerin, dimethiconol, guar hydroxypropyltrimonium chloride, dimethicone, citric acid, sodium benzoate, tea-dodecylbenzenesulfonate, tetrasodium edta, trideceth-10, polyquaternium-6, polyquaternium-10, panthenol, trihydroxystearin, methylchloroisothiazolinone, propylene glycol, methylisothiazolinone","[""glycerin"", ""dimethicone"", ""panthenol""]",https://www.watsons.co.id/id/pantene-pro-v-shampoo-hair-fall-control-290ml-perawatan-rambut-rontok/p/BP_70216,4/15/2026
P695,moist diane shampoo damage repair 450ml,Moist Diane,Shampoo,116900,450,ml,"sodium benzoate, sodium c 14-16 olefin sulfonate, sodium cocoamphoacetate, sodium methyl cocoyl taurate, soybean sterol, tea-cocoyl glutamate adansonia digitata seed oil, amp-isostearoyl hydrolyzed, keratin, aqua, argania spinosa kernel oil, behentrimonium chloride, bis-ethoxydiglycol cyclohexane 1, 4-dicarboxylate, butylene glycol, caramel, carapa guaianensis seed oil, ceramide 5, cholesterol, cocamide methyl mea, cocamidopropyl betaine, hydrolyzed honey protein, hydrolyzed hyaluronic acid, hydrolyzed keratin, hydroxyproline, hydroxypropyltrimonium hyaluronate isomalt, isononyl isononanoate, lecithin, myristamine oxide, polyquaternium-10, potassium cocoyl hydrolyzed keratin, propanediol, prunus domestica seed extract, quaternium-18, quaternium-33, sclerocarya birrea seed oil, sodium chloride, sodium hyaluronate, sodium pca, steardimonium hydroxypropyl hydrolyzed keratin, theobroma grandiflorum seed butter, xanthan gum, peg-7 glyceryl cocoate, hydrolyzed conchiolin protein, malus domestica fruit cell culture extract, disodium edta, dipropylene glycol, ceramide ap, ceramide np, ceramide eop, tocopherol, argania spinosa sprout cell extract, rhododendron ferrugineum leaf cell culture, extract, opuntia ficus-indica seed oil, cetearamidoethyl diethonium hydrolyzed rice, protein, ceramide ng, gamma-docosalactone, pouteria sapota seed oil","[""keratin"", ""argania spinosa kernel oil"", ""hydrolyzed keratin"", ""sodium hyaluronate"", ""ceramide np"", ""tocopherol"", ""aesculus hippocastanum seed extract"", ""hydrolyzed wheat protein""]",https://www.watsons.co.id/id/moist-diane-moist-diane-shampoo-damage-repair-450ml/p/BP_38501,4/15/2026
P698,natur shampoo ginseng extract 140ml,natur,Shampoo,29900,140,ml,"aqua, sodium laureth sulfate, sodium lauryl sulfate, glycol distearate, cocamidopropyl betaine, dimethiconol, perfume, dimethicone, propylene glycol, argania spinosa kernel oil, aloe barbadensis leaf extract, panax quinquefolium root extract, guar hydroxypropyltrimonium chloride, polyquaternium-10, cocamide dea, sodium sulfate, sodium chloride, potassium chloride, citric acid, sodium hydroxide, tea-sulfate, tetrasodium edta, tea-dodecylbenzenesulfonate, sodium benzoate, methylchloroisothiazolinone, methylisothiazolinone, benzyl alcohol, iodopropynyl butylcarbamate, dmdm hydantoin, panthenol, panthenyl ethyl ether, sodium pca, sodium lactate, arginine, aspartic acid, pca, glycine, alanine, serine, valine, proline, threonine, isoleucine, histidine, phenylalanine, niacinamide, calcium pantothenate, sodium ascorbyl phosphate, tocopheryl acetate, pyridoxine hcl, cyclotetrasiloxane, cyclopentasiloxane, cyclohexasiloxane, maltodextrin, sodium starch octenylsuccinate, silica, hydrogen peroxide, c12-15 pareth-3, hexylene glycol, ci 42090, ci 47005","[""dimethicone"", ""argania spinosa kernel oil"", ""aloe barbadensis leaf extract"", ""panthenol"", ""arginine"", ""zinc pca"", ""niacinamide"", ""sodium ascorbyl phosphate"", ""tocopheryl acetate""]",https://www.watsons.co.id/id/natur-natur-shampoo-ginseng-extract-140ml/p/BP_73548,4/15/2026
P699,bonvie serum shampoo kemiri 250 ml,Bonvie,Shampoo,115000,250, Ml,"aqua, cocamidopropyl betaine, potassium cocoyl hydrolyzed oat protein, sodium cocoyl glycinate, peg-120 methyl glucose dioleate, butylene glvcol, aleurites moluccana seed extract, propylene glycol, fragrance, panthenol, polyquaternium-10, aloe barbadensis leaf extract, phenoxyeth-anol, dmdm hydantoin, tetrasodium edia, citric acid","[""panthenol"", ""aloe barbadensis leaf extract""]",https://www.watsons.co.id/id/bonvie-bonvie-serum-shampoo-kemiri-250-ml/p/BP_35202,4/15/2026
P702,premium ex damage care & repair bundle shampoo + conditioner 450ml,Tsubaki,Conditioner,359800,450,ml,"tsubaki premium ex damage care & repair conditioner 450ml aqua, stearyl alcohol, isopentyldiol, behentrimonium chloride, glycerin, dimethicone, sorbitol, cetyl alcohol, dipropylene glycol, isopropyl alcohol, fragrance, isopropyl myristate, aminopropyl dimethicone, sodium methyltaurate, peg-2 laurate, salicylic acid, sodium benzoate, phenoxyethanol, hydroxyethyl urea, c13-16 isoparaffin, polysilicone-13, steartrimonium chloride, laurtrimonium chloride, c10-13 isoparaffin, lactic acid, squalane, disodium edta, camellia japonica seed oil, butylene glycol, ammonium lactate, cetrimonium chloride, alcohol, sodium dilauramidoglutamide lysine, amodimethicone, phytosteryl octyldodecyl lauroyl glutamate, phytosteryl macadamiate, ppg-2-deceth-12, royal jelly extract, glycine soja seed extract, camellia sinensis leaf extract, bis-ethylhexyloxyphenol methoxyphenyl triazine, sodium acetylated hyaluronate, tocopherol, hydrolyzed conchiolin protein tsubaki premium ex damage care & repair shampoo 450 ml aqua, sodium laureth sulfate, cocamidopropyl betaine, glycol distearate, sorbitol, glycerin, peg-2 laurate, sodium sulfate, fragrance, dipropylene glycol, guar hydroxypropyltrimonium chloride, phenoxyethanol, lauric acid, sodium benzoate, hydroxypropyl arginine lauryl myristyl ether hcl, polyquaternium-10, salicylic acid, hydroxyethyl urea, citric acid, disodium edta, alcohol, laurtrimonium chloride, lactic acid, squalane, camellia japonica seed oil, butylene glycol, ammonium lactate, sodium dilauramidoglutamide lysine, amodimethicone, phytosteryl octyldodecyl lauroyl glutamate, phytosteryl macadamiate, ppg-2-deceth-12, royal jelly extract, glycine soja seed extract, camellia sinensis leaf extract, bis-ethylhexyloxyphenol methoxyphenyl triazine, sodium acetylated hyaluronate, hydrolyzed conchiolin protein, tocopherol","[""glycerin"", ""dimethicone"", ""salicylic acid"", ""lactic acid"", ""amodimethicone"", ""camellia sinensis leaf extract"", ""tocopherol"", ""arginine""]",https://www.watsons.co.id/id/tsubaki-premium-ex-damage-care-repair-bundle-shampoo-conditioner-450ml/p/BP_61246,4/15/2026
P705,shampoo anti ketombe pro-v 400ml,Pantene,Shampoo,96500,400,ml,"water, sodium lauryl sulfate, sodium laureth sulfate, dimethicone, cocamidopropyl betaine, glycol distearate, fragrance, zinc pyrithione, sodium citrate, cocamide mea, sodium xylenesulfonate, sodium chloride, sodium benzoate, guar hy droxypropyltrimonium chloride, benzyl alcohol, citric acid, panthenol, panthenyl ethyl ether, oryza sativa bran oil, methylchloroisothiazolinone, methylisothiazounone","[""dimethicone"", ""zinc pyrithione"", ""panthenol""]",https://www.watsons.co.id/id/pantene-shampoo-anti-ketombe-pro-v-400ml/p/BP_70993,4/15/2026
P707,tsubaki premium ex hair fall care & repair shampoo 450ml,Tsubaki,Shampoo,179900,450,ml,"aqua, sodium laureth sulfate, cocamidopropyl betaine, glycol distearate, peg-2 laurate, sodium sulfate, fragrance, dipropylene glycol, isostearyl alcohol, phenoxyethanol, guar hydroxypropyltrimonium chloride, sodium benzoate, polyquaternium-10, propyltrimoniumchloride acrylamide dimethylacrylamide copolymer, salicylic acid, citric acid, disodium edta, sodium methyl cocoyl taurate, laurtrimonium chloride, squalane, camellia japonica seed oil, butylene glycol, polyquaternium-11, sodium dilauramidoglutamide lysine, taurine, phytosteryl octyldodecyl lauroyl glutamate, phytosteryl macadamiate, citrus unshiu peel extract, eucheuma serra grateloupia sparsa saccharina angustata ulva linza undaria pinnatifida extract, bis-ethylhexyloxyphenol methoxyphenyl triazine, saccharina angustata undaria pinnatifida extract, tocopherol?","[""salicylic acid"", ""tocopherol""]",https://www.watsons.co.id/id/tsubaki-tsubaki-premium-ex-hair-fall-care-repair-shampoo-450ml/p/BP_44339,4/15/2026
P708,shampoo active fresh lemon mint botol 680ml,zinc,Shampoo,51000,680,ml,"aqua, cocamidopropyl betaine, potassium cocoyl hydrolyzed oat protein, sodium cocoyl glycinate, peg-120 methyl glucose dioleate, butylene glvcol, aleurites moluccana seed extract, propylene glycol, fragrance, panthenol, polyquaternium-10, aloe barbadensis leaf extract, phenoxyeth-anol, dmdm hydantoin, tetrasodium edia, citric acid","[""panthenol"", ""aloe barbadensis leaf extract""]",https://www.watsons.co.id/id/zinc-shampoo-active-fresh-lemon-mint-botol-680ml/p/BP_27078,4/15/2026
P711,extra night repair shampoo 450ml,Moist Diane,Shampoo,116900,450,ml,"aqua, sodium c14-16 olefin sulfonate, cocamidopropyl betaine, cocamide methyl mea, lauryl betaine, fragrance, sodium chloride, polyquaternium-10, sodium benzoate, phenoxyethanol, citric acid, disodium edta, propylene glycol, pouteria sapota seed oil, mangifera indica seed oil, carapa guaianensis seed oil, opuntia ficus-indica seed oil, bis-ethoxydiglycol cyclohexane 1, 4-dicarboxylate, isononyl isononanoate, isostearoyl hydrolyzed keratin, propanediol, keratin, quaternium-18, behentrimonium chloride, gamma-docosalactone, quaternium-33, cholesterol, glycine soja sterols, hydrolyzed keratin, ceramide ng, argania spinosa kernel oil, ceramide as, ceramide np, ceramide ap, ceramide eop","[""hydrolyzed keratin"", ""keratin"", ""ceramide np"", ""argania spinosa kernel oil""]",https://www.watsons.co.id/id/moist-diane-extra-night-repair-shampoo-450ml/p/BP_45667,4/15/2026
P713,coconut nourishing shampoo refill 450ml,naturals by watsons,Shampoo,42900,450,ml,"aqua, ammonium lauryl sulfate, glycerin, cocamidopropyl betaine, cocamide mea, phenoxyethanol, sodium chloride, parfum, polysorbate 20, chlorphenesin, polyquaternium-10, polyquaternium-7, sodium benzoate, butyl methoxydibenzoylmethane, trisodium ethylenediamine disuccinate, citric acid, butyrospermum parkii butter*, cocos nucifera oil*, crambe abyssinica seed oil, panthenol, sodium hyaluronate, linoleic acid, oleic acid, cocos nucifera fruit extract*, lavandula angustifolia oil, palmitic acid, stearic acid, linolenic acid, tocopherol, hexyl cinnamal *ingredients from certified organic agriculture","[""glycerin"", ""butyrospermum parkii"", ""panthenol"", ""sodium hyaluronate"", ""tocopherol""]",https://www.watsons.co.id/id/naturals-by-watsons-coconut-nourishing-shampoo-refill-450ml/p/BP_60127,4/15/2026
P715,moist diane shampoo extra smooth & straight 450ml,Moist Diane,Shampoo,116900,450,ml,"sodium benzoate, sodium bicarbonate, sodium c 14-16 olefin sulfonate, sodium cocoamphoacetate, sodium methyl cocoyl taurate, soybean sterol, tea-cocoyl glutamate, adansonia digitata seed oil, aqua, argan oil polyglyceryl-6 esters, argania spinosa kernel oil, behentrimonium chloride, butylene glycol, caramel, carapa guaianensis seed oil, ceramide 5, chenopodium quinoa seed oil, cocamide methyl mea, cocamidopropyl betaine, disodium c12-14 pareth-2 sulfosuccinate, glyoxylic acid, hydrolyzed adansonia digitata extract, hydrolyzed keratin, hydrolyzed silk pg-propyl methylsilanediol, hydroxypropyltrimonium hydrolyzed keratin, isomalt, isostearoyl hydrolyzed collagen, laurdimonium hydroxypropyl hydrolyzed keratin, lecithin, myristamine oxide, oenocarpus bataua fruit oil, polyquaternium-10, potassium cocoyl hydrolyzed keratin, potassium sorbate, propanediol, propylene glycol, prunus domestica seed extract, quaternium-18, quaternium-33, schinziophyton rautanenii kernel oil, sclerocarya birrea seed oil, sodium chloride, sodium lauraminopropionate, terminalia ferdinandiana fruit extract, theobroma grandiflorum seed butter, xanthan gum, acetyl cysteine, hydrolyzed quinoa, hydrolyzed conchiolin protein, malus domestica fruit cell culture extract, disodium edta, dipropylene glycol, ceramide ap, ceramide np, ceramide eop, tocopherol, argania spinosa sprout cell extract, cetearamidoethyl diethonium hydrolyzed rice protein, ceramide ng, gamma-docosalactone, pouteria sapota seed oil","[""argania spinosa kernel oil"", ""hydrolyzed keratin"", ""hydrolyzed silk"", ""hydrolyzed collagen"", ""ceramide np"", ""tocopherol""]",https://www.watsons.co.id/id/moist-diane-moist-diane-shampoo-extra-smooth-straight-450ml/p/BP_38500,4/15/2026
P716,l'oreal paris elseve total repair 5 repairing shampoo hair care 650ml,l'oreal,Shampoo,148700,650,ml,"water, sodium laureth sulfate, coco-betaine, dimethicone, glycol distearate, sodium chloride, guar hydroxypropyltrimonium chloride, lactic acid, sodium benzoate, sodium hydroxide, ppg-5-ceteth-20, salicylic acid, polyquaternium-7, limonene, linalool, benzyl salicylate, benzyl alcohol, 20leamido-1, 3-0ctadecanediol, fragrance, carbomer, butylphenyl methylpropional, citric acid, hexyl cinnamal ","[""dimethicone"", ""lactic acid"", ""salicylic acid""]",https://www.watsons.co.id/id/l-oreal-l-oreal-paris-elseve-total-repair-5-repairing-shampoo-hair-care-650ml/p/BP_21475,4/15/2026
P720,keratin smooth conditioner 170ml,TRESemmé,Conditioner,37900,170,ml,"aqua, isopentyldiol, behentrimonium chloride, glycerin, stearyl alcohol, dimethicone, behenyl alcohol, cetyl alcohol, isopropyl alcohol, fragrance, dipropylene glycol, menthol, isopropyl myristate, peg-2 laurate, sodium benzoate, phenoxyethanol, amodimethicone, sodium methyltaurate, salicylic acid, hydroxyethyl urea, aminopropyl dimethicone, ppg-2-deceth-12, steartrimonium chloride, c13-16 isoparaffin, lactic acid, polysilicone-13, disodium edta, squalane, camellia japonica seed oil, c10-13 isoparaffin, ammonium lactate, butylene glycol, sodium dilauramidoglutamide lysine, ethylhexyl palmitate, bis-ethylhexyloxyphenol methoxyphenyl triazine, cetrimonium chloride, phytosteryl octyldodecyl lauroyl glutamate, phytosteryl macadamiate, mentha piperita leaf extract, tocopherol","[""glycerin"", ""dimethicone"", ""menthol"", ""amodimethicone"", ""salicylic acid"", ""lactic acid"", ""tocopherol""]",https://www.watsons.co.id/id/tresemme-keratin-smooth-conditioner-170ml/p/BP_73932,4/17/2026
P721,lavojoy out of my head conditioner 300ml,Lavojoy,Conditioner,71900,300,ml,"water, cetearyl alcohol, glycerin, dimethicone, behentrimonium chloride, bis-aminopropyl dimethicone, phenoxyethanol, aroma, isopropyl alcohol, hydroxyethylcellulose, chlorphenesin, dimethiconol, acrylamidopropyltrimonium chloride acrylamide copolymer, disodium edta, citric acid, squalane, polysorbate 60, disodium phosphate, keratin, hydrolyzed keratin, oxidized keratin, salicylic acid, sodium phosphate, yeast extract, phragmites communis extract, zea mays silk extract, oryza sativa extract, aloe barbadensis leaf extract, 1, 2-hexanediol, butylene glycol, malva sylvestris flower leaf stem extract, ethylhexylglycerin","[""glycerin"", ""dimethicone"", ""keratin"", ""hydrolyzed keratin"", ""salicylic acid"", ""aloe barbadensis leaf extract""]",https://www.watsons.co.id/id/lavojoy-lavojoy-out-of-my-head-conditioner-300ml/p/BP_39934,4/17/2026
P722,conditioner hair fall 170ml,wardah,Conditioner,27500,170,ml,"aqua, stearyl alcohol, isopentyldiol, behentrimonium chloride, glycerin, dimethicone, sorbitol, cetyl alcohol, dipropylene glycol, isopropyl alcohol, fragrance, aminopropyl dimethicone, isopropyl myristate, sodium methyltaurate, peg-2 laurate, salicylic acid, sodium benzoate, phenoxyethanol, c13-16 isoparaffin, polysilicone-13, steartrimonium chloride, laurtrimonium chloride, c10-13 isoparaffin, squalane, disodium edta, camellia japonica seed oil, butylene glycol, cetrimonium chloride, sodium dilauramidoglutamide lysine, amodimethicone, bis-ethylhexyloxyphenol methoxyphenyl triazine, phytosteryl macadamiate, ppg-2-deceth-12, citrus unshiu peel extract, eucheuma serra grateloupia sparsa saccharina angustata ulva linza undaria pinnatifida extract, lactic acid, saccharina angustata undaria pinnatifida extract, tocopherol, phytosteryl octyldodecyl lauroyl glutamate?","[""glycerin"", ""dimethicone"", ""salicylic acid"", ""amodimethicone"", ""lactic acid"", ""tocopherol""]",https://www.watsons.co.id/id/wardah-conditioner-hair-fall-170ml/p/BP_14649,4/17/2026
P725,tsubaki premium cool & repair conditioner 450ml,Tsubaki,Conditioner,82000,450,ml,"aqua, isopentyldiol, behentrimonium chloride, glycerin, stearyl alcohol, dimethicone, behenyl alcohol, cetyl alcohol, isopropyl alcohol, fragrance, dipropylene glycol, menthol, isopropyl myristate, peg-2 laurate, sodium benzoate, phenoxyethanol, amodimethicone, sodium methyltaurate, salicylic acid, hydroxyethyl urea, aminopropyl dimethicone, ppg-2-deceth-12, steartrimonium chloride, c13-16 isoparaffin, lactic acid, polysilicone-13, disodium edta, squalane, camellia japonica seed oil, c10-13 isoparaffin, ammonium lactate, butylene glycol, sodium dilauramidoglutamide lysine, ethylhexyl palmitate, bis-ethylhexyloxyphenol methoxyphenyl triazine, cetrimonium chloride, phytosteryl octyldodecyl lauroyl glutamate, phytosteryl macadamiate, mentha piperita leaf extract, tocopherol","[""glycerin"", ""dimethicone"", ""menthol"", ""amodimethicone"", ""salicylic acid"", ""lactic acid"", ""tocopherol""]",https://www.watsons.co.id/id/tsubaki-tsubaki-premium-cool-repair-conditioner-450ml/p/BP_45147,4/17/2026
P726,conditioner biotin hairfall control 135ml,Dove,Conditioner,25500,135,ml,"water, cetearyl alcohol, behentrimonium chloride, glycerin, dimethicone, dipropylene glycol, perfume, citric acid, amodimethicone, sodium benzoate, sodium gluconate, sodium citrate, disodium edta, lactic acid, peg-7 propylheptyl ether, phenoxyethanol, cetrimonium chloride, urea, disodium phosphate, biotin, zinc sulfate heptahydrate, ceramide ng, sodium sulfate, sodium chloride, hydrolyzed yeast protein, potassium sorbate, ci 15985, ci 19140","[""glycerin"", ""dimethicone"", ""amodimethicone"", ""lactic acid"", ""biotin"", ""ceramide np"", ""hydrolyzed wheat protein""]",https://www.watsons.co.id/id/dove-conditioner-biotin-hairfall-control-135ml/p/BP_64322,4/17/2026
P727,lavojoy so so so smooth conditioner 300ml,Lavojoy,Conditioner,71900,300,ml,"1 amino acid 2 hyaluronic acid 3 olive oil fresh floral fragrance - berry fragrance top notes: orange citrus lemon middle notes: mimosa, jasmine, ylang ylang base notes: tonka beans, patchouli, myrrh, vetiver origin indonesia commodity specifications bpom : na11231000223 product usage tuangkan kondisioner dalam jumlah yang sesuai ke telapak tangan, lalu aplikasikan merata dari tengah hingga ujung rambut biarkan selama beberapa menit, bilas hingga bersih dengan air ingredients water, cetearyl alcohol, glycerin, dimethicone, behentrimonium chloride, bis-aminopropyl dimethicone, phenoxyethanol, isopropyl alcohol, aroma, chlorphenesin, hydroxyethylcellulose, dimethiconol, acrylamidopropyltrimonium chloride acrylamide copolymer, disodium edta, citric acid, limnanthes alba seed oil, simsmondsia chinensis seed oil, squalane, olea europaea fruit oil, polysorbate 60, disodium phosphate, sodium hyaluronate, sodium phosphate","[""glycerin"", ""dimethicone"", ""simmondsia chinensis seed oil"", ""olea europaea oil"", ""sodium hyaluronate""]",https://www.watsons.co.id/id/lavojoy-lavojoy-so-so-so-smooth-conditioner-300ml/p/BP_39935,4/17/2026
P728,pro-v conditioner hair fall control 290ml - perawatan rambut rontok,Pantene,Conditioner,35500,290,ml,"water, glycerin, stearyl alcohol, befientrimonium methosulfate, bis-aminopropyl dimethicone, cetyl alcohol, fragrance, dicetyldimonium chloride, isopropyl alcohol, benzyl alcohol, propylene glycol, disodium edta, histidine, citric acid, panthenol panthe","[""glycerin"", ""dimethicone"", ""panthenol""]",https://www.watsons.co.id/id/pantene-pro-v-conditioner-hair-fall-control-290ml-perawatan-rambut-rontok/p/BP_70224,4/17/2026
P731,tsubaki premium moist & repair conditioner 450ml,Tsubaki,Conditioner,94000,450,ml,"aqua, stearyl alcohol, isopentyldiol, behentrimonium chloride, glycerin, dimethicone, cetyl alcohol, isopropyl alcohol, fragrance, dipropylene glycol, isopropyl myristate, aminopropyl dimethicone, peg-2 laurate, sodium benzoate, phenoxyethanol, sodium methyltaurate, salicylic acid, c13-16 isoparaffin, polysilicone-13, steartrimonium chloride, laurtrimonium chloride, c10-13 isoparaffin, disodium edta, squalane, camellia japonica seed oil, cetrimonium chloride, butylene glycol, sodium dilauramidoglutamide lysine, amodimethicone, phytosteryl octyldodecyl lauroyl glutamate, phytosteryl macadamiate, ppg-2-deceth-12, glycine soja seed extract, bis-ethylhexyloxyphenol methoxyphenyl triazine, lactic acid, sodium acetylated hyaluronate, tocopherol","[""glycerin"", ""dimethicone"", ""salicylic acid"", ""amodimethicone"", ""lactic acid"", ""tocopherol""]",https://www.watsons.co.id/id/tsubaki-tsubaki-premium-moist-repair-conditioner-450ml/p/BP_45145,4/17/2026
P732,hair strengthening keratin conditione 200ml,watsons,Conditioner,27900,200,ml,"keratin, panthenol, olive oil, ginseng extract, dan vitamin complex","[""keratin"", ""panthenol""]",https://www.watsons.co.id/id/watsons-hair-strengthening-keratin-conditione-200ml/p/BP_67919,4/17/2026
P733,serasoft conditioner hair fall 170ml,serasoft,Conditioner,18500,170,ml,"water, cetearyl alcohol, behentrimonium chloride, dipropylene glycol, glycerin, perfume, dimethicone, gluconolactone, trehalose, helianthus annuus seed oil, c10-40 isoalkylamidopropylethyldimonium ethosulfate, sodium sulfate, tocopheryl acetate, argania spinosa kernel oil, cocos nucifera oil, prunus amygdalus dulcis oil, mineral oil, amodimethicone, disodium edta, phenoxyethanol, cetrimonium chloride, peg-7 propylheptyl ether, magnesium nitrate, cyclotetrasiloxane, methylchloroisothiazolinone, magnesium chloride, methylarachidic acid, methylisothiazolinone, sodium chloride, acetic acid","[""glycerin"", ""dimethicone"", ""tocopheryl acetate"", ""argania spinosa kernel oil"", ""amodimethicone"", ""lactic acid""]",https://www.watsons.co.id/id/serasoft-serasoft-conditioner-hair-fall-170ml/p/BP_73395,4/17/2026
P734,tsubaki premium ex hair fall care & repair conditioner 450ml,Tsubaki,Conditioner,179900,450,ml,"aqua, stearyl alcohol, isopentyldiol, behentrimonium chloride, glycerin, dimethicone, sorbitol, cetyl alcohol, dipropylene glycol, isopropyl alcohol, fragrance, aminopropyl dimethicone, isopropyl myristate, sodium methyltaurate, peg-2 laurate, salicylic acid, sodium benzoate, phenoxyethanol, c13-16 isoparaffin, polysilicone-13, steartrimonium chloride, laurtrimonium chloride, c10-13 isoparaffin, squalane, disodium edta, camellia japonica seed oil, butylene glycol, cetrimonium chloride, sodium dilauramidoglutamide lysine, amodimethicone, bis-ethylhexyloxyphenol methoxyphenyl triazine, phytosteryl macadamiate, ppg-2-deceth-12, citrus unshiu peel extract, eucheuma serra grateloupia sparsa saccharina angustata ulva linza undaria pinnatifida extract, lactic acid, saccharina angustata undaria pinnatifida extract, tocopherol, phytosteryl octyldodecyl lauroyl glutamate?","[""glycerin"", ""dimethicone"", ""salicylic acid"", ""amodimethicone"", ""lactic acid"", ""tocopherol""]",https://www.watsons.co.id/id/tsubaki-tsubaki-premium-ex-hair-fall-care-repair-conditioner-450ml/p/BP_44344,4/17/2026
P738,conditioner anti kusut miracles collagen repair pro-v 150ml,Pantene,Conditioner,28500,150,ml,"aqua, stearyl alcohol, isopentyldiol, behentrimonium chloride, glycerin, dimethicone, sorbitol, cetyl alcohol, dipropylene glycol, isopropyl alcohol, fragrance, isopropyl myristate, aminopropyl dimethicone, sodium methyltaurate, peg-2 laurate, salicylic acid, sodium benzoate, phenoxyethanol, hydroxyethyl urea, c13-16 isoparaffin, polysilicone-13, steartrimonium chloride, laurtrimonium chloride, c10-13 isoparaffin, lactic acid, squalane, disodium edta, camellia japonica seed oil, butylene glycol, ammonium lactate, cetrimonium chloride, alcohol, sodium dilauramidoglutamide lysine, amodimethicone, phytosteryl octyldodecyl lauroyl glutamate, phytosteryl macadamiate, ppg-2-deceth-12, royal jelly extract, glycine soja seed extract, camellia sinensis leaf extract, bis-ethylhexyloxyphenol methoxyphenyl triazine, sodium acetylated hyaluronate, tocopherol, hydrolyzed conchiolin protein","[""glycerin"", ""dimethicone"", ""salicylic acid"", ""lactic acid"", ""amodimethicone"", ""camellia sinensis leaf extract"", ""tocopherol""]",https://www.watsons.co.id/id/pantene-conditioner-anti-kusut-miracles-collagen-repair-pro-v-150ml/p/BP_25751,4/17/2026
P739,rosemary conditioner 490ml,naturals by watsons,Conditioner,57900,490,ml,"aqua, cetearyl alcohol, glycerin, phenoxyethanol, behentrimonium methosulfate, butyrospermum parkii butter, cetyl alcohol, propylene glycol, cetrimonium chloride, parfum, hydroxyethylcellulose, chlorphenesin, menthol, climbazole, citric acid, trisodium ethylenediamine disuccinate, sodium acetate, mentha piperita oil, rosmarinus officinalis leaf oil*, propanediol, arginine, lactic acid, glycine soja germ extract, triticum vulgare germ extract, rosmarinus officinalis leaf extract*, gluconolactone, scutellaria baicalensis root extract, sodium benzoate, potassium sorbate, ethylhexylglycerin, copper tripeptide-1, calcium gluconate, *ingredients from certified organic agriculture","[""glycerin"", ""butyrospermum parkii"", ""menthol"", ""climbazole"", ""rosmarinus officinalis leaf oil"", ""arginine"", ""lactic acid"", ""rosmarinus officinalis leaf extract"", ""copper tripeptide-1""]",https://www.watsons.co.id/id/naturals-by-watsons-rosemary-conditioner-490ml/p/BP_59971,4/17/2026
P742,l'oreal paris extraordinary oil conditioner sleek 440ml,l'oreal,Conditioner,279900,440,ml,"aqua water, cetearyl alcohol, amodimethicone, behentrimonium chloride, cetyl esters, ci 77891 titanium dioxide, ci 77491 iron oxides, ci 15985 yellow 6, ci 19140 yellow 5, mica, tocopheryl acetate, cedrus atlantica bark oil, phenoxyethanol, ethylhexyl salicylate, trideceth-6, chlorhexidine dihydrochloride, limonene, linalool, isopropyl alcohol, 2-oleamido-1, 3-octadecanediol, caramel, cetrimonium chloride, coumarin, lavandula angustifolia oil lavender oil, hexyl cinnamal, parfum fragrance","[""amodimethicone"", ""tocopheryl acetate""]",https://www.watsons.co.id/id/l-oreal-l-oreal-paris-extraordinary-oil-conditioner-sleek-440ml/p/BP_24385,4/17/2026
P744,conditioner miracles collagen repair daily hair supplement for damage care 70ml,Pantene,Conditioner,18000,70,ml,"aqua, stearyl alcohol, isopentyldiol, behentrimonium chloride, glycerin, dimethicone, sorbitol, cetyl alcohol, dipropylene glycol, isopropyl alcohol, fragrance, isopropyl myristate, aminopropyl dimethicone, sodium methyltaurate, peg-2 laurate, salicylic acid, sodium benzoate, phenoxyethanol, hydroxyethyl urea, c13-16 isoparaffin, polysilicone-13, steartrimonium chloride, laurtrimonium chloride, c10-13 isoparaffin, lactic acid, squalane, disodium edta, camellia japonica seed oil, butylene glycol, ammonium lactate, cetrimonium chloride, alcohol, sodium dilauramidoglutamide lysine, amodimethicone, phytosteryl octyldodecyl lauroyl glutamate, phytosteryl macadamiate, ppg-2-deceth-12, royal jelly extract, glycine soja seed extract, camellia sinensis leaf extract, bis-ethylhexyloxyphenol methoxyphenyl triazine, sodium acetylated hyaluronate, tocopherol, hydrolyzed conchiolin protein","[""glycerin"", ""dimethicone"", ""salicylic acid"", ""lactic acid"", ""amodimethicone"", ""camellia sinensis leaf extract"", ""tocopherol""]",https://www.watsons.co.id/id/pantene-conditioner-miracles-collagen-repair-daily-hair-supplement-for-damage-care-70ml/p/BP_25754,4/17/2026
P745,cbd keratin pro daily conditioner 250ml,CBD Professional,Conditioner,47900,250,ml,"aqua, cetearyl alcohol, glycerin, dimethicone, behentrimonium chloride, glyceryl stearate, perfume, hydroxypropyl starch phosphate, phenoxyethanol, cetrimonium chloride, peg-100 stearate, isopropanol, sodium metabisulfite, bht, disodium edta, panthenol, aminomethyl propanol, hydrolyzed keratin, citric acid","[""glycerin"", ""dimethicone"", ""panthenol"", ""hydrolyzed keratin""]",https://www.watsons.co.id/id/cbd-cbd-keratin-pro-daily-conditioner-250ml/p/BP_35458,4/17/2026
P748,clean white strawberry and sweet mint hair conditioner 400ml,herbal essences,Conditioner,93000,400,ml,"water eau, stearyl alcohol, cetyl alcohol, stearamidopropyl dimethylamine, fragrance parfum, benzyl alcohol, dicetyldimonium chloride, glutamic acid, disodium edta, bis-aminopropyl dimethicone, citric acid, histidine, aloe barbadensis leaf juice, fragaria chiloensis fruit extract, menthol, mentha piperita oil, mentha arvensis leaf oil, methylchloroisothiazolinone, methylisothiazolinone, ecklonia radiata extract","[""dimethicone"", ""menthol""]",https://www.watsons.co.id/id/herbal-essences-clean-white-strawberry-and-sweet-mint-hair-conditioner-400ml/p/BP_15140,4/17/2026
P750,dove 1 minute super conditioner - intensive damage treatment 170ml,Dove,Conditioner,37700,170,ml,"water, cetearyl alcohol, behentrimonium chloride, dipropylene glycol, glycerin, perfume, dimethicone, gluconolactone, trehalose, helianthus annuus seed oil, c10-40 isoalkylamidopropylethyldimonium ethosulfate, sodium sulfate, tocopheryl acetate, argania spinosa kernel oil, cocos nucifera oil, prunus amygdalus dulcis oil, mineral oil, amodimethicone, disodium edta, phenoxyethanol, cetrimonium chloride, peg-7 propylheptyl ether, magnesium nitrate, cyclotetrasiloxane, methylchloroisothiazolinone, magnesium chloride, methylarachidic acid, methylisothiazolinone, sodium chloride, acetic acid","[""glycerin"", ""dimethicone"", ""tocopheryl acetate"", ""argania spinosa kernel oil"", ""amodimethicone"", ""lactic acid""]",https://www.watsons.co.id/id/dove-dove-1-minute-super-conditioner-intensive-damage-treatment-170ml/p/BP_70286,4/17/2026
P751,lavojoy hair we bloom conditioner 300ml,Lavojoy,Conditioner,71900,300,ml,"1 zinc pca 2 tea tree oil 3 salicylic acid fresh fragrance - season of flower top notes: bellflower, male lilac middle notes: lily of the valley, rose, jasmine base notes: cedar, musk, oakmoss origin indonesia commodity specifications bpom : na11231000222 product usage tuangkan kondisioner dalam jumlah yang sesuai ke telapak tangan, lalu aplikasikan merata dari tengah hingga ujung rambut biarkan selama beberapa menit, bilas hingga bersih dengan air ingredients water, sodium laureth sulfate, sodium chloride, cocamidopropyl hydroxysultaine, cocamide methyl mea, aroma, phenoxyethanol, cocamidopropyl betaine, sodium benzoate, trimethylolpropane tricaprylate tricaprate, coco-glucoside, glyceryl oleate, sodium lauroyl sarcosinate, hydroxypropyl guar hydroxypropyltrimonium chloride, polyquaternium-7, citric acid, glycerin, sodium pca, myristamidopropyl pg-dimonium chloride phosphate, disodium edta, sodium cocamidopropyl pg-dimonium chloride phosphate, phytosteryl oleate, glyceryl behenate, sodium polyaspartate, propylene glycol, ppg-26-buteth-26, butylene glycol, 1, 2-hexanediol, tocopherol, pentylene glycol, hydrogenated palm glycerides citrate, salicylic acid, melaleuca alternifolia leaf oil, maris sal, zinc pca, rosmarinus officinalis leaf extract, yeast extract, ethylhexylglycerin","[""salicylic acid"", ""glycerin"", ""tocopherol"", ""melaleuca alternifolia oil"", ""zinc pca"", ""rosmarinus officinalis leaf extract""]",https://www.watsons.co.id/id/lavojoy-lavojoy-hair-we-bloom-conditioner-300ml/p/BP_39942,4/17/2026
P753,l'oreal elseve hyaluron pure 72h rehydrating conditioner 265ml,l'oreal,Conditioner,99500,265,ml,"aqua water, cetearyl alcohol, dimethicone, glycerin, behentrimonium chloride, ci 17200 red 33, ci 42090 blue 1, lactic acid, sodium laureth sulfate, sodium hydroxide, sodium hyaluronate, phenoxyethanol, limonene, amodimethicone, isopropyl alcohol, cetrimonium chloride, parfum fragrance","[""dimethicone"", ""glycerin"", ""lactic acid"", ""sodium hyaluronate"", ""amodimethicone""]",https://www.watsons.co.id/id/l-oreal-l-oreal-elseve-hyaluron-pure-72h-rehydrating-conditioner-265ml/p/BP_44812,4/17/2026
P754,treatment care keratin conditioner 200ml,watsons,Conditioner,27900,200,ml,"keratin, panthenol, olive oil, sunflower extract, dan vitamin complex","[""keratin"", ""panthenol""]",https://www.watsons.co.id/id/watsons-treatment-care-keratin-conditioner-200ml/p/BP_67918,4/17/2026
P756,tsubaki premium ex damage care & repair conditioner 450ml,Tsubaki,Conditioner,116900,450,ml,"aqua, stearyl alcohol, isopentyldiol, behentrimonium chloride, glycerin, dimethicone, sorbitol, cetyl alcohol, dipropylene glycol, isopropyl alcohol, fragrance, isopropyl myristate, aminopropyl dimethicone, sodium methyltaurate, peg-2 laurate, salicylic acid, sodium benzoate, phenoxyethanol, hydroxyethyl urea, c13-16 isoparaffin, polysilicone-13, steartrimonium chloride, laurtrimonium chloride, c10-13 isoparaffin, lactic acid, squalane, disodium edta, camellia japonica seed oil, butylene glycol, ammonium lactate, cetrimonium chloride, alcohol, sodium dilauramidoglutamide lysine, amodimethicone, phytosteryl octyldodecyl lauroyl glutamate, phytosteryl macadamiate, ppg-2-deceth-12, royal jelly extract, glycine soja seed extract, camellia sinensis leaf extract, bis-ethylhexyloxyphenol methoxyphenyl triazine, sodium acetylated hyaluronate, tocopherol, hydrolyzed conchiolin protein","[""glycerin"", ""dimethicone"", ""salicylic acid"", ""lactic acid"", ""amodimethicone"", ""camellia sinensis leaf extract"", ""tocopherol""]",https://www.watsons.co.id/id/tsubaki-tsubaki-premium-ex-damage-care-repair-conditioner-450ml/p/BP_45148,4/17/2026
P759,argan oil anti-frizz treatment conditioner 200ml,watsons,Conditioner,30900,200,Ml,"aqua, cetyl alcohol, stearyl alcohol, dimathicone","[""dimethicone""]",https://www.watsons.co.id/id/watsons-argan-oil-anti-frizz-treatment-conditioner-200ml/p/BP_26246,4/17/2026
P760,conditioner micellar hairfall control 90ml,Dove,Conditioner,11500,90,ml,"water, cetearyl alcohol, behentrimonium chloride, glycerin, dimethicone, dipropylene glycol, perfume, citric acid, amodimethicone, sodium benzoate, disodium edta, lactic acid, peg-7 propylheptyl ether, phenoxyethanol, cetrimonium chloride, ceramide ng, zinc sulfate heptahydrate, hydrolyzed yeast protein, potassium sorbate","[""glycerin"", ""dimethicone"", ""amodimethicone"", ""lactic acid"", ""ceramide np"", ""hydrolyzed wheat protein""]",https://www.watsons.co.id/id/dove-conditioner-micellar-hairfall-control-90ml/p/BP_66724,4/17/2026
P761,l'oreal paris elseve hyaluron moisture conditioner 280ml,l'oreal,Conditioner,99500,280,ml,"aqua water, cetearyl alcohol, dimethicone, glycerin, behentrimonium chloride, ci 17200 red 33, ci 42090 blue 1, lactic acid, sodium laureth sulfate, sodium hydroxide, sodium hyaluronate, phenoxyethanol, limonene, amodimethicone, isopropyl alcohol, cetrimonium chloride, parfum fragrance","[""dimethicone"", ""glycerin"", ""lactic acid"", ""sodium hyaluronate"", ""amodimethicone""]",https://www.watsons.co.id/id/l-oreal-l-oreal-paris-elseve-hyaluron-moisture-conditioner-280ml/p/BP_29754,4/17/2026
P763,yogurt smoothing treatment conditioner 200ml,watsons,Conditioner,30900,200,Ml,"aqua, cetyl alcohol, stearyl alcohol, dimathicone","[""dimethicone""]",https://www.watsons.co.id/id/watsons-yogurt-smoothing-treatment-conditioner-200ml/p/BP_26247,4/17/2026
P766,pro-v conditioner hair fall control 160 ml - perawatan rambut rontok,Pantene,Conditioner,31000,160, ml,"water, glycerin, stearyl alcohol, befientrimonium methosulfate, bis-aminopropyl dimethicone, cetyl alcohol, fragrance, dicetyldimonium chloride, isopropyl alcohol, benzyl alcohol, propylene glycol, disodium edta, histidine, citric acid, panthenol panthe","[""glycerin"", ""dimethicone"", ""panthenol""]",https://www.watsons.co.id/id/pantene-pro-v-conditioner-hair-fall-control-160-ml-perawatan-rambut-rontok/p/BP_70220,4/17/2026
P767,tsubaki premium volume & repair conditioner 450ml,Tsubaki,Conditioner,149900,450,ml,"aqua, isopentyldiol, behentrimonium chloride, glycerin, stearyl alcohol, behenyl alcohol, dimethicone, cetyl alcohol, isopropyl alcohol, fragrance, dipropylene glycol, isopropyl myristate, peg-2 laurate, sodium benzoate, amodimethicone, phenoxyethanol, sodium methyltaurate, salicylic acid, aminopropyl dimethicone, ppg-2-deceth-12, laurtrimonium chloride, c13-16 isoparaffin, steartrimonium chloride, polysilicone-13, squalane, aspartic acid, disodium edta, camellia japonica seed oil, polyquaternium-11, c10-13 isoparaffin, lactic acid, sodium dilauramidoglutamide lysine, taurine, cetrimonium chloride, phytosteryl octyldodecyl lauroyl glutamate, phytosteryl macadamiate, bis-ethylhexyloxyphenol methoxyphenyl triazine, tocopherol","[""glycerin"", ""dimethicone"", ""amodimethicone"", ""salicylic acid"", ""lactic acid"", ""tocopherol""]",https://www.watsons.co.id/id/tsubaki-tsubaki-premium-volume-repair-conditioner-450ml/p/BP_45146,4/17/2026
P769,safi hijab expert conditioner 160ml,Safi,Conditioner,40700,160,ml,"water, glycerin, stearyl alcohol, befientrimonium methosulfate, bis-aminopropyl dimethicone, cetyl alcohol, fragrance, dicetyldimonium chloride, isopropyl alcohol, benzyl alcohol, propylene glycol, disodium edta, histidine, citric acid, panthenol panthe","[""glycerin"", ""dimethicone"", ""panthenol""]",https://www.watsons.co.id/id/safi-safi-hijab-expert-conditioner-160ml/p/BP_17360,4/17/2026
P770,coconut nourishing conditioner 490ml,naturals by watsons,Conditioner,57900,490,ml,"aqua, cetearyl alcohol, glycerin, behentrimonium methosulfate, butyrospermum parkii butter, cetyl alcohol, phenoxyethanol, cetrimonium chloride, parfum, hydroxyethylcellulose, chlorphenesin, citric acid, trisodium ethylenediamine disuccinate, sodium acetate, butyrospermum parkii butter*, cocos nucifera oil*, crambe abyssinica seed oil, panthenol, sodium hyaluronate, linoleic acid, oleic acid, cocos nucifera fruit extract*, lavandula angustifolia oil, palmitic acid, stearic acid, linolenic acid, sodium benzoate, tocopherol, hexyl cinnamal *ingredients from certified organic agriculture","[""glycerin"", ""butyrospermum parkii"", ""panthenol"", ""sodium hyaluronate"", ""tocopherol""]",https://www.watsons.co.id/id/naturals-by-watsons-coconut-nourishing-conditioner-490ml/p/BP_59970,4/17/2026
P771,dove 1 minute super conditioner - intensive hair fall treatment 170ml,Dove,Conditioner,37700,170,ml,"water, cetearyl alcohol, behentrimonium chloride, dipropylene glycol, glycerin, perfume, dimethicone, gluconolactone, trehalose, helianthus annuus seed oil, c10-40 isoalkylamidopropylethyldimonium ethosulfate, sodium sulfate, tocopheryl acetate, argania spinosa kernel oil, cocos nucifera oil, prunus amygdalus dulcis oil, mineral oil, amodimethicone, disodium edta, phenoxyethanol, cetrimonium chloride, peg-7 propylheptyl ether, magnesium nitrate, cyclotetrasiloxane, methylchloroisothiazolinone, magnesium chloride, methylarachidic acid, methylisothiazolinone, sodium chloride, acetic acid","[""glycerin"", ""dimethicone"", ""tocopheryl acetate"", ""argania spinosa kernel oil"", ""amodimethicone"", ""lactic acid""]",https://www.watsons.co.id/id/dove-dove-1-minute-super-conditioner-intensive-hair-fall-treatment-170ml/p/BP_70287,4/17/2026
P773,honey repairing treatment conditioner 200ml,watsons,Conditioner,30900,200,Ml,"aqua, cetyl alcohol, stearyl alcohol, dimathicone","[""dimethicone""]",https://www.watsons.co.id/id/watsons-honey-repairing-treatment-conditioner-200ml/p/BP_26245,4/17/2026
P774,conditioner micellar hairfall control 135ml,Dove,Conditioner,25500,135,ml,"water, cetearyl alcohol, behentrimonium chloride, glycerin, dimethicone, dipropylene glycol, perfume, citric acid, amodimethicone, sodium benzoate, disodium edta, lactic acid, peg-7 propylheptyl ether, phenoxyethanol, cetrimonium chloride, ceramide ng, zinc sulfate heptahydrate, hydrolyzed yeast protein, potassium sorbate","[""glycerin"", ""dimethicone"", ""amodimethicone"", ""lactic acid"", ""ceramide np"", ""hydrolyzed wheat protein""]",https://www.watsons.co.id/id/dove-conditioner-micellar-hairfall-control-135ml/p/BP_64317,4/17/2026
P776,ultimate botanical hair oil 70ml,hair-system,Hair Oil,54900,70,ml,"aqua, glycerin, stearyl alcohol, behenyl alcohol, steartrimonium chloride, sorbitol, isopropyl myristate, hydrogenated polydecene, fragrance, isopropyl alcohol, amodimethicone, phenoxyethanol, methylparaben, ppg-2-deceth-12, laurtrimonium chloride, squalane, camellia japonica seed oil, polyquaternium-11, lactic acid, aspartic acid, citric acid, butylene glycol, sodium dilauramidoglutamide lysine, phytosteryl octyldodecyl lauroyl glutamate, phytosteryl macadamiate, taurine, glycine soja seed extract, tocopherol, hydroxypropyl arginine lauryl myristyl ether hcl, alcohol hide promosi: less 50% *online and standard delivery only - buy 1 of any watsons personal care, get free sakatonik gummy *online and standard delivery only - min purchase 100k of any personal care, get free deorex body spray minisize random payment & delivery sembunyikan metode pembayaran untuk kenyamanan belanja online anda di watsons, kami menawarkan beberapa metode pembayaran berikut ini: kartu kredit kartu debit, transfer bank, cash on delivery, ewallet, watsons points, e-kupon & e-voucher tersedia bagi anda untuk berbelanja online bersama kami! shipping & delivery home delivery jangka waktu pengiriman mengikuti estimasi jadwal pengiriman reguler: area jabodetabek: 1-2 hari kerja area jawa, bali, ntt, dan ntb: 2-6 hari kerja area sumatera, kalimantan, sulawesi: 2 - 7 hari kerja area maluku dan papua: 3 - 12 hari kerja home delivery express metode pengiriman di mana barang dipesan secara online dan diantarkan langsung ke rumah anda hanya dalam waktu 2 jam atau kurang click & collect express metode pengiriman barang yang dipesan secara online dan diambil di toko, dan anda dapat datang ke toko untuk mengambil pesanan kebijakan pengembalian & pengembalian dana untuk meminta pengembalian atau pengembalian dana, silakan isi pertanyaan riwayat pesanan dengan memilih kategori pengembalian & pengembalian dana jika anda membutuhkan bantuan lebih lanjut, silakan hubungi live chat atau hotline layanan pelanggan kami di +62 21 30022833 dan email ke customerservice@watsonscoid ulasan 50 5 0 0 0 0 5 ulasan tulis ulasan semua terbaru penilaian & ulasan yang bermanfaat qonita tata 20 01 2026 vitamin rambut yang gacor halus banget buat rambut suka balas bagikan qonita tata 20 01 2026 bagus bangetenak bikin halus suka balas bagikan","[""glycerin"", ""amodimethicone"", ""lactic acid"", ""tocopherol"", ""arginine""]",https://www.watsons.co.id/id/hair-system-ultimate-botanical-hair-oil-70ml/p/BP_44667,4/18/2026
P779,cbd keratin pro daily hair vitamin spray 100ml,CBD Professional,Hair Vitamin,69500,100,Ml,"aqua, argania spinosa kernel oil, asparagopsis armata extract, behentrimonium chloride, bis-behenyl isostearyl phytosteryl dimer dilinoleyl dimerdilinoleate, butylene glycol, caramel, carapa guaianensis seed oil, ceramide 5, cetearyl alcohol, cetrimonium chloride, chamomilla recutita flower extract, chenopodium quinoa seed oil, dicocodimonium chloride dimethicone, ethylhexyl palmitate, glucose, glucosyl hesperidin, glycerin, glyceryl tri-hydrogenated rosinate, glycerylamidoethyl methacrylate stearyl methacrylate, copolymer, hydrogenated lecithin, hydrolyzed keratin, hydrolyzed rice protein, hydrolyzed silk, hydrolyzed silk pg-propyl methylsilanediol, isomalt, isopropyl alcohol, o-cymen-5-ol, pca ethyl cocoyl arginate, polyquaternium-10 propanediol, propylene glycol, prunus domestica seed extract, quaternium-18, quaternium-33, sclerocarya birrea seed oil, sodium hyaluronate, sodium lactate, sorbitol, spiraea ulmaria flower extract, theobroma grandiflorum seed butter, ubiquinone, amodimethicone, disodium edta, ceramide ap, ceramide np, ceramide eop tocopherol, phytosteryl octyldodecyl lauroyl glutamate, ceramide ng, pisum sativum sprout extract, gamma-docosalactone, pouteria sapota seed oil","[""argania spinosa kernel oil"", ""chamomilla recutita extract"", ""dimethicone"", ""glycerin"", ""hydrolyzed keratin"", ""hydrolyzed silk"", ""sodium hyaluronate"", ""amodimethicone"", ""ceramide np"", ""tocopherol""]",https://www.watsons.co.id/id/cbd-cbd-keratin-pro-daily-hair-vitamin-spray-100ml/p/BP_35468,4/18/2026
P780,makarizo vitaglitz hair serum strength booster 8ml,Makarizo,Hair Serum,19500,8,ml,"water, cyclopentasiloxane, phenyl trimethicone, glycerin, dimethicone, perfume, citric acid, sodium benzoate, peg ppg-18 18 dimethicone, cetrimonium chloride, polyquaternium-16, disodium edta, benzophenone-4, panthenol, tocopheryl acetate, niacinamide","[""glycerin"", ""dimethicone"", ""panthenol"", ""tocopheryl acetate"", ""niacinamide""]",https://www.watsons.co.id/id/makarizo-makarizo-vitaglitz-hair-serum-strength-booster-8ml/p/BP_29519,4/18/2026
P783,wonderlux calm it down! sensitive & dry care scalp serum 75ml,Wonderlux,Scalp Serum,137000,75,ml,"aqua, lactobacillus ferment, butylene glycol, lactococcus ferment, saccharomyces ferment, propanediol maltodextrin, panthenol, chlorphenesin, phenoxyethanol, polyacrylate crosspolymer-6, madecassoside, propylene glycol, 1, 2-hexanediol schinus terebinthifolius seed extract, glycerin, pelvetia canaliculata extract, pogostemon cablin leaf extract, aloe barbadensis extract, laminaria digitata extract, ceramide 3, glycine, serine, glutamic acid, aspartic acid, leucine, alanine, lysine, arginine, tyrosine, phenylalanine, threonine, proline, valine, isoleucine, histidine","[""panthenol"", ""glycerin"", ""aloe barbadensis leaf extract"", ""arginine""]",https://www.watsons.co.id/id/wonderlux-wonderlux-calm-it-down-sensitive-dry-care-scalp-serum-75ml/p/BP_39914,4/18/2026
P785,tsubaki premium volume & repair treatment 160g,Tsubaki,Conditioner,72500,160,g,"aqua, glycerin, stearyl alcohol, behenyl alcohol, steartrimonium chloride, sorbitol, isopropyl myristate, hydrogenated polydecene, fragrance, isopropyl alcohol, amodimethicone, phenoxyethanol, methylparaben, ppg-2-deceth-12, laurtrimonium chloride, squalane, camellia japonica seed oil, polyquaternium-11, lactic acid, aspartic acid, citric acid, butylene glycol, sodium dilauramidoglutamide lysine, phytosteryl octyldodecyl lauroyl glutamate, phytosteryl macadamiate, taurine, glycine soja seed extract, tocopherol, hydroxypropyl arginine lauryl myristyl ether hcl, alcohol","[""glycerin"", ""amodimethicone"", ""lactic acid"", ""tocopherol"", ""arginine""]",https://www.watsons.co.id/id/tsubaki-tsubaki-premium-volume-repair-treatment-160g/p/BP_45150,4/18/2026
P787,ultimate hair oil 70ml,hair-system,Hair Oil,54900,70,ml,"aqua, glycerin, stearyl alcohol, behenyl alcohol, steartrimonium chloride, sorbitol, isopropyl myristate, hydrogenated polydecene, fragrance, isopropyl alcohol, amodimethicone, phenoxyethanol, methylparaben, ppg-2-deceth-12, laurtrimonium chloride, squalane, camellia japonica seed oil, polyquaternium-11, lactic acid, aspartic acid, citric acid, butylene glycol, sodium dilauramidoglutamide lysine, phytosteryl octyldodecyl lauroyl glutamate, phytosteryl macadamiate, taurine, glycine soja seed extract, tocopherol, hydroxypropyl arginine lauryl myristyl ether hcl, alcohol hide promosi: less 50% *online and standard delivery only - buy 1 of any watsons personal care, get free sakatonik gummy *online and standard delivery only - min purchase 100k of any personal care, get free deorex body spray minisize random payment & delivery sembunyikan metode pembayaran untuk kenyamanan belanja online anda di watsons, kami menawarkan beberapa metode pembayaran berikut ini: kartu kredit kartu debit, transfer bank, cash on delivery, ewallet, watsons points, e-kupon & e-voucher tersedia bagi anda untuk berbelanja online bersama kami! shipping & delivery home delivery jangka waktu pengiriman mengikuti estimasi jadwal pengiriman reguler: area jabodetabek: 1-2 hari kerja area jawa, bali, ntt, dan ntb: 2-6 hari kerja area sumatera, kalimantan, sulawesi: 2 - 7 hari kerja area maluku dan papua: 3 - 12 hari kerja home delivery express metode pengiriman di mana barang dipesan secara online dan diantarkan langsung ke rumah anda hanya dalam waktu 2 jam atau kurang click & collect express metode pengiriman barang yang dipesan secara online dan diambil di toko, dan anda dapat datang ke toko untuk mengambil pesanan kebijakan pengembalian & pengembalian dana untuk meminta pengembalian atau pengembalian dana, silakan isi pertanyaan riwayat pesanan dengan memilih kategori pengembalian & pengembalian dana jika anda membutuhkan bantuan lebih lanjut, silakan hubungi live chat atau hotline layanan pelanggan kami di +62 21 30022833 dan email ke customerservice@watsonscoid ulasan 50 6 0 0 0 0 6 ulasan tulis ulasan semua terbaru penilaian & ulasan yang bermanfaat yunnike indryandana 1 bulan lalu wanginya enakkkk seger dan manis, tapi pakenya dikit aja soalnya bisa bikin lepek kalo terlalu banyakk sejauh ini cuma wangi dan bikin volume rambut lebih naik aja sih kelebihannya suka balas bagikan widya rosalia 18 01 2026 reviewnya bagus jadi saya mau coba kalo lihat dari kemasan keliatan berkualitas semoga cocok jadi bisa beli lagi di watson suka balas bagikan","[""glycerin"", ""amodimethicone"", ""lactic acid"", ""tocopherol"", ""arginine""]",https://www.watsons.co.id/id/hair-system-ultimate-hair-oil-70ml/p/BP_44670,4/18/2026
P790,so so so smooth hair mask 180g,Lavojoy,Hair Mask,65000,180,g,"water, cetearyl alcohol, glycerin, behentrimonium chloride, dimethicone, stearamidopropyl dimethylamine lactate, phenoxyethanol, glyceryl stearate, isopropyl alcohol, sodium benzoate, fragrance, hydroxypropyl guar hydroxypropyltrimonium chloride, c12-15 pareth-3, lactic acid, cocamidopropyl betaine, guar hydroxypropyltrimonium chloride, ethylhexylglycerin, citric acid, disodium edta, olea europaea fruit oil, hyaluronic acid, squalane, simmondsia chinensis seed oil, limnanthes alba seed oil, honey extract","[""glycerin"", ""dimethicone"", ""lactic acid"", ""olea europaea oil"", ""simmondsia chinensis seed oil""]",https://www.watsons.co.id/id/lavojoy-so-so-so-smooth-hair-mask-180g/p/BP_44814,4/18/2026
P799,tresemme hair mask keratin smooth treatment 30g,TRESemmé,Hair Mask,7500,30,g,"water, cetearyl alcohol, behentrimonium chloride, dimethicone, dipropylene glycol, glycerin, perfume, cetyl palmitate, amodimethicone, gluconolactone, trehalose, disodium edta, phenoxyethanol, peg-7 propylheptyl ether, cetrimonium chloride, magnesium nitrate, helianthus annuus seed oil, sodium sulfate, hydrolyzed keratin, lactic acid, methylchloroisothiazolinone, methylisothiazolinone","[""dimethicone"", ""glycerin"", ""amodimethicone"", ""hydrolyzed keratin"", ""lactic acid""]",https://www.watsons.co.id/id/tresemme-tresemme-hair-mask-keratin-smooth-treatment-30g/p/BP_45018,4/18/2026
P804,lavojoy hold me tight pro scalp essence 60ml,Lavojoy,Scalp Serum,121900,60,ml,"water, glycerin, propylene glycol, butylene glycol, peg-40 hydrogenated castor oil, phenoxyethanol, hydroxyacetophenone, zingiber officinale root extract, anemarrhena asphodeloides root extract, panax ginseng root extract, disodium edta, fragrance, ethylhexylglycerin, niacinamide, caffeine, angelica polymorpha sinensis root extract, biota orientalis leaf extract, polygonum multiflorum root extract, 1, 2-hexanediol, caprylyl glycol, yeast extract, aesculus hippocastanum seed extract, cyclodextrin, arginine, ammonium glycyrrhizate, chlorphenesin, panthenol, zinc gluconate, sodium citrate, citric acid, biotin, chrysin, oleanolic acid, palmitoyl tripeptide-1, oxothiazolidinecarboxylic acid, diaminopyrimidine oxide width 45 height 142 depth 45 bandingkan dengan produk serupa harga ukuran kemasan rating produk asal bahan produk ini","[""glycerin"", ""panax ginseng root extract"", ""niacinamide"", ""caffeine"", ""polygonum multiflorum root extract"", ""aesculus hippocastanum seed extract"", ""arginine"", ""panthenol"", ""zinc gluconate"", ""biotin"", ""chrysin"", ""oleanolic acid"", ""diaminopyrimidine oxide""]",https://www.watsons.co.id/id/lavojoy-lavojoy-hold-me-tight-pro-scalp-essence-60ml/p/BP_38285,4/18/2026
P805,sasha hair creambath royal jelly 30g (sachet),sasha,Creambath,7400,30,g,"aqua, stearyl alcohol, behentrimonium chloride, cetyl alcohol, dimethicone, fragrance, amodimethicone, phenoxyethanol, royal jelly extract, isopropyl alcohol, dimethiconol, betaine, hydroxyethylcellulose, chlorphenesin, trideceth-12, disodium edta, lactic acid, sodium nitrate, cetrimonium chloride, citric acid, sodium benzoate, ci 19140, glyoxal, ci 17200","[""dimethicone"", ""amodimethicone"", ""lactic acid""]",https://www.watsons.co.id/id/sasha-sasha-hair-creambath-royal-jelly-30g-sachet/p/BP_45179,4/18/2026
P811,mylea ginseng hair mask 25g,Mylea,Hair Mask,12900,25,g,"water, cetearyl alcohol, glycerin, behentrimonium chloride, dimethicone, stearamidopropyl dimethylamine lactate, phenoxyethanol, glyceryl stearate, isopropyl alcohol, sodium benzoate, fragrance, hydroxypropyl guar hydroxypropyltrimonium chloride, c12-15 pareth-3, lactic acid, cocamidopropyl betaine, guar hydroxypropyltrimonium chloride, ethylhexylglycerin, citric acid, disodium edta, olea europaea fruit oil, hyaluronic acid, squalane, simmondsia chinensis seed oil, limnanthes alba seed oil, honey extract","[""glycerin"", ""dimethicone"", ""lactic acid"", ""olea europaea oil"", ""simmondsia chinensis seed oil""]",https://www.watsons.co.id/id/mylea-mylea-ginseng-hair-mask-25g/p/BP_37465,4/18/2026
P823,natur hair tonic aloevera 90ml,natur,Hair Tonic,39000,90,ml,"water, glycerin, propylene glycol, butylene glycol, peg-40 hydrogenated castor oil, phenoxyethanol, hydroxyacetophenone, zingiber officinale root extract, anemarrhena asphodeloides root extract, panax ginseng root extract, disodium edta, fragrance, ethylhexylglycerin, niacinamide, caffeine, angelica polymorpha sinensis root extract, biota orientalis leaf extract, polygonum multiflorum root extract, 1, 2-hexanediol, caprylyl glycol, yeast extract, aesculus hippocastanum seed extract, cyclodextrin, arginine, ammonium glycyrrhizate, chlorphenesin, panthenol, zinc gluconate, sodium citrate, citric acid, biotin, chrysin, oleanolic acid, palmitoyl tripeptide-1, oxothiazolidinecarboxylic acid, diaminopyrimidine oxide","[""glycerin"", ""panax ginseng root extract"", ""niacinamide"", ""caffeine"", ""polygonum multiflorum root extract"", ""aesculus hippocastanum seed extract"", ""arginine"", ""panthenol"", ""zinc gluconate"", ""biotin"", ""chrysin"", ""oleanolic acid"", ""diaminopyrimidine oxide""]",https://www.watsons.co.id/id/natur-natur-hair-tonic-aloevera-90ml/p/BP_73552,4/18/2026
P825,powershot creambath silky gloss 180g,sunsilk,Creambath,40900,180,g,"water, cetearyl alcohol, behentrimonium chloride, perfume, dimethicone, dipropylene glycol, lactic acid, amodimethicone, sodium benzoate, disodium edta, helianthus annuus seed oil, phenoxyethanol, peg-7 propylheptyl ether, cetrimonium chloride, ceramide ng, sodium ascorbyl phosphate, hydrolyzed collagen","[""dimethicone"", ""lactic acid"", ""amodimethicone"", ""ceramide np"", ""sodium ascorbyl phosphate"", ""hydrolyzed collagen""]",https://www.watsons.co.id/id/sunsilk-powershot-creambath-silky-gloss-180g/p/BP_59207,4/18/2026
P830,hair smoothie mask grape & blueberry sachet 25g,xl professionnel,Hair Mask,10600,25,g,"aqua, glycerin, dimethicone, isopentyldiol, hydrogenated rapeseed alcohol, behentrimonium chloride, stearyl alcohol, sorbitol, isopropyl alcohol, cetyl alcohol, aminopropyl dimethicone, phenoxyethanol, fragrance, hydroxyethyl urea, hydroxypropyl arginine lauryl myristyl ether hcl, sodium benzoate, octyldodecanol, steartrimonium chloride, alcohol, lactic acid, citric acid, ammonium lactate, laurtrimonium chloride, camellia japonica seed oil, sodium chloride, butylene glycol, phytosteryl octyl dodecyl lauroyl glutamate, sodium dilauramidoglutamide lysine, dipropylene glycol, aminomethyl propanol, royal jelly extract, ci 19140, amodimethicone, ppg-2-deceth-12, ci 17200, glycine soja seed extract, sodium acetylated hyaluronate, hydrolyzed conchiolin protein, tocopherol","[""glycerin"", ""dimethicone"", ""arginine"", ""lactic acid"", ""amodimethicone"", ""tocopherol""]",https://www.watsons.co.id/id/xl-professionnel-hair-smoothie-mask-grape-blueberry-sachet-25g/p/BP_71364,4/18/2026
P832,ellips vitamin hair mask with pro-keratin complex hair repair 18g,Ellips,Hair Mask,10400,18,g,"aqua water, cetearyl alochol, paraffinum liquidum mineral oil, dipalmitoylethyl hydroxyethylmonium methosulfate, cetyl esters, lactic acod, phenoxyethanol, argnnine, trideceth-6 chlorhexidine digluconate, limonene, linalool, benzyl alcohol, benzyl salicylate, amodimethicone, fragrance, citric acid, aitronellol","[""lactic acid"", ""amodimethicone""]",https://www.watsons.co.id/id/ellips-ellips-vitamin-hair-mask-with-pro-keratin-complex-hair-repair-18g/p/BP_39564,4/18/2026
P835,creambath biotin haifall control 30g,Dove,Creambath,10000,30,g,"water, cetearyl alcohol, behentrimonium chloride, glycerin, dimethicone, perfume, dipropylene glycol, citric acid, sodium benzoate, amodimethicone, sodium gluconate, sodium citrate, disodium edta, cetrimonium chloride, phenoxyethanol, peg-7 propylheptyl ether, zinc sulfate heptahydrate, ceramide ng, urea, hydrolyzed yeast protein, biotin, disodium phosphate, potassium sorbate","[""glycerin"", ""dimethicone"", ""amodimethicone"", ""ceramide np"", ""hydrolyzed wheat protein"", ""biotin""]",https://www.watsons.co.id/id/dove-creambath-biotin-haifall-control-30g/p/BP_64362,4/18/2026
P836,rosemary hair & scalp tonic 120ml,naturals by watsons,Hair Tonic,54900,120,ml,"aqua, glycerin, propanediol, polysorbate 20, propylene glycol, parfum, chlorphenesin, climbazole, mentha piperita oil, rosmarinus officinalis leaf oil*, citric acid, arginine, lactic acid, glycine soja germ extract, triticum vulgare germ extract, rosmarinus officinalis leaf extract*, phenoxyethanol, gluconolactone, scutellaria baicalensis root extract, sodium benzoate, potassium sorbate, ethylhexylglycerin, copper tripeptide-1, calcium gluconate, limonene, linalool, *ingredients from certified organic agriculture","[""glycerin"", ""climbazole"", ""rosmarinus officinalis leaf oil"", ""arginine"", ""lactic acid"", ""rosmarinus officinalis leaf extract"", ""copper tripeptide-1""]",https://www.watsons.co.id/id/naturals-by-watsons-rosemary-hair-scalp-tonic-120ml/p/BP_60121,4/18/2026
P839,moist diane perfect beauty damage repair treatment 450ml,Moist Diane,Conditioner,137900,450,ml,"water, cetearyl alcohol, dimethicone, steartrimonium chloride, ethylhexyl palmitate, fragrance, phenoxyethanol, hydrogenated castor oil isostearate, bis-behenyl isostearyl phytosteryl dimer dilinoleyl dimer dilinoleate, isopropyl alcohol, ricinus communis seed oil, caramel, cetrimonium chloride, propanediol, quaternium-33, steardimonium hydroxypropyl hydrolyzed keratin, gamma- docosalactone, glucose, hydroxyproline, butylene glycol, prunus domestica seed extract, sodium hyaluronate, hydroxypropyl trimonium hyaluronate, alanine, hydrolyzed honey protein, sodium pca, keratin, hydrolyzed conchiolin protein, malus domestica fruit cell culture extract, rhododendron ferrugineum leaf cell culture extract, collagen, isomalt, hydrolyzed keratin, hydrolyzed hyaluronic acid, cetearamidoethyl diethonium hydrolyzed rice protein, bis-ethoxydiglycol cyclohexane 1, 4-dicarboxylate, pouteria sapota seed oil, isononyl isononanoate, isostearoyl hydrolyzed keratin, sclerocarya birrea seed oil, theobroma grandiflorum seed butter, mangifera indica seed oil, ceramide ng, glycine soja sterols), argania spinosa kernel oil, ceramide ag, ceramide np, ceramide ap, ceramide eop, carapa guaianensis seed oil, adansonia digitata seed oil, opuntia ficus-indica seed oil, dimethiconol, sodium lactate, cholesterol, argania spinosa sprout cell extract, hydroxyethylcellulose, xanthan gum, glyceryl tri-hydrogenated rosinate, lecithin, dicocodimonium chloride, quaternium-18, behentrimonium chloride, propylene glycol, glycerin, lactic acid, tocopherol, disodium edta, ","[""dimethicone"", ""ricinus communis seed oil"", ""hydrolyzed keratin"", ""sodium hyaluronate"", ""keratin"", ""hydrolyzed collagen"", ""ceramide np"", ""argania spinosa kernel oil"", ""glycerin"", ""lactic acid"", ""tocopherol""]",https://www.watsons.co.id/id/moist-diane-moist-diane-perfect-beauty-damage-repair-treatment-450ml/p/BP_45675,4/18/2026
P840,hair tonic 200ml,Nature Republic,Hair Tonic,70000,200,ml,"aqua, isopropyl alcohol, fragrance, triticum vulgare oil, peg-40 hydrogenated castor oil, piroctone olamine, sodium salicylate, propylene glycol, d-panthenol, citric acid, menthol, camphor, tocopheryl acetate, lysine, methionine, chamomilla recutita flower extract, glucose, glycine, linoleic acid, retinyl palmitate, arginine, leucine, histidine, proline, valine, lactic acid, serine, sodium benzoate, ci 42090, urtica dioica extract, betula alba leaf extract, equisetum arvense extract, capric acid, potassium sorbate, caramel, tartaric acid, ci 17200, biotin, riboflavin","[""piroctone olamine"", ""panthenol"", ""menthol"", ""tocopheryl acetate"", ""chamomilla recutita extract"", ""retinyl palmitate"", ""arginine"", ""lactic acid"", ""biotin""]",https://www.watsons.co.id/id/nr-hair-tonic-200ml/p/BP_72452,4/18/2026
P844,keratin smooth heat protection spray with marula oil for dry hair 236ml,TRESemmé,Heat Protection,112000,236,ML,"sodium benzoate, sodium bicarbonate, soybean sterol, steartrimonium chloride, acetyl cysteine, adansonia digitata seed oil, aqua, argania spinosa kernel oil, behentrimonium chloride, butylene glycol caramel, carapa guaianensis seed oil, ceramide 5, cetearyl alcohol, cetrimonium chloride, chenopodium quinoa seed oil, dicocodimonium chloride, dimethicone, ethylhexyl palmitate, glucose, glyoxylic acid, gold, hydrogenated castor oil isostearate, hydrolyzed adansonia digitata extract, hydrolyzed keratin, hydrolyzed silk pg-propyl methylsilanediol, hydroxyethylcellulose, hydroxypropyltrimonium hydrolyzed keratin, isomalt, isopropyl alcohol, isostearoyl hydrolyzed collagen, laurdimonium hydroxypropyl hydrolyzed keratin, lecithin, o-cymen-5-ol, oenocarpus bataua fruit oil, potassium sorbate, propanediol, prunus domestica seed extract, quaternium-18, quaternium-33, ricinus communis seed oil, schinziophyton rautanenii kernel oil, sclerocarya birrea seed oil, sodium lactate, sodium lauraminopropionate, terminalia ferdinandiana fruit extract, theobroma grandiflorum seed butter, xanthan gum, hydrolyzed quinoa, dimethiconol, hydrolyzed conchiolin protein, malus domestica fruit cell culture extract, disodium edta, ceramide ap, ceramide np, ceramide eop, tocopherol, argania spinosa sprout cell extract, cetearamidoethyl diethonium hydrolyzed rice protein, ceramide ng, gamma-docosalactone, pouteria sapota seed oil","[""argania spinosa kernel oil"", ""dimethicone"", ""hydrolyzed keratin"", ""hydrolyzed silk"", ""hydrolyzed collagen"", ""ricinus communis seed oil"", ""ceramide np"", ""tocopherol""]",https://www.watsons.co.id/id/tresemme-keratin-smooth-heat-protection-spray-with-marula-oil-for-dry-hair-236ml/p/BP_27807,4/18/2026
P853,powershot creambath silky smooth 30g,sunsilk,Creambath,9700,30,g,"water, cetearyl alcohol, behentrimonium chloride, perfume, dimethicone, dipropylene glycol, lactic acid, amodimethicone, sodium benzoate, disodium edta, helianthus annuus seed oil, phenoxyethanol, peg-7 propylheptyl ether, cetrimonium chloride, argania spinosa kernel oil, sodium hyaluronate, tocopheryl acetate","[""dimethicone"", ""lactic acid"", ""amodimethicone"", ""argania spinosa kernel oil"", ""sodium hyaluronate"", ""tocopheryl acetate""]",https://www.watsons.co.id/id/sunsilk-powershot-creambath-silky-smooth-30g/p/BP_51929,4/18/2026
P854,hair mask revitalizing 50g,xl professionnel,Hair Mask,17000,50,g,"water, cetearyl alcohol, glycerin, behentrimonium chloride, dimethicone, stearamidopropyl dimethylamine lactate, phenoxyethanol, glyceryl stearate, isopropyl alcohol, sodium benzoate, fragrance, hydroxypropyl guar hydroxypropyltrimonium chloride, c12-15 pareth-3, lactic acid, cocamidopropyl betaine, guar hydroxypropyltrimonium chloride, ethylhexylglycerin, citric acid, disodium edta, olea europaea fruit oil, hyaluronic acid, squalane, simmondsia chinensis seed oil, limnanthes alba seed oil, honey extract","[""glycerin"", ""dimethicone"", ""lactic acid"", ""olea europaea oil"", ""simmondsia chinensis seed oil""]",https://www.watsons.co.id/id/xl-professionnel-hair-mask-revitalizing-50g/p/BP_71170,4/18/2026
P858,hair tonic micellar hairfall control 75ml,Dove,Hair Tonic,39900,75,ml,"water, oleth-20, phenoxyethanol, glycerin, caprylyl glycol, perfume, disodium edta, zinc sulfate heptahydrate, hydrolyzed yeast protein, urea, sodium benzoate, disodium phosphate, sodium hydroxide, potassium sorbate, biotin, citric acid, ceramide ng","[""glycerin"", ""hydrolyzed wheat protein"", ""biotin"", ""ceramide np""]",https://www.watsons.co.id/id/dove-hair-tonic-micellar-hairfall-control-75ml/p/BP_64364,4/18/2026
P867,tresemme bond repair serum 100ml,TRESemmé,Hair Serum,135000,100,ml,"aqua, glycerin, stearyl alcohol, behenyl alcohol, steartrimonium chloride, sorbitol, isopropyl myristate, hydrogenated polydecene, fragrance, isopropyl alcohol, amodimethicone, phenoxyethanol, methylparaben, ppg-2-deceth-12, laurtrimonium chloride, squalane, camellia japonica seed oil, polyquaternium-11, lactic acid, aspartic acid, citric acid, butylene glycol, sodium dilauramidoglutamide lysine, phytosteryl octyldodecyl lauroyl glutamate, phytosteryl macadamiate, taurine, glycine soja seed extract, tocopherol, hydroxypropyl arginine lauryl myristyl ether hcl, alcohol","[""glycerin"", ""amodimethicone"", ""lactic acid"", ""tocopherol"", ""arginine""]",https://www.watsons.co.id/id/tresemme-tresemme-bond-repair-serum-100ml/p/BP_39814,4/18/2026
P868,coconut hair oil mist 60ml,naturals by watsons,Hair Oil,54900,60,ml,"aqua, cetearyl alcohol, glycerin, phenoxyethanol, behentrimonium methosulfate, butyrospermum parkii butter, cetyl alcohol, propylene glycol, cetrimonium chloride, parfum, hydroxyethylcellulose, chlorphenesin, menthol, climbazole, citric acid, trisodium ethylenediamine disuccinate, sodium acetate, mentha piperita oil, rosmarinus officinalis leaf oil*, propanediol, arginine, lactic acid, glycine soja germ extract, triticum vulgare germ extract, rosmarinus officinalis leaf extract*, gluconolactone, scutellaria baicalensis root extract, sodium benzoate, potassium sorbate, ethylhexylglycerin, copper tripeptide-1, calcium gluconate, *ingredients from certified organic agriculture","[""glycerin"", ""butyrospermum parkii"", ""menthol"", ""climbazole"", ""rosmarinus officinalis leaf oil"", ""arginine"", ""lactic acid"", ""rosmarinus officinalis leaf extract"", ""copper tripeptide-1""]",https://www.watsons.co.id/id/naturals-by-watsons-coconut-hair-oil-mist-60ml/p/BP_59974,4/18/2026
P869,advisor hair recovery vitamax 3x8ml,Makarizo,Hair Vitamin,41300,8,ml,"water, cyclopentasiloxane, phenyl trimethicone, glycerin, dimethicone, perfume, citric acid, sodium benzoate, peg ppg-18 18 dimethicone, cetrimonium chloride, polyquaternium-16, disodium edta, benzophenone-4, panthenol, tocopheryl acetate, niacinamide","[""glycerin"", ""dimethicone"", ""panthenol"", ""tocopheryl acetate"", ""niacinamide""]",https://www.watsons.co.id/id/makarizo-advisor-hair-recovery-vitamax-3x8ml/p/BP_45862,4/18/2026
P872,tea tree hair & scalp tonic 120ml,naturals by watsons,Hair Tonic,54900,120,ml,"aqua, glycerin, propanediol, polysorbate 20, propylene glycol, chlorphenesin, parfum, piroctone olamine, melaleuca alternifolia leaf oil*, panthenol, simmondsia chinensis seed oil, hamamelis virginiana water, melaleuca alternifolia leaf extract*, citric acid, laminaria digitata extract, phenoxyethanol, potassium sorbate, sodium benzoate, benzoic acid, ethylhexylglycerin, copper tripeptide-1, limonene, linalool, eugenol, geraniol *ingredients from certified organic agriculture","[""glycerin"", ""piroctone olamine"", ""panthenol"", ""simmondsia chinensis seed oil"", ""copper tripeptide-1""]",https://www.watsons.co.id/id/naturals-by-watsons-tea-tree-hair-scalp-tonic-120ml/p/BP_60122,4/18/2026
P876,natur hair tonic ginseng 90ml,natur,Hair Tonic,40000,90,ml,"water, glycerin, propylene glycol, butylene glycol, peg-40 hydrogenated castor oil, phenoxyethanol, hydroxyacetophenone, zingiber officinale root extract, anemarrhena asphodeloides root extract, panax ginseng root extract, disodium edta, fragrance, ethylhexylglycerin, niacinamide, caffeine, angelica polymorpha sinensis root extract, biota orientalis leaf extract, polygonum multiflorum root extract, 1, 2-hexanediol, caprylyl glycol, yeast extract, aesculus hippocastanum seed extract, cyclodextrin, arginine, ammonium glycyrrhizate, chlorphenesin, panthenol, zinc gluconate, sodium citrate, citric acid, biotin, chrysin, oleanolic acid, palmitoyl tripeptide-1, oxothiazolidinecarboxylic acid, diaminopyrimidine oxide","[""glycerin"", ""panax ginseng root extract"", ""niacinamide"", ""caffeine"", ""polygonum multiflorum root extract"", ""aesculus hippocastanum seed extract"", ""arginine"", ""panthenol"", ""zinc gluconate"", ""biotin"", ""chrysin"", ""oleanolic acid"", ""diaminopyrimidine oxide""]",https://www.watsons.co.id/id/natur-natur-hair-tonic-ginseng-90ml/p/BP_73553,4/18/2026
P881,vitamin hair mist - mist me up 50ml,Ellips,Hair Mist,13900,50,ml,"aqua, alcohol denat, fragrance, polyglyceryl-10, isostearate, glycerin, peg-12 dimenthicone, cetrimonium chloride, ppg-2 methyl ether, sodium benzoate, propanediol, salix alba bark extract, disodium edta, panthenol, ethylhexyl methoxycinnamate, polyquaternium-10, hydrolyzed sodium hyaluronate, phenoxyethanol sodium hyaluronate, ethylhexylglycerin, bht","[""glycerin"", ""panthenol"", ""sodium hyaluronate""]",https://www.watsons.co.id/id/ellips-vitamin-hair-mist-mist-me-up-50ml/p/BP_74748,4/18/2026
P885,chief hair tonic 100 ml,chief,Hair Tonic,78000,100, Ml,"aqua, glycerin, dimethicone, isopentyldiol, hydrogenated rapeseed alcohol, behentrimonium chloride, stearyl alcohol, sorbitol, isopropyl alcohol, cetyl alcohol, aminopropyl dimethicone, phenoxyethanol, fragrance, hydroxyethyl urea, hydroxypropyl arginine lauryl myristyl ether hcl, sodium benzoate, octyldodecanol, steartrimonium chloride, alcohol, lactic acid, citric acid, ammonium lactate, laurtrimonium chloride, camellia japonica seed oil, sodium chloride, butylene glycol, phytosteryl octyl dodecyl lauroyl glutamate, sodium dilauramidoglutamide lysine, dipropylene glycol, aminomethyl propanol, royal jelly extract, ci 19140, amodimethicone, ppg-2-deceth-12, ci 17200, glycine soja seed extract, sodium acetylated hyaluronate, hydrolyzed conchiolin protein, tocopherol","[""glycerin"", ""dimethicone"", ""arginine"", ""lactic acid"", ""amodimethicone"", ""tocopherol""]",https://www.watsons.co.id/id/chief-chief-hair-tonic-100-ml/p/BP_31251,4/18/2026
P887,makarizo vitaglitz hair serum revitalizing care 8ml,Makarizo,Hair Serum,19500,8,ml,"water, cyclopentasiloxane, phenyl trimethicone, glycerin, dimethicone, perfume, citric acid, sodium benzoate, peg ppg-18 18 dimethicone, cetrimonium chloride, polyquaternium-16, disodium edta, benzophenone-4, panthenol, tocopheryl acetate, niacinamide","[""glycerin"", ""dimethicone"", ""panthenol"", ""tocopheryl acetate"", ""niacinamide""]",https://www.watsons.co.id/id/makarizo-makarizo-vitaglitz-hair-serum-revitalizing-care-8ml/p/BP_29520,4/18/2026
P888,hairloss solution hair tonic 220ml,rudy hadisuwarno,Hair Tonic,65700,220,ml,"panax ginseng root extract, capsicum extract, panthenol provit b5, sophora root extract, soybean protein, allantoin","[""panax ginseng root extract"", ""panthenol"", ""allantoin""]",https://www.watsons.co.id/id/rudy-hadisuwarno-hairloss-solution-hair-tonic-220ml/p/BP_61455,4/18/2026
P898,keratin deep smoothening hair mask perawatan rambut rusak & anti kusut 180ml,TRESemmé,Hair Mask,71500,180,ML,"aqua, glycerin, dimethicone, isopentyldiol, hydrogenated rapeseed alcohol, behentrimonium chloride, stearyl alcohol, sorbitol, isopropyl alcohol, cetyl alcohol, aminopropyl dimethicone, phenoxyethanol, fragrance, hydroxyethyl urea, hydroxypropyl arginine lauryl myristyl ether hcl, sodium benzoate, octyldodecanol, steartrimonium chloride, alcohol, lactic acid, citric acid, ammonium lactate, laurtrimonium chloride, camellia japonica seed oil, sodium chloride, butylene glycol, phytosteryl octyl dodecyl lauroyl glutamate, sodium dilauramidoglutamide lysine, dipropylene glycol, aminomethyl propanol, royal jelly extract, ci 19140, amodimethicone, ppg-2-deceth-12, ci 17200, glycine soja seed extract, sodium acetylated hyaluronate, hydrolyzed conchiolin protein, tocopherol","[""glycerin"", ""dimethicone"", ""arginine"", ""lactic acid"", ""amodimethicone"", ""tocopherol""]",https://www.watsons.co.id/id/tresemme-keratin-deep-smoothening-hair-mask-perawatan-rambut-rusak-anti-kusut-180ml/p/BP_27796,4/18/2026
P901,wonderlux set the oil free! sensitive & oily care scalp serum 75ml,Wonderlux,Scalp Serum,137000,75,ml,"aqua, caprylic capric triglyceride, lactobacillus ferment, butylene glycol, lactococcus ferment, saccharomyces ferment, propanediol, maltodextrin, farnesyl acetate, farnesol, panthenyl triacetate, panthenol, chlorphenesin, phenoxyethanol, polyacrylate crosspolymer-6, propylene glycol, 1, 2-hexanediol, schinus terebinthifolius seed extract, pelvetia canaliculata extract, aloe barbadensis extract, laminaria digitata extract, ceramide 3, glycine, tocopherol, parfum, apium graveolens seed extract, serine, glutamic acid, aspartic acid, leucine, alanine, lysine, arginine, tyrosine, phenylalanine, threonine, proline, valine, isoleucine, histidine","[""panthenol"", ""aloe barbadensis leaf extract"", ""tocopherol"", ""arginine""]",https://www.watsons.co.id/id/wonderlux-wonderlux-set-the-oil-free-sensitive-oily-care-scalp-serum-75ml/p/BP_39912,4/18/2026
P903,tsubaki premium moist & repair treatment 160g,Tsubaki,Conditioner,72500,160,g,"aqua, glycerin, dimethicone, isopentyldiol, hydrogenated rapeseed alcohol, behentrimonium chloride, stearyl alcohol, sorbitol, isopropyl alcohol, cetyl alcohol, fragrance, aminopropyl dimethicone, phenoxyethanol, hydroxyethyl urea, hydroxypropyl arginine lauryl myristyl ether hcl, sodium benzoate, octyldodecanol, steartrimonium chloride, alcohol, lactic acid, citric acid, ammonium lactate, laurtrimonium chloride, squalane, camellia japonica seed oil, butylene glycol, sodium dilauramidoglutamide lysine, dipropylene glycol, phytosteryl octyldodecyl lauroyl glutamate, phytosteryl macadamiate, aminomethyl propanol, amodimethicone, glycine soja seed extract, ppg-2-deceth-12, sodium acetylated hyaluronate, hydrolyzed conchiolin protein, tocopherol","[""glycerin"", ""dimethicone"", ""arginine"", ""lactic acid"", ""amodimethicone"", ""tocopherol""]",https://www.watsons.co.id/id/tsubaki-tsubaki-premium-moist-repair-treatment-160g/p/BP_45149,4/18/2026
P911,creambath biotin haifall control 300g,Dove,Creambath,60000,300,g,"water, cetearyl alcohol, behentrimonium chloride, glycerin, dimethicone, perfume, dipropylene glycol, citric acid, sodium benzoate, amodimethicone, sodium gluconate, sodium citrate, disodium edta, cetrimonium chloride, phenoxyethanol, peg-7 propylheptyl ether, zinc sulfate heptahydrate, ceramide ng, urea, hydrolyzed yeast protein, biotin, disodium phosphate, potassium sorbate","[""glycerin"", ""dimethicone"", ""amodimethicone"", ""ceramide np"", ""hydrolyzed wheat protein"", ""biotin""]",https://www.watsons.co.id/id/dove-creambath-biotin-haifall-control-300g/p/BP_66723,4/18/2026
P912,tresemme keratin smooth shine serum with marula oil for dry hair - smooth & shiny 97ml,TRESemmé,Hair Serum,135000,97,ML,"sodiumpeg-12 dimethicone sulfosuccinate, aminomethyl propanol, panthenol, argania spinosa kernel oil, camellia sinensis seed oil, sunflower seed oil, magnolia officinalis bark extract, zingiber officinale root extract","[""dimethicone"", ""panthenol"", ""argania spinosa kernel oil""]",https://www.watsons.co.id/id/tresemme-tresemme-keratin-smooth-shine-serum-with-marula-oil-for-dry-hair-smooth-shiny-97ml/p/BP_27801,4/18/2026
P915,sunsilk multivitamin hair perfume 100ml,sunsilk,Hair Mist,26500,100,ml,"water, cyclopentasiloxane, phenyl trimethicone, glycerin, dimethicone, perfume, citric acid, sodium benzoate, peg ppg-18 18 dimethicone, cetrimonium chloride, polyquaternium-16, disodium edta, benzophenone-4, panthenol, tocopheryl acetate, niacinamide","[""glycerin"", ""dimethicone"", ""panthenol"", ""tocopheryl acetate"", ""niacinamide""]",https://www.watsons.co.id/id/sunsilk-sunsilk-multivitamin-hair-perfume-100ml/p/BP_44622,4/18/2026
P918,powershot creambath silky gloss 30g,sunsilk,Creambath,9700,30,g,"water, cetearyl alcohol, behentrimonium chloride, perfume, dimethicone, dipropylene glycol, lactic acid, amodimethicone, sodium benzoate, disodium edta, helianthus annuus seed oil, phenoxyethanol, peg-7 propylheptyl ether, cetrimonium chloride, ceramide ng, sodium ascorbyl phosphate, hydrolyzed collagen","[""dimethicone"", ""lactic acid"", ""amodimethicone"", ""ceramide np"", ""sodium ascorbyl phosphate"", ""hydrolyzed collagen""]",https://www.watsons.co.id/id/sunsilk-powershot-creambath-silky-gloss-30g/p/BP_51928,4/18/2026
P919,hair mask treatment 20g,Ellips,Hair Mask,10400,20,g,"aqua, cetearyl alcohol, dimethicone, dimethiconol, cetyl ester, amodimethicone, cyclotetrasiloxane, trideceth-12 cetrimonium chloride, cyclotetrasiloxane, sodium benzoate, dimethyl palmitamine, steatrimonium chloride, isopropyl alcohol, potato starch m","[""dimethicone"", ""amodimethicone""]",https://www.watsons.co.id/id/ellips-hair-mask-treatment-20g/p/BP_70338,4/18/2026
P923,nr reactive tonic 50ml,Nature Republic,Hair Tonic,50000,50,ml,"aqua, fragrance, peg  40 hydrogenated castor oil, sodium salicylate, propylene glycol, panthenol, linoleic acid, retinyl palmitate, ethoxydiglycol, butylene glycol, glucose, citric acid, chamomilla recutita flower extract, lysine, methionine, lactic acid, glycine, equisetum arvense extract, histidine, arginine, leucine, proline, valine, sodium benzoate, betula alba leaf extract, calcium pantothenate, tussilago farfara leaf extract, urtica dioica extract, phenoxyethanol, serine, potassium sorbate, caramel, inositol, ci 17200, tartaric acid, triticum vulgare germ oil, methylparaben, ci 42090, biotin, riboflavin","[""panthenol"", ""retinyl palmitate"", ""chamomilla recutita extract"", ""lactic acid"", ""arginine"", ""biotin""]",https://www.watsons.co.id/id/nr-nr-reactive-tonic-50ml/p/BP_42060,4/18/2026
P924,cbd keratin pro daily hair mask 250g,CBD Professional,Hair Mask,70500,250,g,"aqua, cyclopentasiloxane, behentrimonium chloride, hydroxypropyl starch phosphate, cetearyl alcohol, perfume, cetyl alcohol, glyceryl stearate, cetrimonium chloride, dimethiconol, isopropanol, peg-100 stearate, phenoxyethanol, panthenol, sodium pca, sorbitan caprylate, bht, disodium edta, hydrolyzed keratin, benzotriazolyl dodecyl p-cresol, sodium metabisulfite, citric acid","[""panthenol"", ""hydrolyzed keratin""]",https://www.watsons.co.id/id/cbd-cbd-keratin-pro-daily-hair-mask-250g/p/BP_35462,4/18/2026
P928,perfect beauty extra hair fall control shampoo 450 ml,Moist Diane,Shampoo,105000,450, ml,"aqua, sodium c14-16 olefin sulfonate, cocamidopropyl betaine, cocamide methyl mea, tea-cocoyl glutamate, butylene glycol, dipropyleneglycol, glycerin, punica granatum fruit extract, malus domestica fruit cellculture extract, keratin, citrus reticulata peel extract, panax ginseng rootextract, pisum sativum sprout extract, sasa veitchii leaf extract, prunus lannesiana flower extract, paeonia albiflora root extract, rosa centifolia flower extract, rosa damascena flower extract, citrus junos seed extract, hydrolyzed conchiolin protein, rosa hybrid flower extract, camellia sinensis leaf extract, prunus yedoensis leaf extract, isomalt, polyquaternium-10, hydrolyzed keratin, argania spinosa kernel oil, mangifera indica seed oil, sodium chloride, argania spinosa callus culture extract, salicylic acid, o-cymen-5-ol, wasabia japonica leaf extract, xanthan gum, sodium cocoamphoacetate, sodium methyl cocoyl taurate, potassium cocoyl hydrolyzed collagen, lecithin, alcohol, citric acid, malic acid, ascorbic acid, disodium edta, sodium benzoate, phenoxyethanol, fragrance","[""glycerin"", ""keratin"", ""panax ginseng root extract"", ""camellia sinensis leaf extract"", ""hydrolyzed keratin"", ""argania spinosa kernel oil"", ""salicylic acid"", ""hydrolyzed collagen"", ""ascorbic acid""]",https://www.watsons.co.id/id/moist-diane-perfect-beauty-extra-hair-fall-control-shampoo-450-ml/p/BP_61723,4/18/2026
P930,aloe vera hair & scalp tonic 120ml,naturals by watsons,Hair Tonic,54900,120,ml,"aqua, glycerin, propanediol, polysorbate 20, propylene glycol, chlorphenesin, parfum, climbazole, citric acid, trisodium ethylenediamine disuccinate, aloe barbadensis leaf juice*, crambe abyssinica seed oil, persea gratissima oil*, helianthus annuus seed oil*, butylene glycol, arginine, lactic acid, laminaria digitata extract, glycine soja germ extract, triticum vulgare germ extract, phenoxyethanol, camellia sinensis leaf extract, cucumis sativus fruit extract, gluconolactone, scutellaria baicalensis root extract, aloe barbadensis extract*, sodium benzoate, ethylhexylglycerin, copper tripeptide-1, calcium gluconate, linalool, limonene *ingredients from certified organic agriculture","[""glycerin"", ""climbazole"", ""arginine"", ""lactic acid"", ""camellia sinensis leaf extract"", ""copper tripeptide-1""]",https://www.watsons.co.id/id/naturals-by-watsons-aloe-vera-hair-scalp-tonic-120ml/p/BP_60120,4/18/2026
P934,anti dandruff scalp tonic anti ketombe apek 75ml,clear,Hair Tonic,76900,75,ml,"alcohol, water, polysorbate 20, glycerin, pircotone olamine, citric acid, perfume, niacinamide, trehalose, sodium hyaluronate, tocopheryl acetate, sodium hydroxide, denatonium benzoate","[""glycerin"", ""piroctone olamine"", ""niacinamide"", ""sodium hyaluronate"", ""tocopheryl acetate""]",https://www.watsons.co.id/id/clear-anti-dandruff-scalp-tonic-anti-ketombe-apek-75ml/p/BP_61240,4/18/2026
P949,mylea intensive hair mask 25g,Mylea,Hair Mask,8900,25,g,"aqua water, cetearyl alochol, paraffinum liquidum mineral oil, dipalmitoylethyl hydroxyethylmonium methosulfate, cetyl esters, lactic acod, phenoxyethanol, argnnine, trideceth-6 chlorhexidine digluconate, limonene, linalool, benzyl alcohol, benzyl salicylate, amodimethicone, fragrance, citric acid, aitronellol","[""lactic acid"", ""amodimethicone""]",https://www.watsons.co.id/id/mylea-mylea-intensive-hair-mask-25g/p/BP_37464,4/18/2026
P951,makarizo vitaglitz hair serum shine reflect enhancer 8ml,Makarizo,Hair Serum,19500,8,Ml,"water, cyclopentasiloxane, phenyl trimethicone, glycerin, dimethicone, perfume, citric acid, sodium benzoate, peg ppg-18 18 dimethicone, cetrimonium chloride, polyquaternium-16, disodium edta, benzophenone-4, panthenol, tocopheryl acetate, niacinamide","[""glycerin"", ""dimethicone"", ""panthenol"", ""tocopheryl acetate"", ""niacinamide""]",https://www.watsons.co.id/id/makarizo-makarizo-vitaglitz-hair-serum-shine-reflect-enhancer-8ml/p/BP_29521,4/18/2026
P954,nr hair tonic 50ml,Nature Republic,Hair Tonic,47900,50,ml,"aqua water, cetearyl alcohol, behentrimonium chloride, glycerin, cetyl esters, hydroxypropyltrimonium hydrolyzed wheat protein, dodocene, phenoxyethanol, arginine, chlorhexidine digluconate, poloxamen 407, limonene, linalool, benzyl salicylate, isopropyl myristate, 2-oleamido-1, 3-octadecandediol, serine, bht, citric acid, butylphenyl methylpropional, lauryl peg ppg-18 18 methicone, glutamic acid, hexyl cinnamal, glyceryl linoleate, glyceryl oleate, glyceryl linolenate, parfum fragrance (fil c37037 1","[""glycerin"", ""hydrolyzed wheat protein"", ""arginine""]",https://www.watsons.co.id/id/nr-nr-hair-tonic-50ml/p/BP_36030,4/18/2026
P956,hair growth serum new 6x9ml,rudy hadisuwarno,Hair Serum,94500,9,ml,"sophora root extract, biotin peptide, soybean protein, hydrolized sericin","[""biotin""]",https://www.watsons.co.id/id/rudy-hadisuwarno-hair-growth-serum-new-6x9ml/p/BP_61454,4/18/2026
P957,perfect beauty extra hair fall control treatment / conditioner 450 ml,Moist Diane,Conditioner,137900,450, ml,"aqua, ethylhexyl palmitate, cetearyl alcohol, glycerin, butyleneglycol, punica granatum fruit extract, malus domestica fruit cell cultureextract, keratin, citrus reticulata peel extract, panax ginseng root extract, pisum sativum sprout extract, sasa veitchii leaf extract, prunus lannesianaflower extract, paeonia albiflora root extract, rosa centifolia flowerextract, rosa damascena flower extract, citrus junos seed extract, hydrolyzed conchiolin protein, rosa hybrid flower extract, camellia sinensisleaf extract, prunus yedoensis leaf extract, isomalt, polyquaternium-10, hydrolyzed keratin, argania spinosa kernel oil, mangifera indica seed oil, bis-behenyl isostearyl phytosteryl dimer dilinoleyl dimer dilinoleate, argania spinosa callus culture extract, salicylic acid, o-cymen-5-ol, wasabia japonica leaf extract, xanthan gum, glyceryl tri-hydrogenated rosinate, lecithin, steartrimonium chloride, cetrimonium chloride, dicocodimonium chloride, isopropyl alcohol, alcohol, malic acid, ascorbic acid, disodium edta, phenoxyethanol, fragrance, citric acid","[""glycerin"", ""keratin"", ""panax ginseng root extract"", ""camellia sinensis leaf extract"", ""hydrolyzed keratin"", ""argania spinosa kernel oil"", ""salicylic acid"", ""ascorbic acid""]",https://www.watsons.co.id/id/moist-diane-perfect-beauty-extra-hair-fall-control-treatment-conditioner-450-ml/p/BP_61724,4/18/2026
