product_id;name;brand;category;price;size_value;size_unit;ingredients;key_ingredients;source;date_collected
P001;hold me tight pro shampoo spring wonder;Lavojoy;Shampoo;97520;280;ml;water, cocamidopropyl hydroxsultaine, sodium c14-16 olefin sulfonate, sodium lauroyl sarcosinate, sodium lauroamphoaetate, sodium taurine cocoyl methyltaurate, sodium chloride, phenoxyethanol, peg-40 hydrogenated castor oil, fragrance, cocamide mea, cocamidopropyl betaine, hydroxyacetopjenone, betaine, peg-6 caprylick capric glycerides, piroctone olamine, sodium isostearoyl lactylate, polyquaternium-10, citric acid, sodium cocoyl isethionate, trimethylolpropane tricaprylate tricaprate, etidronic acid, panthenol, butylene glycol, phytosteryl oleate, glyceryl behenate, sodium benzoate, ppg-26-buteth-26, zingiber officinale root extract, anemarrhena asphodeloides root extract, panax ginseng root extract, propylene glycol, caffeine, angelica polymorpha sinensis root extract, biota orientalis leaf extract, polygonum multiflorum root extract, 1, 2-hexanediol, caprylyl glycol, cyclodextrin, chlorphenesin, adenosine, glycerin, ethylhexylglycerin, diaminopyrimidine oxide, niacinamide, yeast extract, aesculus hippocastanum seed extract, ammonium glycyrrhizate, zinc gluconate, sodium citrate, chrysin, arginine, oleanolic acid, palmityoyl tripeptide-1, myristoyl pentapeptide-4, acetyl tetrapeptide-3, hexapeptide-3, biotin;"[""piroctone olamine"", ""panthenol"", ""panax ginseng root extract"", ""caffeine"", ""polygonum multiflorum root extract"", ""adenosine"", ""glycerin"", ""glycerin"", ""diaminopyrimidine oxide"", ""niacinamide"", ""aesculus hippocastanum seed extract"", ""zinc gluconate"", ""chrysin"", ""arginine"", ""oleanolic acid"", ""acetyl tetrapeptide-3"", ""biotin""]";https://www.sociolla.com/shampoo/77587-hold-me-tight-pro-shampoo-spring-wonder;11/01/2025
P002;real mary exfoliating scalp shampoo;Rated Green;Shampoo;89100;100;ml;water, rosmarinus offici nalis leaf water, sodium cocoyl isethionate, sodium methyl cocoyl taurate, disodium laureth sulfosuccinate, sodium lauroyl lactylate, decyl glucoside, rosmarinus officinalis leaf oil, quillaja saponaria bark extract, zingiber officina le root extract, mentha piperita oil, glycerin, methylpropanediol, lauramide mipa, caprylyl glycol, coco - glucoside, citric acid, 1, 2-hexanediol, trihydroxystearin, caprylic capric triglyceride, ethylhexylglycerin, polyquaternium-10, salicylic acid, sodium citrate, sodium phytate, butylene glycol, tocopherol, alcohol, cetearyl alcohol, sodium benzoate, limonene;"[""rosmarinus officinalis leaf oil"", ""glycerin"", ""glycerin"", ""salicylic acid"", ""tocopherol""]";https://www.sociolla.com/shampoo/14647-real-mary-exfoliating-scalp-shampoo?size=100_ml;11/01/2025
P003;real grow anti-hair loss stimulating scalp spray;Rated Green;Hair Tonic;211500;120;ml;rosmarinus officinalis leaf water, water, alcohol, dipropylene glycol, glycerin, methylpropanediol, rosmarinus officinalis leaf oil, pinus sylvestris leaf oil, glycine soja seed extract, citrus aurantium dulcis peel oil, cocos nucifera fruit extract, octyldodeceth-16, 1, 2-hexanediol, menthol, salicylic acid, panthenol, tromethamine, zinc lactate, ethylhexylglycerin, pentylene glycol, butylene glycol, octanediol, biotin, hydrogenated lecithin, polyglyceryl-10 stearate, sodium ascorbyl phosphate, tocopheryl acetate, glyceryl arachidonate, glyceryl linolenate, retinyl palmitate, caffeine, limonene, linalool, geranio;"[""glycerin"", ""rosmarinus officinalis leaf oil"", ""menthol"", ""salicylic acid"", ""panthenol"", ""zinc lactate"", ""glycerin"", ""biotin"", ""sodium ascorbyl phosphate"", ""tocopheryl acetate"", ""retinyl palmitate"", ""caffeine""]";https://www.sociolla.com/hair-serum/56919-real-grow-anti-hair-loss-stimulating-scalp-spray;11/01/2025
P004;texture experience conditioner green tea butter;Makarizo Professional;Conditioner;66600;250;ml;aqua water, sodium laureth sulfate, cocamidopropyl betaine, glycerin, polyquaternium-7, sodium chloride, fragrance;"[""glycerin""]";https://www.sociolla.com/conditioner/28173-texture-experience-conditioner-green-tea-butter;11/01/2025
P005;keratin pro daily use hair mask;CBD Professional;Hair Mask;76800;250;g;aqua, cyclopentasiloxane, behentrimonium chloride, hydroxypropyl starch phosphate, cetearyl alcohol, perfume, cetyl alcohol, glyceryl stearate, cetrimonium chloride, dimethiconol, isopropanol, peg-100 stearate, phenoxyethanol, panthenol, sodium pca, sorbitan caprylate, bht, disodium edta, hydrolyzed keratin, benzotriazolyl dodecyl p-cresol, sodium metabisulfite, citric acid;"[""panthenol"", ""hydrolyzed keratin""]";https://www.sociolla.com/hair-mask/67659-keratin-pro-daily-use-hair-mask-500gr;11/01/2025
P006;bonvie kemiri gin tonic (with biotin + aloe vera + peppermint);Bonvie;Hair Tonic;90200;60;ml;oleanolic acid, biotin, ginseng, kemiri, peppermint dan aloe vera;"[""oleanolic acid"", ""biotin"", ""panax ginseng root extract""]";https://www.sociolla.com/hair-tonic/86019-bonvie-kemiri-gin-tonic-with-biotin-aloe-vera-peppermint;11/01/2025
P007;rosemary hair growth oil;Lash Boss;Hair Serum;255000;100;ml;rosemary, 3% encapsulated biotin, rice bran oil, argan and jojoba oil;"[""biotin""]";https://www.sociolla.com/hair-oil/82652-rosemary-hair-growth-oil?size=100_ml;11/01/2025
P008;hot oil hair & scalp treatment by ree dermawellness;Ree Derma Wellness;Hair Oil;204600;100;ml;water, capsicum anuum powder, ascorbic acid, pyridoxine, tacopherols, manganese, flavonoids cocos nucifera oil, phylloquinone occurs naturally from ingredients;"[""ascorbic acid""]";https://www.sociolla.com/hair-oil/62563-hot-oil-hair-and-scalp-treatment-by-ree-dermawellness?size=100ml;11/01/2025
P009;erhair scalperfect allantoin & silk protein scalp soothing serum;Erha;Scalp Serum;95200;30;ml;allantoin, hydrolyzed silk protein, piroctone olamine, zinc gluconate, niacinamide, salicylic acid, menthol;"[""allantoin"", ""hydrolyzed silk"", ""piroctone olamine"", ""zinc gluconate"", ""niacinamide"", ""salicylic acid"", ""menthol""]";https://www.sociolla.com/hair-serum/53680-erhair-scalperfect-allantoin-and-silk-protein-scalp-soothing-serum;11/01/2025
P010;ciara hair perfector protein cream;Ciara;Hair Vitamin;109250;60;ml;silk amino extract, rambutan seed extract, keratin, hyaluranic acid;"[""keratin""]";https://www.sociolla.com/hair-serum/85953-ciara-hair-perfector-protein-cream;11/01/2025
P011;premium ex hair fall care & repair conditioner treatment;Tsubaki;Conditioner;179530;450;ml;aqua, stearyl alcohol, isopentyldiol, behentrimonium chloride, glycerin, dimethicone, sorbitol, cetyl alcohol, dipropylene glycol, isopropyl alcohol, fragrance, aminopropyl dimethicone, isopropyl myristate, sodium methyltaurate, peg-2 laurate, salicylic acid, sodium benzoate, phenoxyethanol, c13-16 isoparaffin, polysilicone-13, steartrimonium chloride, laurtrimonium chloride, c10-13 isoparaffin, squalane, disodium edta, camellia japonica seed oil, butylene glycol, cetrimonium chloride, sodium dilauramidoglutamide lysine, amodimethicone, bis-ethylhexyloxyphenol methoxyphenyl triazine, phytosteryl macadamiate, ppg-2-deceth-12, citrus unshiu peel extract, eucheuma serra grateloupia sparsa saccharina angustata ulva linza undaria pinnatifida extract, lactic acid, saccharina angustata undaria pinnatifida extract, tocopherol, phytosteryl octyldodecyl lauroyl glutamate?;"[""glycerin"", ""dimethicone"", ""dimethicone"", ""salicylic acid"", ""amodimethicone"", ""lactic acid"", ""tocopherol""]";https://www.sociolla.com/conditioner/89478-premium-ex-hair-fall-care-and-repair-conditioner-treatment;01/06/2026
P012;hair vitamin keratin hair repair jar;Ellips;Hair Vitamin;115815;50;ml;cyclopentasiloxane, cyclotetrasiloxane, dimethiconol, fragrance;"[""dimethicone"", ""hydrolyzed collagen""]";https://www.sociolla.com/hair-vitamin/28598-vitamin-rambut-keratin-hair-repair-jar;01/06/2026
P013;collagen repair hair serum;CBD Professional;Hair Serum;937205;100;ml;cyclopentasiloxane, isohexadecane, dimethiconol, dimethicone, caprylic capric triglyceride, isopropyl myristate, perfume, aqua, carthamus tinctorius seed oil, rubus idaeus fruit extract, hydrolyzed collagen, phenoxyethanol;"[""hydrolyzed wheat protein"", ""silk amino acids"", ""ceramide np"", ""ceramide np""]";https://www.sociolla.com/hair-serum/76003-collagen-repair-hair-serum-100ml;01/06/2026
P014;missdaisy perfume shampoo - rose & oud;Miss Daisy;Shampoo;369000;500;ml;aqua, sodium lauroyl methylaminopropionate, sodium methyl cocoyl taurate, cocoamidopropyl betaine, lauryl hydroxysultaine, ppg-2 hydroxyethyl coco isostearamide, peg-250 distearate, fragrance, palmitamidopropyltrimonium chloride, dipropylene glycol, phenoxyethanol, citric acid, polyquaternium-10, guar hydroxypropyltrimonium chloride, c10-40 isoalkylamidopropylethyldimonium ethosulfate, tetrasodium edta, o-cymen-5-ol, hydrolyzed wheat protein, silk amino acids, ceramide np, ceramide ap, ceramide eop, phytoshingosine, cholesterol, sodium lauroyl lactylate, carbomer, xanthan gum, nicotiamide, helichrysum italicum extract, hydrolyzed rhodophycea extract;"[""panax ginseng root extract"", ""salicylic acid""]";https://www.sociolla.com/shampoo/76276-missdaisy-perfume-shampoo-rose-and-oud?size=500ml;01/06/2026
P015;intensive scalp serum;Djamujamu;Scalp Serum;203350;45;ml;water, alcohol, pisum sativum sprout extract, ocimum basilicum hairy root culture extract, peg-40 hydrogenated castor oil, panax ginseng root extract, menthyl lactate, hydroxyethylcellulose, sodium benzoate, zingiber officinale root oil, salicylic acid, santalum austrocaledonicum wood oil;"[""menthol"", ""piroctone olamine"", ""panax ginseng root extract""]";https://www.sociolla.com/hair-serum/74234-intensive-scalp-serum;01/06/2026
P016;barber daily 2 in 1 hair tonic bottle;Makarizo Professional;Hair Tonic;82980;140;ml;water, alcohol, propylene glycol, peg-40 hydrogenated castor oil, aloe vera leaf extract, fragrance, phenoxyethanol, menthol, panthenyl ethyl ether, piroctone olamine, citric acid, menthyl lactate, panax ginseng root extract, potassium sorbate, sodium ben;"[""argania spinosa kernel oil""]";https://www.sociolla.com/hair-tonic/28188-barber-daily-2-in-1-hair-tonic-bottle;01/06/2026
P017;argan repair oil;Dancoly;Hair Oil;259470;60;ml;argania spinosa kernel oil helianthus annuus seed oil opuntia tuna extract citrus aurantium amara flower extract boswellia carterii oil parfum phenoxyethanol;"[""aloe barbadensis leaf extract"", ""menthol"", ""dimethicone"", ""piroctone olamine""]";https://www.sociolla.com/hair-oil/9717-argan-repair-oil;01/06/2026
P018;kelaya hair shampoo;Kelaya;Shampoo;48500;100;ml;aqua, sodium laureth sulfate, cocamidopropyl betaine, tetrahydroxy ethyl sulphate- disodium, aloe barbadensis extract, menthol, polyquaternium-7, peg-150 distearate, fragrance, potassium hydroxide, aleurites moluccana extract, cetrimonium chloride, bis pg-amodimethicone, sodium chloride, peg-400, piroctone olamine, tetrasodium edta methylchloroisothiazolinone, methylisothiazolinone;"[""dimethicone"", ""glycerin"", ""panthenol"", ""argania spinosa kernel oil"", ""keratin"", ""hydrolyzed keratin"", ""keratin"", ""rosmarinus officinalis leaf oil""]";https://www.sociolla.com/shampoo/77942-hair-treatment-shampoo-kemiri-and-extract-aloe-vera;01/06/2026
P019;keratin protein repair conditioner;Beamarry New York;Conditioner;152213;380;ml;aqua, cetearyl alcohol, ethylhexyl palmitate, steartrimonium chloride, dimethicone, glyceryl stearate, hydroxyethylcellulose, dmdm hydantoin, parfum, glycerin, propylene glycol phenoxyethanol panthenol macadamia ternifolia seed oil, argania spinosa kernel oil, ci 19140, keratin, hydrolyzed keratin, oxidized keratin, rosmarinus officinalis leaf oil, rosa rugosa flower extract, rosa rugosa flower oil, michelia alba flower oil cymbidium grandiflorum root extract, ci 75470, rosa centifolia flower extract, jasminum officinale extract, bellis perennis flower extract, xanthan gum;"[""dimethicone"", ""argania spinosa kernel oil"", ""tocopheryl acetate"", ""butyrospermum parkii"", ""keratin"", ""hydrolyzed keratin"", ""keratin""]";https://www.sociolla.com/conditioner/85225-keratin-protein-repair-conditioner;01/06/2026
P020;coconut milk hair serum;Beamarry New York;Hair Serum;190246;110;ml;cyclopentasiloxaneisododecane, ethylhexyl palmitate, dimethiconol dimethicone parfum, olea europaea jolive fruit oil argania spinosa kernel oil orbignya oleifera seed oil, tocopheryl acetate, ci 15985, simmondsia chinensis seed oil butyrospermum parkii, vitis vinifera seed oil, prunus amygdalus dulcis oil, keratin, hydrolyzed keratin, oxidized keratin;"[""dimethicone"", ""dimethicone"", ""arginine"", ""zinc pca"", ""tocopherol""]";https://www.sociolla.com/hair-serum/85240-coconut-milk-hair-serum;01/06/2026
P021;fino premium touch permeation essence hair mask;Shiseido Fino;Hair Mask;136856;230;g;water, sorbitol, dimethicone, hydrogenated rapeseed oil alcohol, isopentyldiol, behentrimonium chloride, aminopropyldimethicone, alkyl oxyhydroxypropylarginine hcl, stearyldihydroxypropyldimonium oligosaccharide, glutamate, stearyltrimonium chloride, trehalose, squalane, peg-90m, pca, dilauroyl glutamate, polyquaternium-64, royal jelly extract, isopropanol, cetanol, octyldodecanol, ethanol, pg, bg, silica, bht, tocopherol, phenoxyethanol, sodium benzoate, fragrance, yellow 5;"[""panthenol"", ""hydrolyzed keratin""]";https://www.tokopedia.com/colorsbeaute/shiseido-fino-premium-touch-hair-mask-masker-rambut?extParam=ivf%3Dfalse%26keyword%3Dfino+premium+touch+permeation+essence+hair+mask%26search_id%3D2026022107382711B9842E0A271F39DNIJ%26src%3Dsearch&t_id=1771659741293&t_st=2&t_pp=search_result&t_efo=search_pure_goods_card&t_ef=goods_search&t_sm=&t_spt=search_result;01/07/2026
P022;cbd professional keratin pro daily;CBD Professional;Hair Mask;105000;500;gr;aqua, cyclopentasiloxane, behentrimonium chloride, hydroxypropyl starch phosphate, cetearyl alcohol, perfume, cetyl alcohol, glyceryl stearate, cetrimonium chloride, dimethiconol, isopropanol, peg-100 stearate, phenoxyethanol, panthenol, sodium pca, sorbitan caprylate, bht, disodium edta, hydrolyzed keratin, benzotriazolyl dodecyl p-cresol, sodium metabisulfite, citric acid;"[""tocopheryl acetate"", ""hydrolyzed silk"", ""retinyl palmitate""]";https://www.tokopedia.com/cbdprofessional/bbd-cbd-professional-keratin-pro-daily-use-hair-mask-500gr-haircare-treatment-perawatan-setelah-shampoo-conditioner-vitamin-rambut-kering-kusut-kusam-menjadi-halus-berkilau-membersihkan-melembutkan-rambut-seperti-smoothing-1729420095615175062?extParam=ivf%3Dfalse%26keyword%3Dhair+care+hair+mask%26search_id%3D20260107112831CD00692C3BFE5939DSZU%26src%3Dsearch%26whid%3D12613736&t_id=1767785334549&t_st=5&t_pp=search_result&t_efo=search_pure_goods_card&t_ef=goods_search&t_sm=&t_spt=search_result;01/07/2026
P023;makarizo hair recovery;Makarizo;Hair Vitamin;69700;50;ml;cyclopentasiloxane, cyclotetrasiloxane, phenyl trimethicone, dimethiconol, fragrance, tocopheryl acetate, hydrolyzed silk, pg-propyl methylsilanediol crosspolymer, hydrogenated soybean oil, retinyl palmitate, ascorbyl palmitate;"[""dimethicone"", ""glycerin"", ""allantoin"", ""arginine"", ""salicylic acid"", ""panax ginseng root extract"", ""hydrolyzed wheat protein"", ""camellia sinensis leaf extract""]";https://www.watsons.co.id/id/makarizo-hair-recovery-pump-50ml/p/BP_45180;01/07/2026
P024;hair fall control shampoo;Lab On Hair;Shampoo;130000;300;ml;water, sodium laureth sulfate, cocamide mea, acrylates copolymer, cocamidopropyl hydroxysultaine, sodium chloride, fragrance, sodium cocoyl glycinate, dimethicone, glycerin, peg-150 distearate, behentrimonium chloride, triethanolamine, zingiber officinale root, polyquaternium-7, methylparaben, allantoin, isopropyl alcohol, disodium edta, propylene glycol, magnesium nitrate, undecylenic acid, arginine, salicylic acid, zingiber officinale root extract, 1, 2-hexanediol, hydroxyacetophenone, propanediol, ci 19140, methylchloroisothiazolinone, magnesium chloride, methylisothiazolinone, panax ginseng root extract, ci 16255, hydrolyzed pea protein, larix europaea wood extract, glycine, sodium metabisulfite, camellia sinensis leaf extract, zinc chloride;"[""hydrolyzed keratin"", ""dimethicone"", ""dimethicone""]";https://www.tokopedia.com/labonhair/lab-on-hair-anti-hair-fall-shampoo-sampo-perawatan-rambut-anti-rontok-anti-hair-fall-shampoo-membantu-revitalisasi-rambut-menjaga-kesehatan-kulit-kepala-mempercepat-pertumbuhan-rambut-dengan-redensyl-emortal-pep-ginger-ginseng-1729439470128564295?extParam=whid%3D16414396&aff_unique_id=&channel=others&chain_key=;01/07/2026
P025;tresemme keratin smooth keratinbond;TRESemmé;Hair Serum;156900;97;ML;cyclopentasiloxane, cyclohexasiloxane, dimethiconol, phenyl trimethicone, sclerocarya birrea seed oil, hydrolyzed keratin, fragrance, aminopropyl dimethicone, dimethicone crosspolymer;"[""diaminopyrimidine oxide"", ""tocopherol"", ""sodium hyaluronate"", ""caffeine"", ""arginine"", ""menthol"", ""piroctone olamine""]";https://www.sociolla.com/hair-serum/73476-tresemme-keratin-smooth-keratinbond-no-4-serum;01/07/2026
P026;elseve aminexil serum;L'Oreal Paris;Hair Serum;125000;102;ml;aqua water, alcohol denat, diaminopyrimidine oxide, tocopherol, sodium hyaluronate, sodium citrate, caffeine, safflower glucoside, peg-40 hydrogenated castor oil, arginine, aminomethyl propanol, ammonium polyacryloyldimethyl taurate, limonene, menthol, piroctone olamine, citric acid, coumarin, parfum fragrance ;"[""niacinamide"", ""aloe barbadensis leaf extract"", ""glycerin"", ""panthenol"", ""oleanolic acid"", ""biotinoyl tripeptide-1"", ""arginine""]";https://www.watsons.co.id/id/l-oreal-elseve-aminexil-serum-anti-hair-fall-serum-102ml/p/BP_59845;01/07/2026
P027;wonderlux hold my strands! hair fall treatment;Wonderlux;Scalp Serum;150000;75;ml;aqua, butylene glycol, tetrasodium, disuccinoyl cystine, propanediol, ammonium polyacryloyldimethyl taurate, hydroxypropylgluconamide, niacinamide, aloe barbadensis extract, oryza sativa bran water, hydroxypropylammonium gluconate, glycerin, ethanol, pathenol, chlorphenesin, phenoxyethanol, zingiber officinale extract, ppg-26-buteth-26, peg-40 hydrogenated castor oil, phyllanthus emblica fruit extract, bioflavonoids, glycine, apigenin, serine, glutamic acid, oleanolic acid, aspartic acid, leucine, biotinoyl tripeptide-1, alanine, lysine, arginine, tyrosine, phenylalanine, threonine, proline, valine, isoleucine, histidine;"[""piroctone olamine"", ""panthenol"", ""menthol"", ""chamomilla recutita extract"", ""retinyl palmitate"", ""lactic acid"", ""tocopheryl acetate""]";https://www.watsons.co.id/id/wonderlux-wonderlux-hold-my-strands-hair-fall-treatment-scalp-serum-75ml/p/BP_39916;01/07/2026
P028;hair tonic;Nature Republic;Hair Tonic;81500;200;ml;ethyl alcohol aqua fragrance peg40 hydrohenated castor oil triticum vulgare germ oil sodium salicylate propylene glycol dpanthenol linoleic acid retinyl palmitate ethoxydiglycol glucose citric acid chamomimilla recutita flower extract calcium pantothenate tussilago farfara leaf extract butylene glycol urtiva dioica extract serine pottassium sorbate caarmel inositol phenoxyethanol ci 47005 tartaric acid methylparaben ci 42090 biotin riboflavin butylparaben ethylparaben propylparaben isobutylparaben;"[""panthenol"", ""menthol"", ""biotin""]";https://www.watsons.co.id/id/nr-hair-tonic-200ml/p/BP_72452;01/07/2026
P029;ginseng hair tonic;Mylea;Hair Tonic;49900;200;ml;aqua, isopropyl alcohol, fragrance, peg-40 hydrogenated castor oil, propylene glycol, piroctone olamine, sodium salicylate, d-panthenol, citric acid, menthol, camphor, polysorbate 80, chamomilla recutita flower extract, glucose, linoleic acid, retinyl palmitate, alcohol, lactic acid, sodium benzoate, equisetum arvense extract, betula alba leaf extract, urtica dioica extract, phenoxyethanol, tocopheryl acetate, capric acid, potassium sorbate, ci 60730, caramel, ci 42090, methylparaben, tartaric acid, ethylparaben, propylparaben, butylparaben, bht;"[""dimethicone"", ""glycerin"", ""hydrolyzed keratin"", ""panthenol"", ""glycerin"", ""argania spinosa kernel oil"", ""keratin"", ""keratin""]";https://www.watsons.co.id/id/mylea-ginseng-hair-tonic-200-ml/p/BP_72455;01/07/2026
P030;cave hair tonic;Cave;Hair Tonic;150000;150;ml;aqua, alcohol denat, peg-40 hydrogenated castor oil, aleurites moluccana extract, fragrance components and finished fragrances, panthenol, propylene glycol, menthol, capsicum annuum extract, cetyl pyridium chloride, ci 42090, biotin;"[""panthenol"", ""hydrolyzed collagen""]";https://www.watsons.co.id/id/cave-cave-hair-tonic-150ml/p/BP_43416;01/07/2026
P031;heat&sun protection detangle spray;Beamarry New York;Heat Protection;167580;200;ml;aqua, trideceth-10 amodimethicone, dimethiconol, glycerin, cocodimonium hydrox propyl hydrolyzed keratin, propylene glycol, panthenol, tea-dodecylbenzenesulfonate, peg-40 hydrogenated castor oil, cetrimonium chloride, ethyl lauroyl arginate hcl, sodium citrate, benzophenône 4, parfum ethylhexy glycerin, 12-hexane diol citric acid, argania spinosá kernel oil, cocos nucifera oil macadamia ternifo lia seed oil, sodium hivaluronate vitex trifola fruit extract, keratin, endrolvzed keratin oxidized keratin;"[""glycerin"", ""hydrolyzed wheat protein"", ""arginine""]";https://www.sociolla.com/shampoo/85377-heat-and-sun-protection-detangle-spray;01/09/2026
P032;pantene conditioner miracles collagen repair for damage care;Pantene;Conditioner;18000;70;ml;water, silicone quaternium-26, stearyl alcohol, cetyl alcohol, benzyl alcohol, disodium edta, polysorbate 20, hexyl cinnamal, panthenol, histidine, panthenyl ethyl ether, citric acid, collagen;"[""dimethicone"", ""argania spinosa kernel oil"", ""tocopherol""]";https://www.tokopedia.com/watsons-indonesia-official-store/pantene-conditioner-miracles-collagen-repair-for-damage-care-70ml?extParam=ivf%3Dfalse%26keyword%3Dconditioner%26search_id%3D202601091126430BB4AEC17105210F8KP8%26src%3Dsearch&t_id=1767957222016&t_st=4&t_pp=search_result&t_efo=search_pure_goods_card&t_ef=goods_search&t_sm=&t_spt=search_resulty;01/09/2026
P033;loreal total repair 5 hair spa mask;L'Oreal Paris;Hair Mask;100400;200;ml;aqua water, cetearyl alcohol, behentrimonium chloride, glycerin, cetyl esters, hydroxypropyltrimonium hydrolyzed wheat protein, dodocene, phenoxyethanol, arginine, chlorhexidine digluconate, poloxamen 407, limonene, linalool, benzyl salicylate, isopropyl myristate, 2-oleamido-1, 3-octadecandediol, serine, bht, citric acid, butylphenyl methylpropional, lauryl peg ppg-18 18 methicone, glutamic acid, hexyl cinnamal, glyceryl linoleate, glyceryl oleate, glyceryl linolenate, parfum fragrance (fil c37037 1 ;"[""glycerin""]";https://www.watsons.co.id/id/l-oreal-l-oreal-total-repair-5-hair-spa-mask-200ml/p/BP_48665;01/09/2026
P034;hair mask pro keratin hair repair tube;Ellips;Hair Mask;58500;120;g;aqua cetearyl alcohol dimethicone dimethiconol cetyl ester amodimethicone cyclotetrasiloxane trideceth12 cetrimonium chloride cyclopentasiloxane sodium benzoate dimethyl palmitamine steartrimonium chloride isopropyl alcohol potato starch modified fragrance phenoxyethanol methylparaben ethylparaben butylparaben propylparaben lactic acid panthenol simmondsia chinensis seed oil tocopheryl acetate soybean glycine soja oil retinyl palmitate ascorbyl palmitate;"[""menthol"", ""caffeine"", ""arginine"", ""hydrolyzed keratin"", ""hydrolyzed wheat protein"", ""tocopherol""]";https://www.watsons.co.id/id/ellips-hair-mask-pro-keratin-hair-repair-tube-120g/p/BP_72506;01/09/2026
P035;kerastase chronologiste hair oil;Kérastase;Hair Oil;1200000;75;ml;isododecane, caprylic capric triglyceride, dimethicone, dicaprylyl ether, dimethiconol, trimethylsiloxysilicate, parfum fragrance, linalool, argania spinosa kernel oil, helianthus annuus seed oil sunflower seed oil, limonene, citronellol, jasminum grandiflorum flower extract jasmine flower extract, tocopherol, geraniol, benzyl alcohol, benzyl benzoate, commiphora myrrha resin extract;"[""dimethicone"", ""hydrolyzed keratin"", ""hydrolyzed collagen"", ""panthenol"", ""glycerin"", ""dimethicone"", ""glycerin""]";https://www.tokopedia.com/kerastaseofficial/kerastase-chronologiste-hair-oil-75ml-hair-perfume-in-oil-parfum-rambut-dan-serum-untuk-rambut-rapuh-kusam-1730674859546937228?extParam=src%3Dshop%26whid%3D13679389&aff_unique_id=&channel=others&chain_key=;01/09/2026
P036;kerastase serum potentialiste;Kérastase;Hair Serum;770000;90;ml;aqua water eau, alcohol denat, bifida ferment lysate, ascorbyl glucoside, aminomethyl propanol, peg-40 hydrogenated castor oil, carbomer, mannose, polysorbate 21, alpha-glucan oligosaccharide, phenoxyethanol, glycerin, pentylene glycol, polymnia sonchifolia root juice, faex extract yeast extract extrait de levure, sodium benzoate, maltodextrin, limonene, geraniol, hexyl cinnamal, benzyl benzoate, benzyl alcohol, lactobacillus, linalool, citral, parfum fragrance;"[""dimethicone"", ""lactic acid"", ""hydrolyzed keratin""]";https://www.tokopedia.com/kerastaseofficial/kerastase-serum-potentialiste-90ml-scalp-barrier-serum-serum-untuk-keseimbangan-microbiome-di-kulit-kepala-mengandung-10-bifidus-probiotic-prebiotic-1-vitamin-c-1729961148801648524?extParam=whid%3D13679389%26src%3Dshop&aff_unique_id=&channel=others&chain_key=;01/09/2026
P037;kerastase bain nutri genesis;Kérastase;Shampoo;998000;500;ml;aqua, sodium laureth sulfate, ammonium lauryl sulfate, cocamidopropyl betaine, sodium chloride, parfum, glycol distearate, cocamide mea, laureth-7, citric acid, sodium benzoate, sodium hydroxide, polyquaternium-10, peg-4 rapeseedamide, menthol, guar hydroxypropyltrimonium chloride, caffeine, arginine, serine, hydrolyzed keratin, hydrolyzed wheat protein, tocopherol, linalool, hexyl cinnamal, benzyl salicylate, limonene, geraniol, ci 17200 ;"[""tocopheryl acetate"", ""hydrolyzed silk"", ""retinyl palmitate""]";https://www.tokopedia.com/kerastaseofficial/kerastase-bain-nutri-genesis-500ml-anti-hair-fall-shampoo-thick-hair-shampoo-untuk-rambut-rontok-patah-helaian-tebal-1730357209723602828?extParam=src%3Dshop%26whid%3D13679389&aff_unique_id=&channel=others&chain_key=;01/09/2026
P038;sdb heat protection spray;SDB;Heat Protection;65490;100;ml;aqua, cyclopentasiloxane, dimethicone, cyclohexasiloxane, hydrolyzed keratin, collagen, panthenol, glycerin, polyquaternium-7, peg-12 dimethicone, phenoxyethanol, ethylhexylglycerin, disodium edta, citric acid, parfum ;"[""panax ginseng root extract"", ""menthol"", ""panthenol"", ""allantoin"", ""glycerin"", ""camellia sinensis leaf extract"", ""polygonum multiflorum root extract"", ""salicylic acid""]";https://www.tokopedia.com/nimetolshop/sdb-heat-protection-spray-100ml-keratin-collagen-melindungi-rambut-rusak-kusut-catok-hair-dryer-1730888079183414903?extParam=ivf%3Dfalse%26keyword%3Dheat+protectant%26search_id%3D20260109111329357A6FDF7642BF2E6BEZ%26src%3Dsearch&t_id=1767957222016&t_st=1&t_pp=search_result&t_efo=search_pure_goods_card&t_ef=goods_search&t_sm=&t_spt=search_result;01/09/2026
P039;schwarzkopf professional osis+ flatliner;OSiS+;Heat Protection;220000;200;ml;aqua, alcohol denat, propylene glycol, polyurethane-48, peg-60 hydrogenated castor oil, sodium benzoate, parfum, bis-isobutyl peg ?ppg-20 ?35 ?amodimethicone copolymer, cetyl ethylhexanoate, lactic acid, polysorbate 80, butylene glycol, methylpropanediol, gluconolactone, hydrolyzed keratin, linalool, methyl benzoate;"[""allantoin"", ""caffeine"", ""camellia sinensis leaf extract"", ""glycerin"", ""glycyrrhiza glabra root extract"", ""hydrolyzed collagen"", ""menthol"", ""niacinamide"", ""panax ginseng root extract"", ""panthenol"", ""polygonum multiflorum root extract"", ""salicylic acid""]";https://www.tokopedia.com/firsthandgrooming/schwarzkopf-professional-osis-flatliner-heat-protection-spray;01/09/2026
P040;makarizo advisor hair recovery vitamax;Makarizo;Heat Protection;35000;28;mLx;cyclotetrasiloxane, cyclopentasiloxane, dimethiconol, phenyl trimethicone, tocopheryl acetate, perfume, hydrolyzed silk pg-propyl, hydrogenated soybean oil, retinyl palmitate, ascorbyl palmitate;"[""glycerin"", ""allantoin"", ""niacinamide"", ""allantoin""]";https://www.tokopedia.com/makarizo-advisor/makarizo-advisor-hair-recovery-vitamax-8mlx3-vitamin-rambut-hair-vitamin-serum-rambut-hair-serum-heat-protectant-perawatan-haircare-melembutkan-1733752031937398034?extParam=ivf%3Dfalse%26keyword%3Dheat+protectant%26search_id%3D20260109111329357A6FDF7642BF2E6BEZ%26src%3Dsearch&t_id=1767957222016&t_st=3&t_pp=search_result&t_efo=search_pure_goods_card&t_ef=goods_search&t_sm=&t_spt=search_result;01/09/2026
P041;voluminous & grow scalp treatment hair tonic serum;Hairmony;Hair Tonic;102860;100;mL;water, alcohol denat, propylene glycol, glicerine, panax ginseng root extract, peg-40 hydrogenated castor oil, phenoxyethanol, butylene glycol, menthol, panthenol, ammonium acryloyldimethyltaurate vp copolymer, arthemisia vulgaris extract, natrium edta, allantoin, ethylhexylglycerin, sophora flavescens root extract, capsicum anuum fruit extract, lycium chinense fruit extract, camellia cinesis leaf extract, angelca gigas root extract, angelca dahurica root extract, rubus coreanus fruit extract, morus alba root extract, pinus palustris leaf extract, lithospermum erythrorhizon root extract, polygonum ultifloronum root extract, citric acid, salicylic acid, sodium benzoate, potassium sorbate;"[""dimethicone"", ""dimethicone""]";https://www.sociolla.com/hair-tonic/75578-voluminous-and-grow-scalp-treatment-hair-tonic-serum;1/28/2026
P042;kundal scalp care and caffeine shampoo;Kundal;Shampoo;169500;500;mL;1, 2-hexanediol, allantoin, alpha-isomethyl ionone, angelica gigas extract, aqua, asarum sieboldii root extract, betaine, butylene glycol, caffeine, camellia japonica leaf extract, camellia sinensis leaf extract, caprylyl glycol, carthamus tinctorius flower extract, ceratonia siliqua fruit extract, citric acid, coco-betaine, coco-glucoside, cordyceps sinensis extract, coumarin, decyl glucoside, dioscorea japonica root extract, diospyros kaki fruit extract, dipotassium glycyrrhizate, dipropylene glycol, fragrance components and finished fragrances, ginkgo biloba leaf extract, glycerin, glycine max seed extract, glycyrrhiza glabra root extract, guar hydroxypropyltrimonium chloride, hexyl cinnamal, hydrolyzed collagen, hydroxyacetophenone, hydroxycitronellal, linalool, lithospermum erythrorhizon root extract, lycium chinense fruit extract, menthol, morus alba bark extract, niacinamide, paeonia lactiflora root extract, panax ginseng root extract, panthenol, polygonum multiflorum root extract, portulaca oleracea extract, propylene glycol laurate, rheum palmatum root extract, salicylic acid, sodium chloride, sodium coco-sulfate, sodium gluconate, sophora flavescens root extract, thuja occidentalis leaf extract, ulmus davidiana root extract, ziziphus jujuba fruit extract;"[""hydrolyzed wheat protein"", ""camellia sinensis leaf extract"", ""polygonum multiflorum root extract"", ""menthol"", ""salicylic acid"", ""rosmarinus officinalis leaf oil"", ""sodium hyaluronate"", ""niacinamide""]";https://www.sociolla.com/shampoo/70784-kundal-scalp-care-and-caffeine-shampoo;1/28/2026
P043;euphoria perfume silky conditioner;Hairoic;Conditioner;34048;180;gr;hair moisturizing agent, vitamin e, vitamin c, vitamin b5, glycerin, aloe vera extract, allantoin, hair & scalp nutrition, vitamin e, vitamin b5, niacinamide, soothing agent, allantoin, aloe vera extract, vitamin b5, triple scalp barrier protection, blooming fragrance;"[""glycerin"", ""hydrolyzed wheat protein"", ""biotin"", ""ceramide np""]";https://www.sociolla.com/conditioner/91174-euphoria-perfume-silky-conditioner;1/28/2026
P044;orange flower color protect hair mask;Dancoly;Hair Mask;251100;500;gr;aqua water, citrus aurantium amara flower extract, vitis vinifera seed oil, pelargonium graveolens extract, glyceryl stearates, dimethicone peg-10 15 crosspolymer, dimethicone silsesquioxane copolymer, polyoxyethylene cetyl-stearyl ether, simmondsia chinensis oil peg-8 esters, rosa rugosa flower extract, peg-4 sorbitan stearate, hyaluronic acid, hydroxypropyl guar, phenoxyethanol;"[""amodimethicone"", ""dimethicone"", ""aloe barbadensis leaf extract"", ""menthol"", ""lactic acid"", ""hydrolyzed keratin""]";https://www.sociolla.com/hair-mask/9720-orange-flower-color-protect-hair-mask;1/28/2026
P045;hair loss shampoo;Dancoly;Shampoo;303400;530;gr;water, decyl glucoside, lauryl glucoside, sodium cocoyl glutamate, cocodimonium hydroxypropyl hydrolyzed wheat protein, sophora flavescens root extract, capsicum annuum extract, lycium chinense fruit extract, camellia sinensis leaf extract, angelica gigas root extract, angelica dahurica root extract, rubus coreanus fruit extract, morus alba root extract, pinus palustris leaf extract, lithospermum officinale root extract, polygonum multiflorum root extract, menthol, propylene glycol, salicylic acid, dexpanthenol, rosmarinus officinalis leaf oil, lavandula angustifolia oil, ocimum basilicum oil, salvia sclarea oil, pelargonium graveolens flower oil, citrus grandis peel oil, citrus limon peel oil, citrus aurantium dulcis peel oil, citrus aurantium bergamia fruit oil, sodium hyaluronate, niacinamide, citric acid, 1, 2-hexanediol, caprylyl glycol, polyquaternium-10, disodium edta, limonene;"[""panthenol"", ""glycerin"", ""butyrospermum parkii"", ""calendula officinalis extract"", ""hydrolyzed keratin""]";https://www.sociolla.com/shampoo/59448-lador-hair-loss-shampoo?size=530ml;1/28/2026
P046;hair tonic biotin hairfall control;Dove;Hair Tonic;47000;75;ml;water, oleth-20, phenoxyethanol, glycerin, caprylyl glycol, perfume, disodium edta, zinc sulfate heptahydrate, hydrolyzed yeast protein, urea, sodium benzoate, disodium phosphate, sodium hydroxide, potassium sorbate, biotin, citric acid, ceramide ng;"[""argania spinosa kernel oil"", ""glycerin"", ""tocopherol"", ""panthenol"", ""ascorbic acid"", ""acetyl tetrapeptide-3"", ""acetyl tetrapeptide-3"", ""acetyl tetrapeptide-3"", ""acetyl tetrapeptide-3"", ""copper tripeptide-1""]";https://www.watsons.co.id/id/dove-hair-tonic-biotin-hairfall-control-75ml;1/31/2026
P047;hair energy aloe & melon;Makarizo;Creambath;120600;500;g;water, cetearyl alcohol, paraffinum liquidum, ethylhexyl palmitate, propylene glycol, cetyl esters, cetrimonium chloride, fragrance, behentrimonium chloride, amodimethicone, ceteareth-20, bis pg amodimethicone, aloe barbadensis leaf extract, dmdm hydantoin, panthenyl ethyl ether, c14-15 alcohols, steartrimonium chloride, trideceth-12, trideceth-10, menthol, cl 47005, cl 42090, phenoxyethanol, butylene glycol, menthyl lactate, lactic acid, iodopropynyl butylcarbamate, passiflora edulis seed oil, isotridecanol, cyclotetrasiloxane, oryza sativa bran oil, hydrolyzed keratin, magnesium nitrate, euterpe oleracea fruit oil, methylchloroisothiazolinone, magnesium chloride, citrus aurantifolia fruit extract, methylisothiazolinone, persea gratissima fruit extract, trigonella foenum-graecum seed extract, cucumis melo fruit extract;"[""dimethicone"", ""argania spinosa kernel oil""]";https://www.watsons.co.id/id/makarizo-hair-energy-aloe-melon-500g/p/BP_47079;1/31/2026
P048;grace and glow hair vitamin mist;Grace and Glow;Hair Mist;34500;100;ml;water, glyserine, peg-40 hydrogenated castor oil, fragrance, phenoxyethanol, silk extract, chlorphenesin, panthenol, ethylhexylglycerin, disodium edta, butylene glycol, propylene glycol, anthemis nobilis flower extract, sclerocarya birrea fruit extract, butyrospermum parkii butter, olea europea fruit oil, helianthus annuus hydroxyacetophenone, calendula officinalis flower extract, hydrolyzed keratin;"[""dimethicone"", ""amodimethicone"", ""simmondsia chinensis seed oil"", ""butyrospermum parkii"", ""argania spinosa kernel oil"", ""hydrolyzed wheat protein"", ""silk amino acids"", ""ceramide np"", ""ceramide np""]";https://www.tokopedia.com/graceandglowofficial/grace-and-glow-hair-vitamin-mist-silk-protect-daisy-peony-blush-haircare-perawatan-treatment-rambut-spray-untuk-melembutkan-rambut-kering-dan-bercabang-with-argan-oil-1729432845638928652?extParam=ivf%3Dfalse%26keyword%3D%09hair+mist%26search_id%3D2026013111594637BC2F75BF1BCF2F95EG%26src%3Dsearch&t_id=1769860690089&t_st=3&t_pp=search_result&t_efo=search_pure_goods_card&t_ef=goods_search&t_sm=&t_spt=search_result;1/31/2026
P049;real argan repairing shampoo;Rated Green;Shampoo;89100;100;ml;water, disodium laureth sulfosuccinate, cocamidopropyl betaine, lauramide mipa, sodium cocoyl isethionate, argania spinosa kernel oil, quillaja saponaria bark extract, coco-glucoside, sodium chloride, citric acid, sorbeth-30 tetraoleate, decyl glucoside, polyquaternium-10, trihydroxystearin, polyquaternium-22, caprylic capric triglyceride, sodium citrate, caprylyl glycol, ethylhexylglycerin, soyamidopropylamine oxide, sodium phytate, sorbitan laurate, 1, 2-hexanediol, glycolipids, tocopherol, betaine, panthenol, butylene glycol, acetyl hexapeptide-8, ascorbic acid polypeptide, acetyl octapeptide-3, acetyl tetrapeptide-2, acetyl tetrapeptide-3, acetyl tetrapeptide-5, acetyl tetrapeptide-9, carnosine, copper tripeptide-1, nonapeptide-1, palmitoyl pentapeptide-4, palmitoyl tripeptide-1, palmitoyl tripeptide-5, alcohol denat, cetearyl alcohol, sodium benzoate, potassium sorbate, fragrance;"[""niacinamide"", ""glycerin"", ""panthenol"", ""aloe barbadensis leaf extract"", ""adenosine"", ""oleanolic acid"", ""biotinoyl tripeptide-1"", ""arginine""]";https://www.sociolla.com/shampoo/79402-real-argan-repairing-shampoo?size=100ml;1/31/2026
P050;real argan smoothing hair serum;Rated Green;Hair Serum;231200;150;ml;cyclopentasiloxane, dimethiconol, dimethicone, argania spinosa kernel oil, c12-15 alkyl benzoate, water, glycolipids, alcohol denat, fragrance ;"[""hydrolyzed wheat protein"", ""lactic acid"", ""hydrolyzed silk""]";https://www.sociolla.com/hair-serum/69202-real-argan-smoothing-hair-serum;1/31/2026
P051;missdaisy perfume hair mask;Miss Daisy;Hair Mask;289000;250;ml;aqua, cetearyl alcohol, brassicamidopropyl dimethylamine, dimethicone, amodimethicone, cetearaeth-7, ceteareth-25, cyclopentasiloxane, fragrance, behentrimonium chloride, dipropylene glycol, glycolic acid, simmondsia chinensis seed oil, squalane, butyrospermum parkii, argania spinosa kernel oil, phenoxyethanol, polyquaternium-7, guar hydroxypropyltrimonium chloride, c10-40 isoalkylamidopropylethyldimonium ethosulfate, o-cymen-5-ol, hyrdolyzed wheat protein, silk amino acids, ceramide np, ceramide ap, ceramide eop, phytoshingosine, cholesterol, sodium lauroyl lactylate, carbomer, xanthan gum, nicotiamide;"[""panthenol"", ""glycerin""]";https://www.sociolla.com/hair-mask/76280-missdaisy-perfume-hair-mask-blackcurrant-and-vanilla-sugar;1/31/2026
P052;mdrop dead growgeous;Wonderlux;Scalp Serum;166500;75;ml;aqua, butylene glycol, 2, 4-diamino-pyrimidine-3-oxide ), ammonium polyacryloyldimethyl taurate, niacinamide, propanediol, oryza sativa bran water, glycerin, panthenol, zingiber officinale extract, phenoxyethanol, chlorphenesin, nasturtium officinale flower leaf extract, ppg-26-buteth-26, peg-40 hydrogenated castor oil, aloe barbadensis extract, pisum sativum sprout extract, sodium benzoate, magnesium ascorbyl phosphate, hydrolyzed corn protein, glycine, apigenin, adenosine, serine, glutamic acid, oleanolic acid, aspartic acid, leucine active ingredient 000071, biotinoyl tripeptide-1, alanine, arginine, tyrosine, phenylalanine, threonine, proline, valine, isoleucine, carnitine;"[""glycerin"", ""panthenol"", ""simmondsia chinensis seed oil"", ""lactic acid"", ""arginine"", ""tocopheryl acetate"", ""camellia sinensis leaf extract""]";https://www.sociolla.com/hair-serum/78251-drop-dead-growgeous-densifying-hair-scalp-serum;1/31/2026
P053;daikin conditioner;O'sweet Singapore;Conditioner;327999;450;ml;hydrolyzed wheat protein, lactic acid, propylparaben, sodium lauroyl hydrolyzed silk, trideceth-12, aqua, behentrimonium chloride, cetearyl alcohol, cetrimonium chloride, cetyl alcohol, hydroxyethylcellulose, methylisothiazolinone, methylparaben, parfum, snail secretion filtrate, zingiber officinale extract, hyaluronic acid;"[""glycerin"", ""butyrospermum parkii"", ""hydrolyzed keratin"", ""tocopheryl acetate"", ""panthenol"", ""lactic acid""]";https://www.sociolla.com/conditioner/58773-daikin-conditioner?size=450_ml;1/31/2026
P054;hair mistion! eternal bloom;Wonderlux;Hair Mist;327999;50;ml;water, trideceth-9, fragnance components and finished fragrance, peg-40 hydrogenated castor oil, propanediol, phenoxyethanol, caprylic capric triglyceride, ethoxydiglycol, pentaclethra macroloba seed oil, polysorbate 20, sodium pca, chlorphenesin, d-panthenol, disodium edta, o-cymen-5-ol, hydroxypropylgluconamide, hydroxypropyl ammonium gluconate, polyquaternium-7, glycerin, magnolia officinalis bark extract, zingiber officinale root extract, hydrolyzed jojobaesters, tartaric acid, benzyl alcohol, sodium benzoate, potassium sorbate;"[""glycerin"", ""dimethicone"", ""amodimethicone"", ""dimethicone"", ""arginine"", ""adenosine"", ""oleanolic acid"", ""biotinoyl tripeptide-1""]";https://www.sociolla.com/hair-mist/87300-eternal-bloom-smooth-nourishment-hair-mist;1/31/2026
P055;hair volumizing conditioner;Woshday;Conditioner;249000;340;ml;water, cetearyl alcohol, cetyl alcohol, glycerin, isopropyl palmitate, fragrance, cetyl esters, behentrimonium chloride, brassicyl valinate esylate, stearamidopropyl dimethylamine, phenoxyethanol, brassica alcohol, citric acid, isopropyl alcohol, cetrimonium chloride, chlorphenesin, calcium gluconate, colloidal oatmeal, guar hydroxypropyltrimonium chloride, panthenol, simmondsia chinensis seed oil, vitis vinifera seed oil, lactic acid, leuconostoc radish root ferment filtrate, dihydroxypropyl arginine hcl, polyquaternium-7, tocopheryl acetate, aloe barbadensis leaf juice, sodium benzoate, camellia sinensis leaf extract, potassium sorbate;"[""glycerin"", ""arginine"", ""lactic acid"", ""bisabolol"", ""panthenol"", ""glycerin""]";https://www.sociolla.com/conditioner/91716-hair-volumizing-conditioner;1/31/2026
P056;hair oil with peppermint;Tumbuh Lab;Hair Oil;121500;60;ml;virgin coconut oil, castor oil, rosemary essential oil, lavender essential oil, peppermint essential oil;"[""glycerin"", ""ceramide np""]";https://www.sociolla.com/hair-oil/75451-hair-oil-with-peppermint;1/31/2026
P057;texture experience creambath strawberry yoghurt softening & shine-boosting treatment;Makarizo Professional;Creambath;166500;75;ml;aqua, cetyl alcohol, stearyl alcohol, behentrimonium methosulfate, cetearyl alcohol, glycerin, cetrimonium chloride, parfum fragrance, propylene glycol, isopropyl myristate, cocos nucifera oil, butyrospermum parkii, hydrolyzed keratin, fragaria ananassa fruit extract, tocopheryl acetate, panthenol, citric acid, sodium benzoate, potassium sorbate, lactic acid;"[""allantoin"", ""menthol"", ""glycerin""]";https://www.sociolla.com/hair-mask/28165-texture-experience-creambath-strawberry-yoghurt-softening-and-shine-boosting-treatment?size=200ml;1/31/2026
P058;drop dead growgeous! hair densifying conditioner;Wonderlux;Conditioner;98400;200;ml;aqua, cetearyl alcohol, glycerin, mineral oil, fragrance components and finished fragrances, stearamidopropyl dimethylamine, dimethiconol, behentrimonium chloride, dimethicone, propanediol, ceteareth-22, phenoxyethanol, cetrimonium chloride, hydrolyzed jojoba esters, citric acid, dipropylene glycol, amodimethicone, chlorphenesin, bisamino peg ppg-41 3 aminoethyl pg-propyl dimethicone, laureth-4, laureth-5, laureth-23, peg-55 stearate, disodium edta, bht, xanthan gum, caprylyl glycol, butylene glycol, ci 19140, ci 42090, peg-26-buteth-26, peg-40 hydrogenated castor oil, magnesium ascorbyl phosphate, hydrolyzed corn protein, sodium benzoate, arginine, glycine, adenosine, serine, glutamic acid, aspartic acid, leucine, apigenin, alanine, lysine, tyrosine, phenylalanine, threonine, proline, valine, oleanolic acid, isoleucine, biotinoyl tripeptide-1, histidine, carnitine;"[""piroctone olamine"", ""menthol"", ""panthenol"", ""hydrolyzed collagen""]";https://www.sociolla.com/conditioner/92385-drop-dead-growgeous-hair-densifying-conditioner;1/31/2026
P059;pomelo hair tonic;Cocoon;Hair Tonic;114000;140;ml;water, isododecane, c15-19 alkane, glycerin, citrus grandis peel oil, xylitylglucoside, anhydroxylitol, maltitol, xylitol, pelvetia canaliculata extract, propanediol, arginine, lactic acid, glycine soja germ extract, triticum vulgare germ extract, scutellaria baicalensis root extract, bisabolol, gluconolactone, calcium gluconate, panthenol, betaine, citrus aurantium dulcis peel oil, mentha piperita oil, sodium polyacrylate starch, glycereth-26, phenyl trimethicone, caprylyl methicone, trisodium ethylenediamine disuccinate, ethyhexylglycerin, bht, phenoxyethanol, sodium benzoate;"[""retinyl palmitate"", ""biotin"", ""panthenol""]";https://www.sociolla.com/hair-serum/75608-pomelo-hair-tonic;1/31/2026
P060;my hair recipe essential oil serum;Innisfree;Hair Oil;110400;100;ml;cyclopentasiloxane, dimethiconol, octyldodecanol, camellia japonica seed oil, trisiloxane, fragrance parfum, glycolipids, glycerin, water aqua eau, ceramide np, camellia japonica flower extract, phytosphingosine, hydrogenated lecithin, camellia japonica leaf extract;"[""glycerin"", ""allantoin"", ""niacinamide""]";https://www.sociolla.com/hair-oil/79102-my-hair-recipe-essential-oil-serum;1/31/2026
P061;osweet singapore anti-dandruff & oil control shampoo;O'sweet Singapore;Shampoo;241799;300;ml;water, sodium lauryl alcohol polyether sulfate, essence, c8-c14 alkyl glucoside, octyl glucoside, bis aminopropyl polydimethylsiloxane, polydimethylsiloxane alcohol, cetyl alcohol, sodium stearoyl lactylate, cocamidopropyl pg dimethyl ammonium chloride, sorbitan tristearate, lysine thiazolidinecarboxylate, guar gum hydroxypropyl trimethyl ammonium chloride, allantoin, menthol, potassium cocoyl glycine potassium lauroyl sarcosine, glycerin, sodium lauryl ether sulfate, ethylene glycol distearate, polylysine, pyrrolidone ethanolamine salt, dichlorobenzyl alcohol, citric acid, silk fibroin, coconut amide dea, titanium dioxide, quaternary ammonium salt - 80, coconut glucoside, propylene glycol, sodium isostearyl lactylate, sodium lactate, polyquaternary ammonium salt - 7, benzyl alcohol, phenoxyethanol, sodium benzoate, methyl isothiazolinone;"[""glycerin"", ""dimethicone"", ""climbazole"", ""zinc gluconate"", ""panthenol"", ""lactic acid"", ""sodium hyaluronate"", ""glycerin""]";https://www.sociolla.com/shampoo/79044-o-sweet-singapore-anti-dandruff-and-oil-control-shampoo;1/31/2026
P062;argan repair hairmask;Dancoly;Hair Mask;257140;550;ml;no mineral oil paraffin oil vaseline, no propylene glycol, no animal testing, organic natural ingredients, bpom, serta telah tersertifikasi gmp & fda;"[""biotin""]";https://www.sociolla.com/hair-mask/9718-argan-repair-hairmask-?size=550_gr;1/31/2026
P063;texture experience creambath mint sorbet purifying & refreshing treatment;Makarizo Professional;Hair Mask;92250;200;ml;piroctone olamine, menthol, panthenol, hydrolyzed collagen;"[""dimethicone"", ""macadamia ternifolia seed oil""]";https://www.sociolla.com/hair-mask/28164-texture-experience-creambath-mint-sorbet-purifying-and-refreshing-treatment?size=200ml;1/31/2026
P064;ginseng & chesnut seed extract hair tonic with biotin & panthenol;Votre Peau;Hair Tonic;112200;100;ml;ekstrak ginseng, horse chestnut, retinyl palmitate, biotin, panthenol;"[""glycerin"", ""panthenol"", ""glycerin"", ""arginine"", ""zinc pca"", ""argania spinosa kernel oil"", ""niacinamide"", ""aesculus hippocastanum seed extract"", ""zinc gluconate"", ""caffeine"", ""tocopherol"", ""biotin""]";https://www.sociolla.com/hair-tonic/80556-ginseng-and-chesnut-seed-extract-hair-tonic-with-biotin-and-panthenol;1/31/2026
P065;dreamy hour perfume hair vitamin mist;Hairoic;Hair Mist;122400;50;gr;itamin e, vitamin c, vitamin b5, glycerin, aloe vera extract, allantoin, niacinamide, triple shaft protection, dan blooming fragrance;"[""dimethicone"", ""amodimethicone"", ""argania spinosa kernel oil"", ""tocopheryl acetate"", ""macadamia ternifolia seed oil""]";https://www.sociolla.com/hair-mist/91175-dreamy-hour-perfume-hair-vitamin-mist;1/31/2026
P066;amethyst anti dandruff shampoo;Grace and Glow;Shampoo;77625;400;ml;aqua, sodium laureth sulfate, glycerin, cocamidopropyl betaine, disodium lauroamphodiacetate, parfum, dimethicone, climbazole, sodium chloride, lactobacillus ferment, c12-13 alkyl lactate, citric acid, dichlorobenzyl alcohol, zinc gluconate, glycol distearate, disodium lauryl sulfosuccinate, cocamide dea, laureth-3, disodium edta, methylparaben, guar hydroxypropyltrimonium chloride, panthenol, hydrogenated castor oil, cocamide methyl mea, c12-13 alcohols, thuja orientalis extract, magnesium nitrate, hydrolyzed yeast extract, glucose, propylene glycol, phenoxyethanol, hydroxyacetophenone, 1, 2-hexanediol, methylchloroisothiazolinone, lactic acid, lactococcus ferment lysate, magnesium chloride, ci 42090, sodium hyaluronate, methylisothiazolinone, ethylhexylglycerin, ci 16255;"[""tocopherol""]";https://www.sociolla.com/shampoo/69363-amethyst-anti-dandruff-shampoo;1/31/2026
P067;mielle rosemary mint scalp hair strengthening oil;Mielle;Hair Oil;197000;59;ml;soybean oil, castor seed oil, coconut oil, olive fruit oil, sweet almond oil, wheat germ oil, sunflower seed oil, grapeseed oil, jojoba seed oil, babassu seed oil, essential oil blend, rosemary leaf oil, peppermint oil, eucalyptus oil, biotin, horsetail extract, nettle leaf extract, chamomile flower extract;"[""glycerin"", ""rosmarinus officinalis leaf extract"", ""niacinamide"", ""lactic acid"", ""arginine""]";https://www.tokopedia.com/beauty-change-storeid/mielle-rosemary-mint-scalp-hair-strengthening-oil-59ml-conditioner-dengan-biotin-untuk-rambut-kuat-berkilau-dan-kulit-kepala-sehat-1733558285217072601?extParam=ivf%3Dfalse%26keyword%3Dperawatan+rambut%26search_id%3D20260207122913577BCC914F9E553B9HOB%26src%3Dsearch&t_id=1770467395580&t_st=2&t_pp=search_result&t_efo=search_pure_goods_card&t_ef=goods_search&t_sm=&t_spt=search_result;1/31/2026
P068;marula oil hair serum;Dancoly;Hair Serum;278100;60;ml;helianthus annuus seed oil, cyclopentasiloxane, dimethicone silsesquioxane copolymer, marula oil, macadamie ternifolia seed oil, parfum fragrance;"[""glycerin"", ""panthenol"", ""glycerin"", ""arginine"", ""zinc pca"", ""niacinamide"", ""aesculus hippocastanum seed extract"", ""zinc gluconate"", ""caffeine"", ""tocopherol"", ""biotin""]";https://www.sociolla.com/hair-serum/52711-marula-oil-hair-serum;1/31/2026
P069;mk3 repair & revive hair mask jar;Makarizo Professional;Hair Mask;245880;500;ml;aqua, cetearyl alcohol, glycerin, c12-15 alkyl benzoate, parfum, behentrimonium chloride, phenoxyethanol, cetrimonium chloride, panthenol, ethylhexylglycerin, sodium pca, ceteareth-20, sodium lactate, polysilicone-15, arginine, aspartic acid, pca, tetrasodium edta, argania spinosa kernel oil, cocos nucifera oil, glycine soja oil, helianthus annuus seed oil, ethyl macadamiate, glycine, alanine, serine, valine, isoleucine, proline, threonine, actinidia chinensis fruit extract, histidine, phenylalanine, niacinamide, aesculus hippocastanum seed extract, yeast extract, ammonium glycyrrhizate, zinc gluconate, caffeine, tocopherol, biotin;"[""glycerin"", ""glycerin"", ""arginine"", ""zinc pca"", ""argania spinosa kernel oil"", ""tocopherol""]";https://www.sociolla.com/hair-mask/84319-mk3-repair-and-revive-hair-mask-jar;1/31/2026
P070;wonder hair oil;La'dor;Hair Oil;294000;100;ml;cyclopentasiloxane, cyclohexasiloxane, isopropyl myristate, dimethicone, isododecane, c12-15 alkyl benzoate, hydrogenated ethylhexyl olivate, hydrogenated olive oil unsaponifiables, amodimethicone, persea gratissima oil, argania spinosa kernel oil, tocopheryl acetate, moringa oleifera seed oil, camellia japonica seed oil, macadamia ternifolia seed oil, sclerocarya birrea seed oil, squalane, helianthus annuus seed oil, fragrance;"[""dimethicone"", ""arginine"", ""argania spinosa kernel oil"", ""hydrolyzed collagen"", ""glycerin"", ""hydrolyzed keratin"", ""hydrolyzed keratin"", ""hydrolyzed keratin"", ""hydrolyzed silk"", ""keratin"", ""ceramide np"", ""ceramide np"", ""ceramide np""]";https://www.sociolla.com/hair-oil/59454-lador-wonder-hair-oil?size=10ml;1/31/2026
P071;hair mistl;Tumbuh Lab;Hair Mist;117000;100;ml;rosewater, rosemary essential oil, green tea essential oil, ylang ylang essential oil, cedarwood essential oil;"[""glycerin"", ""panthenol"", ""hydrolyzed wheat protein"", ""climbazole"", ""menthol"", ""argania spinosa kernel oil""]";https://www.sociolla.com/hair-mist/75452-hair-mist;1/31/2026
P072;bonvie coco hair oil scalp & hair treatment;Bonvie;Hair Oil;63000;30;ml;coconut oil, kemiri, peppermint oil, tocopherol;"[""tocopheryl acetate"", ""biotin"", ""hydrolyzed keratin""]";https://www.sociolla.com/hair-oil/86022-bonvie-coco-hair-oil-scalp-and-hair-treatment;1/31/2026
P073;conditioner with cinnamon & amino acid;Ree Derma Wellness;Conditioner;130500;250;ml;aqua, cetearyl alcohol, cetyl ester, behentrimonium chlroide, glycerine, lauryl acid, rosmarinus officinalis flower extract, glycine soja extract, eugenia carophyllus bud oil, phenoxyethanol, illicium verum extract, cinnamomum casia bark extract, isopropanol, sodium benzoate, myristic acid, pimpinella anisum fruit extract, cetrimonium chloride, niacinamide, palmitic acid, caprylic acid, lechitin, oleic acid, capric acid, lechitin, oleic acid, capric acid, l lactic acid, arginine, stearic acid, linoleic acid, caproic acid, ethyl lauroyl arginate hcl, tetrasodium glutamate diacetate;"[""panthenol"", ""salicylic acid"", ""menthol"", ""panax ginseng root extract""]";https://www.sociolla.com/conditioner/63188-conditioner-with-cinnamon-and-amino-acid;1/31/2026
P074;mk3 damage repair shampoo;Makarizo Professional;Shampoo;184464;250;ml;aqua, sodium cocoyl isethionate, glycerin, cocamidopropyl betaine, sodium lauroyl sarcosinate, c15-19 alkane, parfum, peg-120 methyl glucose trioleate, acrylates c10-30 alkyl acrylate crosspolymer, phenoxyethanol, polyquaternium-47, c12-15 alkyl benzoate, guar hydroxypropyltrimonium chloride, sodium hydroxide, peg-40 hydrogenated castor oil, panthenol, ethylhexylglycerin, sodium pca, sodium lactate, cocos nucifera oil, helianthus annuus seed oil, tetrasodium edta, ethyl macadamiate, arginine, aspartic acid, pca, glycine, alanine, serine, sodium benzoate, valine, isoleucine, proline, threonine, histidine, phenylalanine, niacinamide, aesculus hippocastanum seed extract, yeast extract, ammonium glycyrrhizate, methylchloroisothiazolinone, zinc gluconate, methylisothiazolinone, caffeine, tocopherol, biotin;"[""dimethicone"", ""amodimethicone"", ""argania spinosa kernel oil"", ""tocopheryl acetate"", ""keratin""]";https://www.sociolla.com/shampoo/84320-mk3-damage-repair-shampoo;1/31/2026
P075;mk3 repair and revive conditioner;Makarizo Professional;Conditioner;184464;250;ml;aqua, cetearyl alcohol, glycerin, parfum, c12-15 alkyl benzoate, behentrimonium chloride, phenoxyethanol, cetrimonium chloride, ethylhexylglycerin, sodium pca, ceteareth-20, sodium lactate, polysilicone-15, arginine, aspartic acid, pca, tetrasodium edta, argania spinosa kernel oil, helianthus annuus seed oil, ethyl macadamiate, glycine, alanine, serine, valine, isoleucine, proline, threonine, histidine, phenylalanine, tocopherol;"[""panthenol"", ""glycerin"", ""arginine"", ""zinc pca"", ""tocopherol""]";https://www.sociolla.com/conditioner/84321-mk3-repair-and-revive-conditioner;1/31/2026
P076;diane power treatment hair mask;Moist Diane;Hair Mask;164000;230;ml;aqua, stearyl alcohol, sorbitol, behentrimonium chloride, dimethicone, fragrance components and finished fragrances, phenoxyethanol, isopropyl alcohol, hydroxyethylcellulose, quaternium-33, butylene glycol, arginine, glutamic acid, argania spinosa kernel oil, hydrolyzed collagen, hydrolyzed egg shell membrane, glycerin, alcohol, hydrolyzed milk protein, hydrolyzed keratin pg-propyl methylsilanediol, propylene glycol, laurdimonium hydroxypropyl hydrolyzed keratin, hydrolyzed keratin, hydrolyzed silk, keratin, polyquaternium-61, distearyldimonium chloride, cholesterol, ceramide ng, ceramide as, ceramide np, ceramide ap, ceramide eop, caramel;"[""lactic acid"", ""dimethicone"", ""tocopherol"", ""amodimethicone""]";https://www.sociolla.com/hair-mask/80754-diane-power-treatment-hair-mask-230g;1/31/2026
P077;hijab expert hair fall treatment shampoo;Safi;Shampoo;64900;230;ml;water, sodium laureth sulfate, cocamidopropyl betaine, dimethiconol, glyceryl stearate, glycerin, panthenol, carbomer, sodium chloride, styrene acrylates copolymer, guarhydroxypropyltrimonium chloride, sodium hydroxide, tetrasodium edta, peg-14m, charcoal powder, hydrolyzed wheat protein, nigella sativa seed oil, fragrance, methylchloroisothiazolinone, methylisothiazolinone climbazole, carbomer, menthol, styrene acrylates copolymer, guar hydroxypropyltrimonium chloride, copolymer, guar hydroxypropyltrimonium chloride, silicone quaternium-16, peg-14m, sodium hydroxide, argania spinosa kernel oil, sodium chloride;"[""selenium sulfide"", ""zinc pyrithione""]";https://www.sociolla.com/shampoo/25190-hijab-expert-hair-fall-treatment-shampoo?size=320_gr;1/31/2026
P078;deep nourish repair hair oil;Ree Derma Wellness;Hair Oil;182600;100;ml;lauric acid, olive oil, myristic acid, palmitic acid, caprilyc acid, oleic acid, capric acid, stearic acid, linoleic acid, parfum, caproic acid, tocopheryl acetate, biotin, turmeric extract, isononyl isononanoate, isostearoyl hydrolyzed keratin;"[""glycerin"", ""dimethicone"", ""tocopheryl acetate"", ""argania spinosa kernel oil"", ""amodimethicone"", ""lactic acid""]";https://www.sociolla.com/hair-oil/75544-deep-nourish-repair-hair-oil;1/31/2026
P079;daeng gi meo ri - vitalizing shampoo;Daeng Gi Meo Ri;Shampoo;199000;300;ml;water, sodium laureth sulfate, cocamidopropyl betaine, sodium chloride, glycol distearate, cocamide mea, citric acid, polyquaternium-10, panthenol, salicylic acid, menthol, alcohol, peg-150 distearate, disodium edta, phenoxyethanol, fragrance, ginseng root extract, rehmannia chinensis root extract, houttuynia cordata extract, green tea extract, artemisia extract, cnidium officinale root extract;"[""selenium sulfide""]";https://www.tokopedia.com/daenggimeoriid/daeng-gi-meo-ri-vitalizing-shampoo-300ml-shampo-perawatan-rambut-rontok-kering-dan-ketombe-1729383425484752232?extParam=ivf%3Dfalse%26keyword%3Dperawatan+rambut%26search_id%3D20260207122913577BCC914F9E553B9HOB%26src%3Dsearch&t_id=1770467395580&t_st=3&t_pp=search_result&t_efo=search_pure_goods_card&t_ef=goods_search&t_sm=&t_spt=search_result;1/31/2026
P080;perfumed hair oil hinoki;La'dor;Hair Oil;287000;80;ml;cyclopentasiloxane, dimethicone, dimethiconol, c12-15 alkyl benzoat, cyclohexasiloxane, squalane, amodimethicone, persea gratissima oil, argania spinosa kernel oil, tocopheryl acetate, camellia japonica seed oil, corylopsis coreana extract, water, lactobacillus rice ferment, angelica koreana root extract, butylene glycol, 1, 2-hexanediol, keratin, elastin, gelatin, fragrance, limonene, linalool, coumarin, citronellol, hydroxycitronellal;"[""glycerin"", ""hydrolyzed wheat protein"", ""biotin"", ""ceramide np""]";https://www.sociolla.com/hair-oil/75977-lador-perfumed-hair-oil-hinoki?size=80ml;1/31/2026
P081;mk3 restructuring serum bottle;Makarizo Professional;Hair Serum;217008;50;ml;aqua, diglycerin, peg-40 hydrogenated castor oil, parfum, polyquaternium-47, cetrimonium chloride, phenoxyethanol, panthenol, actinidia chinensis fruit extract, ethylhexylglycerin, sodium pca, sodium lactate, arginine, tetrasodium edta, aspartic acid, pca, sodium benzoate, cocos nucifera oil, ethyl macadamiate, glycine, alanine, serine, valine, isoleucine, proline, threonine, histidine, phenylalanine, tocopherol, ci 42090;"[""glycerin"", ""dimethicone"", ""amodimethicone"", ""ceramide np"", ""hydrolyzed wheat protein"", ""biotin""]";https://www.sociolla.com/hair-serum/84323-mk3-restructuring-serum-bottle;1/31/2026
P082;fino premium touch hair oil;Shiseido Fino;Hair Oil;162000;70;ml;hydrogenated polyisobutene, dimethiconol, isopropyl myristate, isododecane, polysilicone-13, perfume, squalane, lauroyl glutamic acid di, lactic acid, hydrolysed conchiolin, dimethicone, tocopherol, water, amodimethicone, ppg -2-deceth-12, bg, glycerol, phenoxyethanol <m110970-202>;"[""panthenol""]";https://www.tokopedia.com/fino-by-finetoday-official/fino-premium-touch-hair-oil-70ml-1731912727677142828?extParam=ivf%3Dfalse%26keyword%3Dhair+care%26search_id%3D2026020411191963923F49E52413393NHM%26src%3Dsearch&t_id=1770203980668&t_st=1&t_pp=search_result&t_efo=search_pure_goods_card&t_ef=goods_search&t_sm=&t_spt=search_result;02/04/2026
P083;selsun yellow double impact shampoo;Selsun;Shampoo;39000;50;ml;sodium laureth sulfate, aqua, glycol stearate, acrylates vinyl neodecanoate crosspolymer, cocamide dea, acacia senegal gum, fragrance, selenium sulfide, zinc pyrithione, glyceryl ricinoleate, dmdm hydantoin, citric acid, sodium chloride, ci 15610;"[""dimethicone"", ""glycerin"", ""hydrolyzed keratin"", ""panthenol""]";https://www.tokopedia.com/apotek-taman-kedoya-by-goapotik/selsun-yellow-double-impact-shampoo-50-ml?t_id=1770203980668&t_st=5&t_pp=product_detail&t_efo=horizontal_goods_card&t_ef=goods_search&t_sm=rec_product_detail_outer_pdp_3_module&t_spt=product_detail;02/04/2026
P084;dove 1 minute super conditioner - intensive damage treatment;Dove;Conditioner;22000;170;ml;water, cetearyl alcohol, behentrimonium chloride, dipropylene glycol, glycerin, perfume, dimethicone, gluconolactone, trehalose, helianthus annuus seed oil, c10-40 isoalkylamidopropylethyldimonium ethosulfate, sodium sulfate, tocopheryl acetate, argania spinosa kernel oil, cocos nucifera oil, prunus amygdalus dulcis oil, mineral oil, amodimethicone, disodium edta, phenoxyethanol, cetrimonium chloride, peg-7 propylheptyl ether, magnesium nitrate, cyclotetrasiloxane, methylchloroisothiazolinone, magnesium chloride, methylarachidic acid, methylisothiazolinone, sodium chloride, acetic acid;"[""dimethicone"", ""amodimethicone"", ""lactic acid"", ""glycerin"", ""lactic acid""]";https://www.watsons.co.id/id/dove-dove-1-minute-super-conditioner-intensive-damage-treatment-170ml/p/BP_70286;02/04/2026
P085;selsun cond nourishing;Selsun;Conditioner;33300;100;GR;selenium sulfide hydrolized protein prunus dulcis oil dan provitamin b5;"[""dimethicone"", ""amodimethicone"", ""lactic acid"", ""panthenol"", ""simmondsia chinensis seed oil"", ""tocopheryl acetate"", ""retinyl palmitate""]";https://www.watsons.co.id/id/selsun-selsun-cond-nourishing-100gr/p/BP_70344;02/04/2026
P086;hair tonic micellar hairfall control;Dove;Hair Tonic;46900;75;ml;water, oleth-20, phenoxyethanol, glycerin, caprylyl glycol, perfume, disodium edta, zinc sulfate heptahydrate, hydrolyzed yeast protein, urea, sodium benzoate, disodium phosphate, sodium hydroxide, potassium sorbate, biotin, citric acid, ceramide ng;"[""simmondsia chinensis seed oil"", ""hydrolyzed wheat protein"", ""rosmarinus officinalis leaf oil"", ""glycerin""]";https://www.watsons.co.id/id/dove-hair-tonic-micellar-hairfall-control-75ml/p/BP_64364;02/04/2026
P087;creambath biotin haifall control;Dove;Creambath;73000;300;g;water, cetearyl alcohol, behentrimonium chloride, glycerin, dimethicone, perfume, dipropylene glycol, citric acid, sodium benzoate, amodimethicone, sodium gluconate, sodium citrate, disodium edta, cetrimonium chloride, phenoxyethanol, peg-7 propylheptyl ether, zinc sulfate heptahydrate, ceramide ng, urea, hydrolyzed yeast protein, biotin, disodium phosphate, potassium sorbate;"[""glycerin"", ""amodimethicone"", ""argania spinosa kernel oil""]";https://www.watsons.co.id/id/dove-creambath-biotin-haifall-control-300g/p/BP_66723;02/04/2026
P088;pro-v shampoo anti lepek;Pantene;Shampoo;28900;135;ml;water, sodium laureth sulfate, cocamidopropyl betaine, sodium chloride, sodium xylenesulfonate, sodium citrate, fragrance, dimethiconol, citric acid, sodium benzoate, guar hydroxypropyltrimonium chloride, tetrasodium edta, panthenol, histidine, methylchloroisothiazolinone, methylisothiazolinone;"[""argania spinosa kernel oil""]";https://www.watsons.co.id/id/pantene-pro-v-shampoo-anti-lepek-135ml/p/BP_73609;02/04/2026
P089;miracles intensive bond repair hair mask;Pantene;Hair Mask;88000;300;ml;water, cetearyl alcohol, dimethicone, behentrimonium chloride, glycerin, fragrance, hydrolyzed keratin, panthenol, various oils, preservatives and other conditioning agents;"[""menthol"", ""salicylic acid"", ""panthenol"", ""niacinamide"", ""glycyrrhiza glabra root extract"", ""panax ginseng root extract"", ""glycerin"", ""glycerin"", ""centella asiatica extract"", ""glycerin"", ""ceramide np""]";https://www.watsons.co.id/id/pantene-miracles-intensive-bond-repair-hair-mask-300-ml/p/BP_67033;02/04/2026
P090;tresemme conditioner for bleached hair color radiance & repair;TRESemmé;Conditioner;99360;250;ml;water, cetearyl alcohol, dimethicone, behentrimonium chloride, perfume, dipropylene glycol, strearamidopropyl dimethylamine, amodimethicone, sodium chloride, lactic acid disodium edta, phenoxyethanol, peg-7 propylheptyl ether, cetrimonium chloride, cyclotetrasiloxane, magnesium nitrate, helianthus annuus seed oil, glycine soja phytoplacenta extract, sodium sulfate, methylchloroisothiazolinone, magnesium chloride, methylisothiazolinone, glycerin, acetic acid, calcium chloride, ci 60730;"[""dimethicone"", ""hydrolyzed keratin"", ""sodium hyaluronate"", ""keratin"", ""hydrolyzed collagen"", ""hydrolyzed keratin"", ""panthenol"", ""hydrolyzed keratin"", ""ceramide np"", ""argania spinosa kernel oil"", ""ceramide np"", ""ceramide np"", ""dimethicone"", ""glycerin"", ""lactic acid"", ""tocopherol""]";https://www.sociolla.com/conditioner/48649-kem-xa-color-radiance-and-repair-toc-tay;02/04/2026
P091;hair mask pro keratin complex hair repair tube;Ellips;Hair Mask;56810;120;g;aqua, cetearyl alcohol, dimethicone, cetyl esters, potato starch modified, steartrimonium chloride, amodimethicone, fragrance, dimethiconol, phenoxyethanol, benzyl alcohol, sodium benzoate, isopropyl alcohol, hydrolyzed vegetable protein, lactic acid, cyclotetrasiloxane, panthenol, simmondsia chinensis seed oil, cetrimonium chloride, tocopheryl acetate, cyclopentasiloxane, dimethyl palmitamine, soybean oil, retinyl palmitate, ascorbyl palmitate;"[""dimethicone"", ""glycerin"", ""dimethicone"", ""amodimethicone"", ""lactic acid"", ""hydrolyzed keratin"", ""hydrolyzed keratin"", ""hydrolyzed keratin"", ""tocopherol"", ""hydrolyzed silk"", ""ceramide np"", ""hydrolyzed collagen"", ""keratin"", ""argania spinosa kernel oil"", ""ceramide np"", ""ceramide np"", ""hydrolyzed collagen""]";https://www.sociolla.com/hair-mask/28614-hair-mask-pro-keratin-complex-hair-repair-tube;02/04/2026
P092;hair xpert oil treatment for hair fall;Safi;Hair Oil;64500;100;ml;mineral oil;"[""dimethicone"", ""glycerin"", ""panthenol""]";https://www.sociolla.com/shampoo/26645-veggie-pro-nourishing-shampoo;02/04/2026
P093;veggie pro nourishing shampoo;The Bath Box;Shampoo;185000;200;ml;water, cetyl alcohol, behentrimonium methosulfate, caprylic capric triglyceride, honey, simmondsia chinensis seed oil, polyester-37, hydrolyzed vegetable protein pg-propyl silanetriol, hydrogenated polydecene, hydrolyzed vegetable protein, hydrolyzed pea protein, citrus sinensis peel oil, rosmarinus officinalis leaf oil, lavandula angustifolia oil, cananga odorata flower oil, pelargonium graveolens oil, butylene glycol, polyquaternium-37, polyquaternium-47, trisodium ethylenediamine disuccinate, trideceth-6, disodium edta, sodium benzoate, potassium sorbate, phenoxyethanol, ethylhexylglycerin, citric acid;"[""dimethicone"", ""glycerin"", ""panthenol""]";https://www.sociolla.com/shampoo/26645-veggie-pro-nourishing-shampoo;02/04/2026
P094;smooth intense hair spa mask;L'Oreal Paris;Hair Mask;90000;200;ml;aqua water, cetearyl alcohol, behentrimonium chloride, glycerin, amodimethicone, cetyl esters, potato starch modified, isopropyl alcohol, phenoxyethanol, argania spinosa kernel oil, trideceth-6, chlorhexidine dihydrochloride, xylose, camelina sativa seed oil, limonene, linalool, benzyl alcohol, benzyl salicylate, alpha-isomethyl ionone, geraniol, cetrimonium chloride, butylphenyl methylpropional;"[""glycerin"", ""panthenol"", ""glycerin"", ""butyrospermum parkii"", ""olea europaea oil"", ""calendula officinalis extract"", ""hydrolyzed keratin""]";https://www.sociolla.com/hair-mask/10237-smooth-intense-hair-spa-mask;02/04/2026
P095;calm & cool refresh hair oil;Ree Derma Wellness;Hair Oil;209000;100;ml;lauric acid, myristic acid, palmitic acid, caprylic acid, oleic acid, capric acid, stearic acid, linoleic acid, lavandula angustifolia oil, mentha piperita oil, eucalyptus radiata leaf stem oil, caproic acid, zingiber cassumunar root oil;"[""glycerin"", ""panthenol"", ""niacinamide"", ""tocopheryl acetate"", ""argania spinosa kernel oil"", ""hydrolyzed keratin""]";https://www.sociolla.com/hair-oil/75541-calm-and-cool-refresh-hair-oil;02/04/2026
P096;clarify cleanse hair oil;Ree Derma Wellness;Hair Oil;220000;100;ml;lauric acid, myristic acid, cinnamomum cassia bark, palmitic acid, caprilyc acid, oleic acid, capric acid, stearic acid, linoleic acid, cinnamomum cassia leaf oil, caproic acid, rosmarinus ocinalis flower oil, eugenia caryophyllus bud oil, foeniculum vulgare dulce fruit oil, illicium verum oil;"[""panthenol"", ""glycerin""]";https://www.sociolla.com/hair-oil/75543-clarify-cleanse-hair-oil;02/04/2026
P097;nourishing hair serum;Djamujamu;Hair Serum;175500;45;ml;diethylhexyl carbonate, caprylic capric triglyceride, oleyl erucate, argania spinosa kernel oil, prunus amygdalus dulcis oil, aleurites moluccanus seed oil, pelargonium graveolens flower oil, citrus limon fruit oil;"[""glycerin"", ""allantoin"", ""niacinamide""]";https://www.sociolla.com/hair-serum/74233-nourishing-hair-serum;02/04/2026
P098;black bean anti hair loss shampoo;Nature Republic;Shampoo;265000;300;ml;water, coco-betaine, tea-cocoyl glutamate, disodium laureth sulfosuccinate, sodium lauroyl methylaminopropionate, sodium lauroyl methyl isethionate, polyquaternium-10, caprylyl glycol, menthol, ppg-3 myristyl ether, rehmannia chinensis root extract, citrus nobilis peel extract, pentasodium pentetate, salicylic acid, panthenol, mentha arvensis leaf oil, citrus aurantifolia oil, butylene glycol, mentha arvensis extract, niacinamide, 1, 2-hexanediol, chrysanthemum zawadskii extract, glycyrrhiza glabra root extract, lycium chinense fruit extract, biota orientalis leaf extract, acorus calamus root extract, morus alba bark extract, xanthium strumarium fruit extract, panax ginseng root extract, acacia senegal gum, peat water, glycerin, citric acid, hydroxypropyl methylcellulose, ethylhexylglycerin, centella asiatica leaf extract, glycine soja seed extract, vaccinium angustifolium fruit extract, rubus fruticosus fruit extract, ribes nigrum fruit extract, nigella sativa seed extract, oryza sativa extract, sesamum indicum seed extract, salvia hispanica seed extract, potassium sorbate, hydrogenated lecithin, ethylhexylglycerin, ceramide np, propolis extract;"[""glycerin"", ""allantoin"", ""niacinamide"", ""allantoin""]";https://www.sociolla.com/hair-serum/74233-nourishing-hair-serum;02/04/2026
P099;extra damage repair hair mask;Moist Diane;Hair Mask;105910;150;gr;water, cetearyl alcohol, dimethicone, bis-behenyl isostearyl phytosteryl dimer dilinoleyl dimer dilinoleate, steartrimonium chloride, ethylhexyl palmitate, steardimonium hydroxypropyl hydrolyzed keratin, propanediol, quaternium-33, gamma-docosalactone, glucose, butylene glycol, hydroxyproline, prunus domestica seed extract or prunus domestica seed oil, alanine, hydrolyzed honey protein, sodium hyaluronate, hydroxypropyltrimonium hyaluronate, sodium pca, keratin, hydrolyzed conchiolin protein, malus domestica fruit cell culture extract, rhododendron ferrugineum leaf cell culture extract, collagen, isomalt, hydrolyzed keratin, hydrolyzed hyaluronic acid, cetearamidoethyl diethonium hydrolyzed rice protein, panthenol, polyglyceryl-2 isostearate dimer dilinoleate copolymer, isononyl isononanoate, isostearoyl hydrolyzed keratin, bis-ethoxydiglycol cyclohexane 1, 4-dicarboxylate, pouteria sapota seed oil, shorea stenoptera seed butter, sclerocarya birrea seed oil, theobroma grandiflorum seed butter, mangifera indica seed oil, ceramide ng, argania spinosa kernel oil, glycine soja sterols, ceramide 5, ceramide np, ceramide ap, ceramide eop, carapa guaianensis seed oil, adansonia digitata seed oil, opuntia ficus-indica seed oil, bis- dimethicone, sodium lactate, cholesterol, argania spinosa callus culture extract, peg-90m, xanthan gum, glyceryl tri-hydrogenated rosinate [c] hydrogenated glyceryl dehydroabietate tetrahydroabietate, lecithin, dicocodimonium chloride, quaternium-18, behentrimonium chloride, isopropyl alcohol, propylene glycol, glycerin, lactic acid, tocopherol, disodium edta, phenoxyethanol, sodium benzoate, fragrance, caramel;"[""dimethicone"", ""tocopheryl acetate"", ""niacinamide"", ""aesculus hippocastanum seed extract"", ""retinyl palmitate"", ""panthenol"", ""zinc gluconate"", ""caffeine"", ""biotin""]";https://www.sociolla.com/hair-mask/64182-extra-damage-repair-hair-mask;02/04/2026
P100;extra smooth & straight hair mask;Moist Diane;Hair Mask;105910;150;gr;aqua, cetearyl alcohol, dimethicone, glycerin, ethylhexyl palmitate, steartrimonium chloride, polyglyceryl-2 isostearate dimer dilinoleate copolymer, fragrance components and finished fragrances, dicocodimonium, chloride, phenoxyethanol, ppg-3 caprylyl ether, bis-, dimethicone, behenyl alcohol, isopropyl alcohol, glucose, amodimethicone, caramel, disodium edta, peg-90m, lactic acid, sodium lactate, o-cymen-5-ol, sodium benzoate, acetyl cysteine, oenocarpus bataua fruit oil, propylene glycol, ascorbyl tetraisopalmitate, hydrolyzed keratin, glyoxylic acid, butylene glycol, alcohol, propanediol, schinziophyton rautanenii kernel oil, pouteria sapota seed oil, shorea stenoptera seed butter, chenopodium quinoa seed oil, isostearic acid, quaternium-18, sodium lauraminopropionate, hydroxypropyltrimonium hydrolyzed keratin, laurdimonium hydroxypropyl hydrolyzed keratin, cetearamidoethyl diethonium hydrolyzed rice protein, tocopherol, prunus domestica seed extract, sclerocarya birrea seed oil, theobroma grandiflorum seed butter, mangifera indica seed oil, carapa guaianensis seed oil, adansonia digitata seed oil, quaternium-33, citric acid, cholesterol, hydrolyzed silk pg-propyl methylsilanediol, behentrimonium chloride, hydrolyzed quinoa, gamma-docosalactone, ceramide ng, adansonia digitata seed oi, alcohol denat, isomalt, isostearoyl hydrolyzed collagen, terminalia ferdinandiana fruit extract, keratin, argania spinosa kernel oil, soybean sterol, cellulose gum, ceramide as, hydrolyzed conchiolin protein, sodium bicarbonate, malus domestica fruit cell culture extract, benzyl alcohol, potassium sorbate, ceramide np, ceramide ap, xanthan gum, lecithin, argania spinosa callus culture extract, ceramide eop, gold, collagen, silver;"[""argania spinosa kernel oil"", ""keratin"", ""sodium hyaluronate"", ""simmondsia chinensis seed oil""]";https://www.sociolla.com/hair-mask/74478-extra-smooth-and-straight-hair-mask;02/04/2026
P101;hair mist fresh & smooth;Ellips;Hair Mist;27200;100;ml;aqua, alcohol denat, fragrance, polyglyceryl-10 isostearate, peg-12 dimethicone, glycerin, cetrimonium chloride, isopropyl alcohol, ppg-2 methyl ether, sodium benzoate, propanediol, salix alba bark extract, panthenol, disodium edta;"[""dimethicone"", ""argania spinosa kernel oil"", ""tocopheryl acetate"", ""keratin""]";https://www.sociolla.com/hair-mist/78053-ellips-hair-mist-fresh-and-smooth-100ml;2/28/2026
P102;hair mist sweet&silky;Ellips;Hair Mist;27200;100;ml;aqua, alcohol denat, fragrance, polyglyceryl-10 isostearate, peg-12 dimethicone, glycerin, cetrimonium chloride, isopropyl alcohol, ppg-2 methyl ether, sodium benzoate, propanediol, panthenol, salix alba bark extract, disodium edta;"[""amodimethicone"", ""glycerin"", ""menthol"", ""lactic acid"", ""hydrolyzed keratin""]";https://www.sociolla.com/hair-mist/78052-ellips-hair-mist-sweet-and-silky-100ml;2/28/2026
P103;silky & protect care hair mist;Grace and Glow;Hair Mist;61813;100;ml;aqua water, glycerin, peg-40 hydrogenated castor oil, fragrance, parfum, aroma, phenoxyethanol, silk extract, chlorphenesin, panthenol, dexpanthenol, ethylhexylglycerin, disodium edta, butylene glycol, propylene glycol, anthemis nobilis flower extract, sclerocarya birrea fruit extract, butyrospermum parkii butter, olea europaea fruit oil, helianthus annuus seed oil, hydroxyacetophenone, calendula officinalis flower extract, hydrolyzed keratin;"[""amodimethicone"", ""hydrolyzed collagen"", ""dimethicone""]";https://www.sociolla.com/hair-mist/69344-silky-hair-mist;2/28/2026
P104;daisy hair vitamin mist;Grace and Glow;Hair Mist;61813;100;ml;aqua, alcohol denat, fragrance, glycerin, peg-40 hydrogenated castor oil, panthenol, niacinamide, tocopheryl acetate, argania spinosa kernel oil, hydrolyzed keratin, sodium benzoate, potassium sorbate, disodium edta, citric acid;"[""piroctone olamine"", ""panthenol"", ""menthol"", ""tocopheryl acetate"", ""chamomilla recutita extract"", ""retinyl palmitate"", ""arginine"", ""lactic acid"", ""biotin""]";https://www.sociolla.com/hair-mist/69343-daisy-hair-vitamin-mist;2/28/2026
P105;hair mistion! enchanted floral;Wonderlux;Hair Mist;67500;100;ml;water, trideceth-9, fragrance components and finished fragrance, peg-40 hydrogenated castor oil, propanediol, phenoxyethanol, caprylic capric triglyceride, ethoxydiglycol, pentaclethra macroloba seed oil, polysorbate 20, sodium pca, chlorphenesin, d-panthenol, disodium edta, o-cymen-5-ol, hydroxypropyl gluconamide, hydroxypropyl ammonium gluconate, polyquaternium-7, glycerin, magnolia officinalis bark extract, zingiber officinale root extract, hydrolyzed jojoba esters, tartaric acid, benzyl alcohol, sodium benzoate, potassium sorbate;"[""amodimethicone"", ""glycerin""]";https://www.sociolla.com/hair-mist/87297-enchanted-floral-smooth-nourishment-hair-mist;2/28/2026
P107;perfect day perfume hair vitamin mist;Hairoic;Hair Mist;12600;50;gr;hair moisturizing agent, vitamin b5, glycerin, aloe vera extract, allantoin), hair nutrition, niacinamide), soothing agent ), heat protectant, blooming fragrance;"[""dimethicone"", ""lactic acid"", ""arginine"", ""salicylic acid"", ""amodimethicone"", ""glycerin""]";https://www.sociolla.com/hair-mist/91176-perfect-day-perfume-hair-vitamin-mist;2/28/2026
P108;euphoria hair perfume hair vitamin mist;Hairoic;Hair Mist;12600;50;gr;hair moisturizing agent: vitamin e, vitamin c, vitamin b5, glycerin, aloe vera extract, allantoin, hair nutrition: vitamin e, vitamin b5, niacinamide, soothing agent: allantoin, aloe vera extract, vitamin b5, heat protectant: triple shaft protection, blooming fragrance;"[""aesculus hippocastanum seed extract"", ""menthol""]";https://www.sociolla.com/hair-mist/91177-euphoria-hair-perfume-hair-vitamin-mist;2/28/2026
P109;[exclusive] makarizo hair energy scentsations hair fragrance;Makarizo;Hair Mist;51600;100;ml;alcohol, aqua, parfum, peg-40 hydrogenated castor oil, soyethyl morpholinium ethosulfate, peg-12 dimethicone, panthenyl ethyl ether, phytantriol, tocopheryl acetate, benzophenone-4, glycine soja oil, niacinamide, aesculus hippocastanum seed extract, yeast extract, ammonium glycyrrhizate, retinyl palmitate, panthenol, zinc gluconate, caffeine, ascorbyl palmitate, biotin;"[""niacinamide"", ""glycerin"", ""panthenol"", ""aloe barbadensis leaf extract"", ""adenosine"", ""oleanolic acid"", ""biotinoyl tripeptide-1"", ""arginine""]";https://www.sociolla.com/hair-mist/88553-exclusive-makarizo-hair-energy-scentsations-hair-fragrance;2/28/2026
P110;keratin layered oil mist;La'dor;Hair Mist;195500;130;ml;water, siklopentasiloksan, sikloheksasiloksan, c12-15 alkil benzoat, coco- caprilat caprate, parfum, alkohol, argania spinosa kernel oil, sodiumbenzoat, sodium klorida, tokoferol asetat, etilheksilgliserin, persea gratissima oil, elastin terhidrolisis, butilen glikol, hexyl cinnamal, limonene, asamsitrat, disodium edta, keratin terhidrolisis, sodium sitrat, ethylhexyl methoxycinnamate, 1, 2-hexanediol, hydroxycitronellal, alpha-isomethyl ionone, ekstrak daun melia azadirachta, silk terhidrolisis, ekstrak bunga melia azadirachta, citronellol, linalool, ekstrak buah coccinia indica, phenoxyethanol, geraniol, ekstrak bunga aloe barbadensis, ekstrak cetraria iilandica, sodium hyaluronat, ekstrak buah solanum melongena, minyak sayur, citral, ekstrak buah gardenia florida, simmondsia chinensis seed oil, ekstrak bunga viola mandshurica, ekstrak corallina officinalis, ekstrak akar curcuma longa, ekstrak daun ocimum sanctum, tokoferol, asamhyaluronat, asam hyaluronat terhidrolisis, hydroxypropyltrimonium;"[""dimethicone"", ""glycerin"", ""panthenol"", ""tocopheryl acetate"", ""sodium hyaluronate"", ""sodium hyaluronate"", ""sodium hyaluronate""]";https://www.sociolla.com/hair-mist/83394-keratin-layered-oil-mist;2/28/2026
P112;camellia essential hair oil serum;Innisfree;Hair Oil;91200;100;ml;cyclopentasiloxane, isododecane, dimethiconol, camellia japonica seed oil, c12-15 alkyl benzoate, fragrance parfum, glycolipids;"[""panax ginseng root extract"", ""panthenol"", ""argania spinosa kernel oil"", ""glycerin"", ""menthol"", ""oleanolic acid"", ""biotinoyl tripeptide-1""]";https://www.sociolla.com/hair-oil/55591-camellia-essential-hair-oil-serum;2/28/2026
P114;perfumed hair oil osmanthus;La'dor;Hair Oil;287000;80;ml;cyclopentasiloxane, c12-15 alkyl benzoate, dimethiconol, dimethicone, argania spinosa kernel oil, limnanthes alba seed oil, cyclohexasiloxane, camellia japonica seed oil, corylopsis coreana extract, water, lactobacillus rice ferment, angelica koreana root extract, tocopheryl acetate, butylene glycol, 1, 2-hexanediol, keratin, elastin, gelatin, fragrance, citronellol, geraniol, citral;"[""argania spinosa kernel oil"", ""simmondsia chinensis seed oil"", ""olea europaea oil""]";https://www.sociolla.com/hair-oil/75978-lad-hc-lphoom801?size=80ml;2/28/2026
P115;hair energy fibertherapy hair & scalp creambath royal jelly;Makarizo;Creambath;86730;500; gr;water, cetearyl alcohol, mineral oil, ethylhexyl palmitate, propylene glycol, cetyl esters, behentrimonium chloride, cetrimonium chloride, fragrance, amodimethicone, ceteareth-20, bis pg glycerin, dmdm hydantoin, royal jelly, ci 12490, c14-15 alcohols, steartrimonium chloride, trideceth-12, trideceth-10, ci 15985, menthol, phenoxyethanol, butylene glycol, menthyl lactate, lactic acid, ci 16255, iodopropynyl butylcarbamate, passiflora edulis seed oil, cyclotetrasiloxane, isotridecanol, rice bran oil, hydrolyzed keratin, magnesium nitrate, euterpe oleracea fruit oil, methylchloroisothiazolinone, magnesium chloride, methylisothiazolinone;"[""argania spinosa kernel oil"", ""olea europaea oil"", ""simmondsia chinensis seed oil""]";https://www.sociolla.com/hair-lotion/28148-hair-energy-fibertherapy-hair-and-scalp-creambath-royal-jelly?size=500_gr;2/28/2026
P116;texture experience creambath black chocolate deeply moisturizing treatment;Makarizo Professional;Creambath;203625;500; gr;water, cetearyl alcohol, cetyl esters, isopropyl myristate, behentrimonium chloride, paraffinum liquidum, fragrance, cyclopentasiloxane, diglycerin, ethylhexyl palmitate, ceteareth-20, amodimethicone, hydrolyzed collagen extract, cetrimonium chloride, isopropyl alcohol, distearyldimonium chloride, propylene glycol, polyquaternium-47, cocoa extract, cyclotetrasiloxane, trideceth-12, 5-bromo-5-nitro-1, 3-dioxane, 1, 2-hexanediol, phenyl trimethicone, sodium benzoate, c12-15 alkyl benzoate, dimethicone crosspolymer, dimethiconol, dimethyl palmitamine, colorants ;"[""dimethicone"", ""arginine"", ""zinc pca""]";https://www.sociolla.com/hair-mask/28162-texture-experience-creambath-black-chocolate-deeply-moisturizing-treatment?size=500%20gr;2/28/2026
P117;nr  treatment dam-care creambath;Nature Republic;Creambath;92900;500; gr;aqua, isopropyl alcohol, fragrance, triticum vulgare germ oil, peg-40 hydrogenated castor oil, piroctone olamine, sodium salicylate, propylene glycol, d-panthenol, citric acid, menthol, camphor, tocopheryl acetate, lysine, methionine, chamomilla recutita flower extract, glucose, glycine, linoleic acid, retinyl palmitate, arginine, leucine, histidine, proline, valine, lactic acid, serine, sodium benzoate, ci 42090, urtica dioica extract, betula alba leaf extract, equisetum arvense extract, capric acid, potassium sorbate, caramel, tartaric acid, ci 17200, biotin, riboflavin;"[""dimethicone"", ""olea europaea oil"", ""argania spinosa kernel oil"", ""tocopheryl acetate""]";https://www.tokopedia.com/probeautycare/nr-treatment-dam-care-creambath-500-g-1729560468939638829?extParam=ivf%3Dfalse%26keyword%3Dcreambath%26search_id%3D202602280537587F100B7B36092F163K8D%26src%3Dsearch&t_id=1772258000446&t_st=3&t_pp=search_result&t_efo=search_pure_goods_card&t_ef=goods_search&t_sm=&t_spt=search_result;2/28/2026
P118;loreal hair spa creambath 500ml hairspa -;L'Oreal Paris;Creambath;200000;500; gr;water, cetearyl alcohol, behentrimonium chloride, peg-180, amodimethicone, glycerin, cetyl esters, isopropyl alcohol, phenoxyethanol, fragrance, hydroxyethylcellulose, menthoxypropanediol, chlorhexidine dihydrochloride, cetrimonium chloride, hexyl cinnamal, linalool, propanediol, nymphaea alba flower extract;"[""aminexil"", ""caffeine"", ""arginine""]";https://www.tokopedia.com/tokoharky/loreal-hair-spa-creambath-500ml-hairspa-kemasan-baru-smooth-500ml-02f4a?extParam=ivf%3Dfalse%26keyword%3Dcreambath%26search_id%3D202602280537587F100B7B36092F163K8D%26src%3Dsearch&t_id=1772258000446&t_st=4&t_pp=search_result&t_efo=search_pure_goods_card&t_ef=goods_search&t_sm=&t_spt=search_result;2/28/2026
P119;salon daily creambath;Makarizo Professional;Creambath;101175;500; ml;water, cetearyl alcohol, behentrimonium chloride, cetyl esters, isopropyl myristate, peg-40 hydrogenated castor oil, propylene glycol, glycerin, amodimethicone, cyclopentasiloxane, dimethicone, dimethiconol, hydrolyzed keratin, hydrolyzed collagen, tocopheryl acetate, panthenol, camellia sinensis leaf extract, citrus aurantium dulcis fruit extract, equisetum arvense extract, urtica dioica extract, salvia officinalis extract, panax ginseng root extract, argania spinosa kernel oil, persea gratissima oil, butyrospermum parkii butter, phenoxyethanol, fragrance, ethylhexylglycerin, disodium edta, sodium benzoate, potassium sorbate, ci 19140, ci 15985, ci 17200;"[""dimethicone"", ""panthenol"", ""lactic acid"", ""hydrolyzed wheat protein"", ""dimethicone""]";https://www.sociolla.com/hair-lotion/28179-salon-daily-creambath?size=500_ml;2/28/2026
P120;fall resist 3x anti hair-fall shampoo;L'Oreal Paris;Shampoo;79900;280; ml;aqua, sodium laureth sulfate, cocamidopropyl betaine, dimethicone, sodium chloride, ci 77891, guar hydroxypropyltrimonium chloride, mica, coco-betaine, sodium benzoate, sodium hydroxide, phenoxyethanol, steareth-6, acetic acid, arginine, peg-100 stearate, trideceth-10, trideceth-3, salicylic acid, limonene, fumaric acid, linalool, benzyl alcohol, benzyl salicylate, amodimethicone, alpha-isomethyl ionone, parfum, carbomer, citric acid, citronellol, hexylene glycol, glycerin, glycol distearate ;"[""amodimethicone"", ""glycerin"", ""dimethicone"", ""hydrolyzed silk"", ""hydrolyzed keratin"", ""ascorbic acid"", ""tocopheryl acetate"", ""panthenol"", ""niacinamide"", ""biotin""]";https://www.sociolla.com/shampoo/24665-fall-resist-3x-anti-hair-fall-shampoo?size=280%20ml;2/28/2026
P121;hair tonic concentrate;Varesse;Hair Tonic;225000;60; ml;water, ethanol, propylene glycol, peg hydrogenated castor oil, panax ginseng radix extract, sophora angustifolia root extract, aesculus hippocastanum seed extract, perfume, sodium salicylate, dipotassium glycyrrhizinate, phenoxyethanol, methylparaben, menthol, vitamin h, vitamin f, vitamin a palmitate, vitamin e, vitamin b5, vitamin b8, polysorbate 20, peg-35 castor oil, disodium edta;"[""argania spinosa kernel oil"", ""tocopheryl acetate"", ""hydrolyzed keratin""]";https://www.sociolla.com/hair-tonic/51446-hair-tonic-concentrate?size=60_ml;2/28/2026
P123;organic hair & scalp treatment oil  power 10+;Eucalie;Scalp Serum;127500;45; ml;certified organic ingredients: candlenut oil, green tea seed oil, castor oil, virgin coconut oil, argan oil, jojoba oil, olive oil, sweet almond oil, sunflower seed oil, grape seed oil, vitamin a, vitamin c, vitamin d;"[""dimethicone"", ""glycerin"", ""panthenol"", ""arginine"", ""lactic acid"", ""tocopheryl acetate"", ""hydrolyzed collagen"", ""niacinamide"", ""sodium ascorbyl phosphate"", ""sodium hyaluronate"", ""sodium hyaluronate"", ""sodium hyaluronate"", ""oleanolic acid"", ""biotinoyl tripeptide-1""]";https://www.sociolla.com/hair-oil/54631-organic-hair-and-scalp-treatment-oil-power-10;2/28/2026
P124;drop dead growgeous! densifying hair scalp serum;Wonderlux;Scalp Serum;160950;75;ml;aqua, butylene glycol, 2, 4-diamino-pyrimidine-3-oxide ), ammonium polyacryloyldimethyl taurate, niacinamide, propanediol, oryza sativa bran water, glycerin, panthenol, zingiber officinale extract, phenoxyethanol, chlorphenesin, nasturtium officinale flower leaf extract, ppg-26-buteth-26, peg-40 hydrogenated castor oil, aloe barbadensis extract, pisum sativum sprout extract, sodium benzoate, magnesium ascorbyl phosphate, hydrolyzed corn protein, glycine, apigenin, adenosine, serine, glutamic acid, oleanolic acid, aspartic acid, leucine active ingredient 000071, biotinoyl tripeptide-1, alanine, arginine, tyrosine, phenylalanine, threonine, proline, valine, isoleucine, carnitine;"[""dimethicone"", ""glycerin"", ""panthenol"", ""arginine"", ""lactic acid"", ""tocopheryl acetate"", ""hydrolyzed collagen"", ""niacinamide"", ""sodium ascorbyl phosphate"", ""sodium hyaluronate"", ""sodium hyaluronate"", ""sodium hyaluronate"", ""oleanolic acid"", ""biotinoyl tripeptide-1""]";https://www.sociolla.com/hair-serum/78251-drop-dead-growgeous-densifying-hair-scalp-serum;2/28/2026
P125;silver screen conditioner;conditioner;Scalp Serum;96240;250;ml;aqua, polyquaternium-7, behentrimonium chloride, dimethicone, cetearyl alcohol, perfume, glycerin, dioleyl phosphate, oleth-5 phosphate, caprylic capric triglyceride, hydroxyethylcellulose, phenoxyethanol, isopropyl alcohol, polyquaternium-10, cetrimonium chloride, bht, panthenol, disodium edta, sodium metabisulfite, citric acid, sunflower oil, tocopheryl acetate, 1, 2-hexanediol, sodium hyaluronate, hyaluronic acid, hydrolyzed hyaluronic acid, hydrolyzed sodium hyaluronate, hydroxypropyltrimonium hyaluronate, potassium hyaluronate, , peg-9 diglycidyl ether sodium hyaluronate crosspolymer, sodium acetylated hyaluronate, ci 60730;"[""panthenol"", ""melaleuca alternifolia oil""]";https://www.sociolla.com/conditioner/79469-silver-screen-conditioner-250ml;2/28/2026
P126;kundal refreshing watery serum;Kundal;Hair Serum;132750;100;ml;cyclopentasiloxane, dimethiconol, dimethicone, phenyl propyl trimethicone, alcohol, hydrogenated coconut oil, macadamia integrifolia seed oil, water, camellia japonica seed oil, cocos nucifera oil, pyrus malus seed oil, adansonia digitata seed oil, moringa oleifera seed oil, tocopherol, biotin, panthenol, dextrin, moringa oleifera seed extract, maltodextrin, hydrolyzed hibiscus esculentus extract, 1, 2-hexanediol, houttuynia cordata extract, glycerin, butylene glycol, sodium hyaluronate, hydroxypropyltrimonium hyaluronate, sodium acetylated hyaluronate, hydrolyzed hyaluronic acid, ethylhexylglycerin, hyaluronic acid, sodium hyaluronate crosspolymer, hydrolyzed sodium hyaluronate, potassium hyaluronate, fragrance;"[""panthenol"", ""aloe barbadensis leaf extract"", ""tocopherol"", ""arginine""]";https://www.sociolla.com/hair-serum/81321-kundal-refreshing-watery-serum;2/28/2026
P127;kelaya hair serum;Kelaya;Hair Serum;83300;20;ml;aqua, alcohol, peg 40, sodium pca, butylene glycol, panax ginseng extract, panthenol, hydrolyzed soy protein, phenoxyethanol, argania spinosa kemel oil, sodium benzoate, pentylene glycol, glycerin, fragrance, 3 aminopropane sulfonic acid, potassium sorbate, menthol, ppg 26 buteth 26, sodium chondroitin sulfate, peg 40 hydrogenate castor oil, ci 42090, ci 17200, apigenin, oleanolic acid, biotinoyl tripeptide1;"[""panthenol"", ""glycerin"", ""aloe barbadensis leaf extract"", ""arginine""]";https://www.sociolla.com/hair-serum/88873-kelaya-hair-serum;2/28/2026
P128;serum rose perfume;Mise En Scène;Hair Serum;83300;80;ml;aqua, alcohol, peg 40, sodium pca, butylene glycol, panax ginseng extract, panthenol, hydrolyzed soy protein, phenoxyethanol, argania spinosa kemel oil, sodium benzoate, pentylene glycol, glycerin, fragrance, 3 aminopropane sulfonic acid, potassium sorbate, menthol, ppg 26 buteth 26, sodium chondroitin sulfate, peg 40 hydrogenate castor oil, ci 42090, ci 17200, apigenin, oleanolic acid, biotinoyl tripeptide1;"[""dimethicone"", ""glycerin"", ""panthenol"", ""tocopherol""]";https://www.sociolla.com/hair-serum/88873-kelaya-hair-serum;2/28/2026
P129;serum watery;Mise En Scène;Hair Serum;152150;80;ml;cyclopentasiloxane, trisiloxane, dimethiconol, c12-15 alkyl benzoate, cocos nucifera oil, fragrance parfum, coco-caprylate caprate, limonene, hydroxycitronellal, argania spinosa kernel oil, sclerocarya birrea seed oil, simmondsia chinensis seed oil, prunus armeniaca kernel oil, olea europaea fruit oil, camellia japonica seed oil, citronellol, hexyl cinnamal, linalool, geraniol, glycolipids;"[""hydrolyzed wheat protein"", ""lactic acid"", ""hydrolyzed silk""]";https://www.sociolla.com/hair-serum/83500-serum-watery;2/28/2026
P130;perfect serum super rich;Mise En Scène;Hair Serum;152150;80;ml;cyclopentasiloxane, dimethiconol, disiloxane, isododecane, c12-15 alkyl benzoate, cocos nucifera oil, fragrance parfum, argania spinosa kernel oil, camellia japonica seed oil, coco-caprylate caprate, linalool, benzyl benzoate, prunus armeniaca kernel oil, olea europaea fruit oil, simmondsia chinensis seed oil, citronellol, geraniol, alpha-isomethyl ionone, coumarin, hexyl cinnamal, acrylates polytrimethylsiloxymethacrylate copolymer, hydroxycitronellal, glycolipids, sclerocarya birrea seed oil;"[""menthol"", ""glycerin"", ""glycerin""]";https://www.sociolla.com/hair-serum/84162-perfect-serum-super-rich;2/28/2026
P131;honey dew restructuring serum;Makarizo Professional;Hair Serum;83360;25;ml;lauryl alcohol, myristyl alcohol, cetrimonium chloride, propylene glycol, dimethicone copolyol, diglycerin, panthenyl ethyl ether, alcohol, ethanol, sodium pca, sodium lactate, arginine, aspartic acid, pca, glycine, alanine, serine, valine, proline, threonine, isoleucine, histidine, phenylalanine, ci 42090, blue no 1 blue no 4, fragrance, parfum, aroma, aqua water;"[""dimethicone"", ""glycerin"", ""ricinus communis seed oil"", ""keratin"", ""hydrolyzed collagen"", ""hydrolyzed keratin"", ""hydrolyzed collagen"", ""sodium hyaluronate"", ""argania spinosa kernel oil"", ""ceramide np"", ""ceramide np"", ""ceramide np"", ""argania spinosa kernel oil"", ""dimethicone"", ""lactic acid"", ""tocopherol""]";https://www.sociolla.com/hair-serum/28184-honey-dew-restructuring-serum;2/28/2026
P134;ultimate repair hair serum;Beamarry New York;Hair Serum;181727;110;ml;cyclopentasiloxane, isododecane ethylhexyl palmitate, dimethiconol, dimethicone parfum, olea europaea fruit oil, argania spinosa kernel oil, orbignya oleifera seed oil tocopheryl acetate, cocos nucifera seed oil butvrospermum parkilishea butter helianthus annuus seed oil, butyl avocadate;"[""glycerin"", ""dimethicone"", ""butyrospermum parkii"", ""tocopherol"", ""glycerin""]";https://www.sociolla.com/hair-serum/85237-ultimate-repair-hair-serum;2/28/2026
P135;loreal paris elseve aminexil (fall resist serum anti hair-fall);L'Oreal Paris;Hair Serum;149000;102;ml;aminexil, caffeine, arginine;"[""olea europaea oil"", ""keratin""]";https://www.sociolla.com/hair-serum/93866-l-oreal-paris-elseve-aminexil-fall-resist-serum-anti-hair-fall;2/28/2026
P136;5in1 hair vitamin milkshake;Ellips;Hair Serum;55648;45;ml;aqua, dimethicone vinyl dimethicone crosspolymer, cyclopentasiloxane, phenyl trimethicone, cetrimonium chloride, isopropyl alcohol, cocamide dea, peg-8, fragrance, c12-14 pareth-12, sodium chloride, polyquaternium-16, dmdm hydantoin, cyclotetrasiloxane, methylparaben, panthenol, lactic acid, chlorphenesin, phenoxyethanol, phenyl trimethicone, hydrolyzed wheat protein, benzoic acid, c12-15 alkyl benzoate, dimethiconol, dimethicone crosspolymer, hydrolyzed wheat starch, benzophenone-4, potassium sorbate, hydrolyzed milk protein, butylene glycol, ethylparaben, propylparaben, butylparaben;"[""hydrolyzed wheat protein"", ""lactic acid"", ""hydrolyzed silk""]";https://www.sociolla.com/hair-serum/77149-5in1-hair-vitamin-milkshake;2/28/2026
P137;tresemme keratin smooth heat protection spray with marula oil 236ml for dry hair;TRESemmé;Heat Protection;146450;236;ml;water, amodimethicone, glycerin, peg-12 dimethicone, propylene glycol, pvp, fragrance, polysorbate 20, cetrimonium chloride, dmdm hydantoin, benzophenone-4, disodium edta, hydrolyzed silk, hydrolyzed keratin, ascorbic acid, tocopheryl acetate, panthenol, niacinamide, biotin;"[""glycerin"", ""dimethicone"", ""dimethicone"", ""salicylic acid"", ""amodimethicone""]";https://www.sociolla.com/hair-vitamin/73477-tresemme-keratin-smooth-heat-protection-spray-with-marula-oil-236ml-for-dry-hair;2/28/2026
P138;keratin pro daily hair vitamin spray 100ml;CBD Professional;Hair Vitamin;70125;100;ml;cyclopentasiloxane, dimethiconol, isopropyl myristate, phenyl trimethicone, perfume, bht, argania spinosa oil, prunus amygdalus var dulcis oil, tocopheryl acetate, hydrolyzed keratin, trametes versicolor extract;"[""glycerin"", ""dimethicone"", ""dimethicone"", ""salicylic acid"", ""amodimethicone""]";https://www.sociolla.com/hair-vitamin/67660-keratin-pro-daily-hair-vitamin-spray-100ml;2/28/2026
P139;figo hair perfume aqua glow;CBD Professional;Hair Vitamin;39200;100;ml;aqua, alcohol, peg-40 hydrogenated castor oil, perfume, peg-12 dimethicone, cetrimonium chloride, phenoxyethanol, hexamethylindanopyran, diethyl phthalate, pentylene glycol, glycerin, panthenol, arginine, lactic acid, sorbitol, tocopheryl acetate, hydrolyzed jojoba esters, collagen, niacinamide, sodium ascorbyl phosphate, butylene glycol, ppg-26-buteth-26, ethylhexyl methoxycinnamate, butyl methoxydibenzoylmethane, 1, 2-hexanediol, ethylhexyl salicylate, sodium hyaluronate, hyaluronic acid, hydrolyzed hyaluronic acid, hydrolyzed sodium hyaluronate, hydroxypropyltrimonium hyaluronate, potassium hyaluronate, peg-9 diglycidyl ether sodium hyaluronate crosspolymer, sodium acetylated hyaluronate, apigenin, oleanolic acid, biotinoyl tripeptide-1;"[""dimethicone"", ""glycerin"", ""amodimethicone"", ""panthenol"", ""hydrolyzed collagen"", ""arginine""]";https://www.sociolla.com/hair-vitamin/85662-figo-hair-perfume-aqua-glow;2/28/2026
P140;figo hair perfume fairy blush;CBD Professional;Hair Vitamin;39200;100;ml;aqua, alcohol, peg-40 hydrogenated castor oil, perfume, peg-12 dimethicone, cetrimonium chloride, phenoxyethanol, hexamethylindanopyran, diethyl phthalate, pentylene glycol, glycerin, panthenol, arginine, lactic acid, sorbitol, tocopheryl acetate, hydrolyzed jojoba esters, collagen, niacinamide, sodium ascorbyl phosphate, butylene glycol, ppg-26-buteth-26, ethylhexyl methoxycinnamate, butyl methoxydibenzoylmethane, 1, 2-hexanediol, ethylhexyl salicylate, sodium hyaluronate, hyaluronic acid, hydrolyzed hyaluronic acid, hydrolyzed sodium hyaluronate, hydroxypropyltrimonium hyaluronate, potassium hyaluronate, peg-9 diglycidyl ether sodium hyaluronate crosspolymer, sodium acetylated hyaluronate, apigenin, oleanolic acid, biotinoyl tripeptide-1;"[""glycerin"", ""hydrolyzed keratin"", ""argania spinosa kernel oil"", ""salicylic acid"", ""keratin"", ""panax ginseng root extract""]";https://www.sociolla.com/hair-vitamin/85664-figo-hair-perfume-fairy-blush;2/28/2026
P141;figo hair perfume love blooms;CBD Professional;Hair Vitamin;39200;100;ml;aqua, alcohol, peg-40 hydrogenated castor oil, perfume, peg-12 dimethicone, cetrimonium chloride, phenoxyethanol, hexamethylindanopyran, diethyl phthalate, pentylene glycol, glycerin, panthenol, arginine, lactic acid, sorbitol, tocopheryl acetate, hydrolyzed jojoba esters, collagen, niacinamide, sodium ascorbyl phosphate, butylene glycol, ppg-26-buteth-26, ethylhexyl methoxycinnamate, butyl methoxydibenzoylmethane, 1, 2-hexanediol, ethylhexyl salicylate, sodium hyaluronate, hyaluronic acid, hydrolyzed hyaluronic acid, hydrolyzed sodium hyaluronate, hydroxypropyltrimonium hyaluronate, potassium hyaluronate, peg-9 diglycidyl ether sodium hyaluronate crosspolymer, sodium acetylated hyaluronate, apigenin, oleanolic acid, biotinoyl tripeptide-1;"[""glycerin"", ""tocopherol"", ""salicylic acid""]";https://www.sociolla.com/hair-vitamin/85663-figo-hair-perfume-love-blooms;2/28/2026
P142;scalp care organic hair serum;Eucalie;Scalp Serum;207200;30;ml;aqua, methyl propanediol, panthenol, pseudoalteromonas ferment extract, sorbitan caprylate, sodium lactate, propanediol, benzoic acid, disodium edta, mentha piperita oil *, melaleuca alternifolia leaf oil *, sodium citrate, phragmites karka extract, poria cocos extract, citric acid, sodium benzoate, sodium salicylate;"[""glycerin"", ""amodimethicone"", ""lactic acid"", ""tocopherol"", ""arginine""]";https://www.sociolla.com/hair-serum/94068-eucalie-scalp-care-organic-hair-serum;2/28/2026
P143;set the oil free! sensitive & oily care scalp serum;Wonderlux;Scalp Serum;112050;75;ml;aqua, caprylic capric triglyceride, lactobacillus ferment, butylene glycol, lactococcus ferment, saccharomyces ferment, propanediol, maltodextrin, farnesyl acetate, farnesol, panthenyl triacetate, panthenol, chlorphenesin, phenoxyethanol, polyacrylate crosspolymer-6, propylene glycol, 1, 2-hexanediol, schinus terebinthifolius seed extract, pelvetia canaliculata extract, aloe barbadensis extract, laminaria digitata extract, ceramide 3, glycine, tocopherol, parfum, apium graveolens seed extract, serine, glutamic acid, aspartic acid, leucine, alanine, lysine, arginine, tyrosine, phenylalanine, threonine, proline, valine, isoleucine, histidine;"[""amodimethicone"", ""dimethicone"", ""aloe barbadensis leaf extract"", ""menthol"", ""lactic acid"", ""retinyl palmitate""]";https://www.sociolla.com/hair-serum/78250-set-the-oil-free-sensitive-and-oily-care-scalp-serum;2/28/2026
P144;calm it down! sensitive & dry care scalp serum;Wonderlux;Scalp Serum;112050;75;ml;aqua, lactobacillus ferment, butylene glycol, lactococcus ferment, saccharomyces ferment, propanediol maltodextrin, panthenol, chlorphenesin, phenoxyethanol, polyacrylate crosspolymer-6, madecassoside, propylene glycol, 1, 2-hexanediolschinus terebinthifolius seed extract, glycerin, pelvetia canaliculata extract, pogostemon cablin leaf extract, aloe barbadensis extract, laminaria digitata extract, ceramide 3, glycine, serine, glutamic acid, aspartic acid, leucine, alanine, lysine, arginine, tyrosine, phenylalanine, threonine, proline, valine, isoleucine, histidine;"[""dimethicone"", ""glycerin"", ""amodimethicone"", ""panthenol"", ""hydrolyzed collagen"", ""arginine""]";https://www.sociolla.com/hair-serum/79840-calm-it-down-sensitive-and-dry-care-scalp-serum;2/28/2026
P145;color shield conditioner 250ml;CBD Professional;Conditioner;52800;250;ml;aqua, cetearyl alcohol, dimethicone, behentrimonium, chloride, glycerin, glyceryl stearate, hydroxypropyl starch phosphate, perfume, phenoxyethanol, cetrimonium chloride, peg-100 strearate, isopropanol, benzotriazolyl dodecyl p-cresol, bht, disodium edta, panthenol, sodium metabisulfite, punica granatum fruit extract, propylene glycol, aminomethyl propanol, citric acid, alcohol, peg-40 hydrogenated castor oil, tocopherol, dmdm hydantoin, vitis vinifera seed extract;"[""amodimethicone"", ""dimethicone"", ""retinyl palmitate""]";https://www.sociolla.com/hair-tonic/28181-salon-daily-redensifying-hair-tonic-spray-bottle;2/28/2026
P146;osweet singapore amino acid protein conditioner;O'sweet Singapore;Conditioner;166470;100;ml;hydrolyzed wheat protein, lactic acid, propylparaben, sodium lauroyl hydrolyzed silk, trideceth-12, aqua, behentrimonium chloride, cetearyl alcohol, cetrimonium chloride, cetyl alcohol, hydroxyethylcellulose, methylisothiazolinone, methylparaben, parfum, snail secretion filtrate, zingiber officinale extract, hyaluronic acid;"[""glycerin"", ""dimethicone"", ""amodimethicone"", ""dimethicone""]";https://www.sociolla.com/conditioner/88951-o-sweet-singapore-amino-acid-protein-conditioner;2/28/2026
P148;real tamanu cold pressed tamanu oil soothing scalp serum;Rated Green;Scalp Serum;299000;100;ml;alcohol denat, water, butylene glycol, octyldodeceth-16, polysorbate 20, menthol, propanediol, citrus aurantium bergamia fruit oil, pelargonium graveolens flower oil, lavandula angustifolia oil, ganoderma lucidom extract, salvia officinalis oil, pogostemon cablin oil, citrus aurantium dulcis peel oil, calophyllum inophyllum seed oil, inulin, polyquatemium-10, glycerin, polyglyceryl-10 isostearate, polyglyceryl-10 oleate, pentylene glycol, 1, 2-hexanediol, octanediol, ethylhexylglycerin, peg-60 hydrogenated castor oil, caprylyl glycol, limonene, linalool, citronellol, geraniol;"[""glycerin"", ""amodimethicone"", ""lactic acid"", ""tocopherol"", ""arginine""]";https://www.sociolla.com/hair-tonic/94661-real-tamanu-cold-pressed-tamanu-oil-soothing-scalp-serum;2/28/2026
P149;extra moist & shine hair mask;Moist Diane;Hair Mask;101150;150; gr;water, cetearyl alcohol, dimethicone, steartrimonium chloride, glycerin, ricinus communis seed oil, propanediol, quaternium-33, gamma-docosalactone, terminalia ferdinandiana fruit extract, microcitrus australasica fruit extract, glucose, butylene glycol, prunus domestica seed extract, c12-13 alkyl glyceryl hydrolyzed hyaluronate, urea, keratin, hydrolyzed conchiolin protein, hydroxypropyltrimonium hyaluronate, malus domestica fruit cell culture extract, platinum powder, collagen, hylocereus undatus fruit extract, isomalt, ppg-3 caprylyl ether, hydrolyzed keratin, hydrolyzed hyaluronic acid, hydrolyzed collagen, sodium hyaluronate, locust bean hydroxypropyltrimonium chloride, cetearamidoethyl diethonium hydrolyzed rice protein, starch hydroxypropyltrimonium chloride, polyglyceryl-2 isostearate dimer dilinoleate copolymer, ethylhexyl palmitate, pouteria sapota seed oil, cocos nucifera oil, shorea stenoptera seed butter, sclerocarya birrea seed oil, theobroma grandiflorum seed butter, mangifera indica seed oil, argania spinosa kernel oil, ceramide ng, glycine soja sterols, ceramide 5, ceramide np, ceramide ap, ceramide eop, bis-behenyl isostearyl phytosteryl dimer dilinoleyl dimer dilinoleate, carapa guaianensis seed oil, adansonia digitata seed oil, prunus armeniaca kernel oil, hydrogenated apricot kernel oil, hydrogenated argania spinosa kernel oil, hydrogenated castor oil isostearate, bis- dimethicone, dimethiconol, sodium lactate, cholesterol, sodium chloride, sodium bicarbonate, argania spinosa callus culture extract, peg-90m, cellulose gum, xanthan gum, glyceryl tri-hydrogenated rosinate, lecithin, dicocodimonium chloride, cetrimonium chloride, quaternium-18, behentrimonium chloride, trigonella foenum-graecum hydroxypropyltrimonium chloride, isopropyl alcohol, propylene glycol, alcohol denat, lactic acid, tocopherol, disodium edta, phenoxyethanol, sodium benzoate, fragrance, caramel;"[""glycerin"", ""dimethicone"", ""dimethicone"", ""arginine"", ""lactic acid"", ""amodimethicone""]";https://www.sociolla.com/hair-tonic/94661-real-tamanu-cold-pressed-tamanu-oil-soothing-scalp-serum;2/28/2026
P150;lavender biotin purple conditioner;Beamarry New York;Conditioner;146881;380; ml;cyclopentasiloxane, isododecane ethylhexyl palmitate, dimethiconol, dimethicone parfum, olea europea fruit oil argania spinosa kernel oil, orbignya oleifera seed oil tocopheryl acetate, ci 15985, simmondsia chinensis seed oil butyrospermum parkii, cocos nucifera oil helianthus annuus seed oil;"[""glycerin"", ""menthol"", ""retinyl palmitate""]";https://www.sociolla.com/conditioner/85235-lavender-biotin-purple-conditioner;2/28/2026
P151;t1 pure care system micellar conditioner bottle;Makarizo;Conditioner;56500;180; ml;water, cyclotetrasiloxane, cetearyl alcohol, behentrimonium chloride, dimethicone, fragrance, amodimethicone, glyceryl stearate, phenoxyethanol, polyquaternium-47, ceteareth-20, ethylhexyl palmitate, cyclopentasiloxane, hydroxyethylcellulose, guar hydroxypropyltrimonium chloride, menthol, tetrasodium edta, panthenol, ethylhexylglycerin, cetrimonium chloride, menthyl lactate, camellia sinensis leaf extract, sodium benzoate, niacinamide, aesculus hippocastanum seed extract, yeast extract, ammonium glycyrrhizate, zinc gluconate, caffeine, potassium sorbate, biotin;"[""menthol"", ""panthenol"", ""argania spinosa kernel oil"", ""panax ginseng root extract"", ""diaminopyrimidine oxide""]";https://www.sociolla.com/conditioner/76964-t1-pure-care-system-micellar-conditioner-bottle;03/02/2026
P153;real shea real change treatment;Rated Green;Conditioner;219000;240; ml;glycerin, water, cyclopentasiloxane, dimethicone, cetearyl alcohol, dicaprylyl carbonate, propylene glycol, steartrimonium chloride, behentrimonium chloride, butyrospermum parkii butter, glycine soja seed extract, citrus aurantium dulcis peel oil, avena sativa kernel protein, aloe barbadensis leaf juice, hydroxyethylcellulose, quaternium-80, cetyl esters, dipropylene glycol, pentylene glycol, 1, 2-hexanediol, butylene glycol, octanediol, tocopherol, et hylhexylglycerin, citric acid, stearyl alcohol, sodium benzoate, potassium sorbate, fragrance, limonene, linalool, citronellol, benzyl benzoate, geraniol, benzyl salicylate;"[""glycerin"", ""dimethicone"", ""hydrolyzed collagen"", ""panthenol""]";https://www.sociolla.com/conditioner/14643-real-shea-real-change-treatment;03/02/2026
P154;hair spa smooth keratin;lae sa luay;Conditioner;85000;250;ml;water, cetearyl alcohol, mineral oil, jojoba oil peg-8 esters, pearl powder, citric acid, methyl paraben, vitamin b5, olea europaea fruit oil, keratin;"[""dimethicone"", ""amodimethicone"", ""panthenol"", ""glycerin"", ""hydrolyzed silk""]";https://www.sociolla.com/conditioner/64111-hair-spa;03/02/2026
P155;o'sweet singapore amino acid protein conditioner;O'sweet Singapore;Conditioner;179000;100;ml;komposisi: hydrolyzed wheat protein, lactic acid, propylparaben, sodium lauroyl hydrolyzed silk, trideceth-12, aqua, behentrimonium chloride, cetearyl alcohol, cetrimonium chloride, cetyl alcohol, hydroxyethylcellulose, methylisothiazolinone, methylparaben, parfum, snail secretion filtrate, zingiber officinale extract, hyaluronic acid;"[""glycerin"", ""dimethicone"", ""lactic acid"", ""sodium hyaluronate"", ""lactic acid"", ""salicylic acid"", ""amodimethicone""]";https://www.sociolla.com/conditioner/88951-o-sweet-singapore-amino-acid-protein-conditioner;03/02/2026
P156;premium ex damage care & repair conditioner;Tsubaki;Conditioner;179900;450;ml;ingredients: aqua, stearyl alcohol, isopentyldiol, behentrimonium chloride, glycerin, dimethicone, sorbitol, cetyl alcohol, dipropylene glycol, isopropyl alcohol, fragrance, aminopropyl dimethicone, isopropyl myristate, sodium methyltaurate, peg-2 laurate, salicylic acid, sodium benzoate, phenoxyethanol, c13-16 isoparaffin, polysilicone-13, steartrimonium chloride, laurtrimonium chloride, c10-13 isoparaffin, squalane, disodium edta, camellia japonica seed oil, butylene glycol, cetrimonium chloride, sodium dilauramidoglutamide lysine, amodimethicone, bis-ethylhexyloxyphenol methoxyphenyl triazine, phytosteryl macadamiate, ppg-2-deceth-12, citrus unshiu peel extract, euc;"[""glycerin"", ""dimethicone"", ""panthenol"", ""hydrolyzed keratin""]";https://www.sociolla.com/conditioner/89607-premium-ex-damage-care-and-repair-conditioner;03/02/2026
P158;premium moist & repair conditioner;Tsubaki;Conditioner;149900;450;ml;ingredients: aqua, stearyl alcohol, isopentyldiol, behentrimonium chloride, glycerin, dimethicone, cetyl alcohol, isopropyl alcohol, fragrance, dipropylene glycol, isopropyl myristate, aminopropyl dimethicone, peg-2 laurate, sodium benzoate, phenoxyethanol, sodium methyltaurate, salicylic acid, c13-16 isoparaffin, polysilicone-13, steartrimonium chloride, laurtrimonium chloride, c10-13 isoparaffin, disodium edta, squalane, camellia japonica seed oil, cetrimonium chloride, butylene glycol, sodium dilauramidoglutamide lysine, amodimethicone, phytosteryl octyldodecyl lauroyl glutamate, phytosteryl macadamiate, ppg-2-deceth-12, glycine soja seed extract, bis-ethy;"[""glycerin"", ""butyrospermum parkii"", ""amodimethicone"", ""dimethicone"", ""biotinoyl tripeptide-1"", ""oleanolic acid""]";https://www.sociolla.com/conditioner/47977-premium-moist-and-repair-conditioner;03/02/2026
P159;in france femme fatale no. 02 hair treatment;jmella;Conditioner;139000;500;ml;aqua, stearyl alcohol, cetyl alcohol, stearamidopropyl dimethylamine, parfum, cyclopentasiloxane, behentrimonium chloride, dimethicone, glycerin, steartrimonium chloride, phenoxyethanol, isopropyl alcohol, chlorphenesin, propylene glycol, amodimethicone, cetrimonium chloride, disodium edta, trideceth-12, arachidyl alcohol, butylene glycol, myristyl alcohol, cyclotetrasiloxane, trehalose, panthenol, lauryl alcohol, dipropylene glycol, 1, 2-hexanediol, citric acid, fragaria vesca leaf extract, hydrolyzed collagen, glycine, serine, glutamic acid, aspartic acid, leucine, alanine, lysine, arginine, tyrosine, phenylalanine, proline, threonine;"[""dimethicone"", ""glycerin"", ""lactic acid"", ""sodium hyaluronate"", ""amodimethicone""]";https://www.sociolla.com/conditioner/73128-jmella-in-france-femme-fatale-no-02-hair-treatment;03/02/2026
P160;diane extra hair fall control treatment (conditioner) - made in japan;Moist Diane;Conditioner;69000;450;ml;aqua, ethylhexyl palmitate, cetearyl alcohol, glycerin, steartrimonium chloride, parfum, phenoxyethanol, isopropyl alcohol, bis-behenyl isostearyl phytosteryl dimer dilinoleyl dimer dilinoleate, cetrimonium chloride, polyquaternium-10, dicocodimonium chloride, glyceryl tri-hydrogenated rosinate, disodium edta, butylene glycol, citric acid, isomalt, hydrolyzed keratin, argania spinosa kernel oil, o-cymen-5-ol, mangifera indica seed oil, salicylic acid, alcohol, punica granatum fruit extract, malus domestica fruit cell culture extract, keratin, citrus reticulata peel extract, panax ginseng root extract, wasabia japonica leaf extract, pisum sativum (pea;"[""glycerin"", ""dimethicone"", ""menthol"", ""amodimethicone"", ""salicylic acid"", ""dimethicone"", ""lactic acid""]";https://www.sociolla.com/conditioner/68247-diane-extra-hair-fall-control-treatment-450-ml-conditioner-made-in-japan;03/02/2026
P161;hair we bloom conditioner;Lavojoy;Conditioner;71900;300;ml;water, sodium laureth sulfate, sodium chloride, cocamidopropyl hydroxysultaine, cocamide methyl mea, aroma, phenoxyethanol, cocamidopropyl betaine, sodium benzoate, trimethylolpropane tricaprylate tricaprate, coco-glucoside, glyceryl oleate, sodium lauroyl sarcosinate, hydroxypropyl guar hydroxypropyltrimonium chloride, polyquaternium-7, citric acid, glycerin, sodium pca, myristamidopropyl pg-dimonium chloride phosphate, disodium edta, sodium cocamidopropyl pg-dimonium chloride phosphate, phytosteryl oleate, glyceryl behenate, sodium polyaspartate, propylene glycol, ppg-26-buteth-26, butylene glycol, 1, 2-hexanediol, tocopherol, pentylene glycol, hydrogenated palm glycerides citrate, salic;"[""amodimethicone"", ""dimethicone"", ""retinyl palmitate""]";https://www.sociolla.com/conditioner/82864-hair-we-bloom-conditioner;03/02/2026
P164;premium volume & repair conditioner;Tsubaki;Conditioner;149900;450;ml;ingredients : aqua, glycerin, stearyl alcohol, behenyl alcohol, steartrimonium chloride, sorbitol, isopropyl myristate, hydrogenated polydecene, fragrance, isopropyl alcohol, amodimethicone, phenoxyethanol, methylparaben, ppg-2-deceth-12, laurtrimonium chloride, squalane, camellia japonica seed oil, polyquaternium-11, lactic acid, aspartic acid, citric acid, butylene glycol, sodium dilauramidoglutamide lysine, phytosteryl octyldodecyl lauroyl glutamate, phytosteryl macadamiate, taurine, glycine soja seed extract, tocopherol, hydroxypropyl arginine lauryl myristyl ether hcl, alcohol;"[""glycerin"", ""dimethicone"", ""glycerin"", ""biotin"", ""tocopherol"", ""camellia sinensis leaf extract""]";https://www.sociolla.com/conditioner/47976-premium-volume-and-repair-conditioner;03/02/2026
P166;salon daily professional conditioner;Makarizo Professional;Conditioner;50400;950; ml;aqua water, cetearyl alcohol, ethylhexyl palmitate, mineral oil, paraffinum liquidum, propylene glycol, amodimethicone, behentrimonium chloride, fragrance, parfum, aroma, bis pg-amodimethicone, isopropyl alcohol, ceteareth-20, aloe barbadensis leaf extract, c14-15 alcohols, trideceth-10, menthol, steartrimonium chloride, quaternium-10, trideceth-12, lactic acid, phenoxyethanol, menthyl lactate, cyclotetrasiloxane, 5-bromo-5-nitro-1, 3 dioxane, isotridecanol, magnesium nitrate, cmit, methylchloroisothiazolinone, potassium sorbate, sodium benzoate, magnesium chloride, mit, methylisothiazolinone;"[""hydrolyzed wheat protein""]";https://www.sociolla.com/conditioner/28177-salon-daily-professional-conditioner;03/02/2026
P167;in france blooming peony no. 01 hair treatment;jmella;Conditioner;139000;500;ml;aqua, stearyl alcohol, cetyl alcohol, stearamidopropyl dimethylamine, parfum, cyclopentasiloxane, behentrimonium chloride, dimethicone, glycerin, steartrimonium chloride, phenoxyethanol, isopropyl alcohol, chlorphenesin, propylene glycol, amodimethicone, cetrimonium chloride, disodium edta, trideceth-12, arachidyl alcohol, butylene glycol, myristyl alcohol, cyclotetrasiloxane, trehalose, panthenol, lauryl alcohol, dipropylene glycol, 1, 2-hexanediol, citric acid, fragaria vesca leaf extract, hydrolyzed collagen, glycine, serine, glutamic acid, aspartic acid, leucine, alanine, lysine, arginine, tyrosine, phenylalanine, proline, threonine;"[""glycerin"", ""dimethicone"", ""dimethicone"", ""salicylic acid"", ""amodimethicone""]";https://www.sociolla.com/conditioner/73310-jmella-in-france-blooming-peony-no-01-hair-treatment;03/02/2026
P168;texture experience conditioner strawbery yoghurt;Makarizo Professional;Conditioner;88800;250; ml;aqua water, cetearyl alcohol, behentrimonium chloride, glyceryl stearates, polyquaternium-47, cyclotetrasiloxane, amodimethicone, ceteareth-20, dimethicone, fragrance, parfum, aroma, ceteareth-12, ethylhexyl palmitate, hydroxyethylcellulose, isopropyl alcohol, cyclopentasiloxane, guar hydroxypropyltrimonium chloride, ci 19140, acid yellow 23, yellow 5 lake, yellow no4, dmdm hydantoin, ci 14720, red 3, sodium sulfate, theobroma cacao extract, steartrimonium chloride, quaternium-10, trideceth-12, ci 42090, blue no 1 blue no 4, butylene glycol, iodopropynyl butylcarbamate, magnesium nitrate, cmit, methylchloroisothiazolinone, magnesium chloride, mit, methylisothiazolinone;"[""dimethicone"", ""glycerin"", ""panthenol"", ""argania spinosa kernel oil"", ""hydrolyzed keratin"", ""keratin""]";https://www.sociolla.com/conditioner/28175-texture-experience-conditioner-strawbery-yoghurt;03/02/2026
P169;bring me to life! volume and repair conditioner;Wonderlux;Conditioner;69000;160; ml;aqua, cetearyl alcohol, glycerin, mineral oil, fragrance components and finished fragrances, stearamidopropyl dimethylamine, dimethiconol, behentrimonium chloride, dimethicone, propanediol, ceteareth-22, phenoxyethanol, cetrimonium chloride, hydrolyzed jojoba esters, citric acid, dipropylene glycol, amodimethicone, chlorphenesin, bisamino peg ppg-41 3 aminoethyl pg-propyl dimethicone, laureth-4, laureth-5, laureth-23, peg-55 stearate, disodium edta, bht, xanthan gum, caprylyl glycol, ethyl linoleate, ethyl oleate, crambe abyssinica seed oil, helianthus annuus seed oil, avocado oil, ci 14720, tilia tomentosa bud extra;"[""glycerin"", ""dimethicone"", ""glycerin"", ""tocopherol"", ""simmondsia chinensis seed oil"", ""olea europaea oil"", ""argania spinosa kernel oil""]";https://www.sociolla.com/conditioner/92387-bring-me-to-life-volume-and-repair-conditioner;03/02/2026
P170;organic hair growth / hair loss treatment conditioner;Eucalie;Conditioner;79000;190;ml;aqua, glycerin, brassicamidopropyl dimethylamine, rosmarinus officinalis leaf oil*, niacinamide, cetearyl alcohol, polyquaternium-7, phenoxyethanol, cetyl alcohol, centella asiatica extract, citric acid, glutamic acid, salicylic acid, mentha piperita oil*, panax ginseng root extract, panthenol, cocos nucifera oil, calophyllum tacamahaca seed oil, tocopherol, hydroxypropyl methylcellulose, tetrasodium edta, hydrolyzed soy protein, propanediol, zinc pca, glucose, ornithine hcl, arginine hcl, citrulline, glucosamine hcl, onion extract, biotin;"[""dimethicone"", ""amodimethicone"", ""dimethicone"", ""olea europaea oil"", ""niacinamide"", ""sodium ascorbyl phosphate"", ""tocopheryl acetate"", ""argania spinosa kernel oil""]";https://www.sociolla.com/conditioner/88816-organic-hair-growth-hair-loss-treatment-conditioner;03/02/2026
P171;premium volume & repair treatment;Tsubaki;Conditioner;131900;160;gr;ingredients : aqua, glycerin, stearyl alcohol, behenyl alcohol, steartrimonium chloride, sorbitol, isopropyl myristate, hydrogenated polydecene, fragrance, isopropyl alcohol, amodimethicone, phenoxyethanol, methylparaben, ppg-2-deceth-12, laurtrimonium chloride, squalane, camellia japonica seed oil, polyquaternium-11, lactic acid, aspartic acid, citric acid, butylene glycol, sodium dilauramidoglutamide lysine, phytosteryl octyldodecyl lauroyl glutamate, phytosteryl macadamiate, taurine, glycine soja seed extract, tocopherol, hydroxypropyl arginine lauryl myristyl ether hcl, alcohol;"[""dimethicone"", ""amodimethicone"", ""lactic acid"", ""glycerin"", ""lactic acid""]";https://www.sociolla.com/conditioner/47980-premium-volume-and-repair-treatment;03/02/2026
P172;premium moist & repair treatment;Tsubaki;Conditioner;131900;160;gr;ingredients: aqua, glycerin, dimethicone, isopentyldiol, hydrogenated rapeseed alcohol, behentrimonium chloride, stearyl alcohol, sorbitol, isopropyl alcohol, cetyl alcohol, fragrance, aminopropyl dimethicone, phenoxyethanol, hydroxyethyl urea, hydroxypropyl arginine lauryl myristyl ether hcl, sodium benzoate, octyldodecanol, steartrimonium chloride, alcohol, lactic acid, citric acid, ammonium lactate, laurtrimonium chloride, squalane, camellia japonica seed oil, butylene glycol, sodium dilauramidoglutamide lysine, dipropylene glycol, phytosteryl octyldodecyl lauroyl glutamate, phytosteryl macadamiate, aminomethyl propanol, amodimethicone, glycine soja seed e;"[""glycerin"", ""dimethicone"", ""dimethicone"", ""salicylic acid"", ""amodimethicone""]";https://www.sociolla.com/conditioner/47978-premium-moist-and-repair-treatment;03/02/2026
P176;texture experience conditioner mint sorbet;Makarizo Professional;Conditioner;88800;250; ml;aqua water, sodium laureth sulfate, cocamidopropyl betaine, glycerin, polyquaternium-7, sodium chloride, fragrance, parfum, aroma, lauryl lactyl lactate, silicone quaternium-18, peg-120 methyl glucose trioleate, dmdm hydantoin, deceth-7, trideceth-6, dipropylene glycol, propanediol, etidronic acid, menthol, butylene glycol, menthyl lactate, iodopropynyl butylcarbamate, magnesium nitrate, cmit, methylchloroisothiazolinone, magnesium chloride, mit, methylisothiazolinone;"[""dimethicone"", ""glycerin"", ""lactic acid"", ""argania spinosa kernel oil"", ""panthenol"", ""biotin"", ""keratin"", ""hydrolyzed keratin"", ""keratin"", ""centella asiatica extract""]";https://www.sociolla.com/conditioner/28174-texture-experience-conditioner-mint-sorbet;03/02/2026
P181;hold me tight pro conditioner spring wonder;Lavojoy;Conditioner;100900;280;ml;water, cetearyl alcohol, stearamidopropyl dimethylamine lactate, behentrimonium chloride, betaine, trimethylolpropane tricaprylate tricaprate, phenoxyethanol, fragrance, insonoyl isononanoate, isopropyl alcohol, sodium benzoate, distearyldimonium chloride, guar hydroxypropyltrimonium chloride, menthol, citric acid, disodium edta, butylene glycol, panthenol, argania spinosa kernel oil, camellia japonica seed oil, sclerocarya birrea seed oil, zinger officinale root extract, anemarrhena asphodeloides root extract, panax ginseng root extract, propylene glycol, diaminopyrimidine oxide, propanediol, 1, 2-hexanediol, angelica polymorpha multiflorum root extract, biota orientalis leaf ext;"[""dimethicone""]";https://www.sociolla.com/conditioner/77588-hold-me-tight-pro-conditioner-spring-wonder;03/02/2026
P182;real intensive acid conditioner;la'dor;Conditioner;255000;900;ml;water, cetearyl alcohol, dimethicone, isopropyl myristate, glycerin, steartrimonium chloride, propylen glycol, lactobacilus fermentasi ekstrak kulit lemon, ekstrak daun rosmarinus officonalis, ekstrak daun eucalyptus globulus, ekstrak buah citrus limon, ekstrak buah citrus aurantifolia, gliceryl stearate se, hydroxyethylcellulose, salicylic acid, cetrimonium chloride, capryril glycol, laureth-20, laureth-3, butylene glycol, disodium phosphate, sodium citrate, polisorbate 60, 1, 2-hexanediol, citric acid, sodium phosphate, ethylhexylglycerin, phenoxyethanol, ci 42090, ci 17200, fragrance;"[""glycerin"", ""dimethicone"", ""dimethicone"", ""arginine"", ""lactic acid"", ""amodimethicone"", ""sodium ascorbyl phosphate""]";https://www.sociolla.com/conditioner/86414-lador-real-intensive-acid-conditioner;03/02/2026
P183;elseve glycolic gloss conditioner;L'Oreal Paris;Conditioner;79900;265; ml;aqua water, cetearyl alcohol, cocos nucifera oil coconut oil, brassicamidopropyl dimethylamine, hydroxycitronellal, benzoic acid, linalool, caprylyl glycol, tartaric acid, octyldodecanol, glyceryl stearate, parfum fragrance, ethylhexyl salicylate, xylose, limonene, glycolic acid, hexyl cinnamal;"[""glycerin"", ""dimethicone"", ""dimethicone"", ""simmondsia chinensis seed oil"", ""olea europaea oil"", ""sodium hyaluronate""]";https://www.sociolla.com/conditioner/94973-elseve-glycolic-gloss-conditioner;03/02/2026
P184;collagen repair conditioner 250ml;CBD Professional;Conditioner;72000;250;ml;aqua, cetearyl alcohol, perfume, glycerin, behentrimonium chloride, , cetyl alcohol, dimethicone, phenoxyethanol, glyceryl stearate, isopropanol, cetrimonium chloride, peg-100 stearate, benzotriazolyl dodecyl p-cresol, bht, disodium edta, sodium metabisulfite, rubus idaeus fruit extract, propylene glycol, collagen, panthenol, citric acid, dmdm hydantoin;"[""dimethicone"", ""glycerin"", ""olea europaea oil"", ""panthenol"", ""argania spinosa kernel oil"", ""keratin"", ""hydrolyzed keratin"", ""keratin"", ""simmondsia chinensis seed oil"", ""butyrospermum parkii""]";https://www.sociolla.com/conditioner/76000-collagen-repair-conditioner-250ml;03/02/2026
P187;t1 intensive care system equalizer conditioner;Makarizo;Conditioner;56500;180; ml;water, cyclotetrasiloxane, cetearyl alcohol, behentrimonium chloride, dimethicone, amodimethicone, glyceryl stearate, phenoxyethanol, fragrance, polyquaternium-47, ceteareth-20, ethylhexyl palmitate, cyclopentasiloxane, hydroxyethylcellulose, guar hydroxypropyltrimonium chloride, tetrasodium edta, panthenol, ethylhexylglycerin, hydrolyzed silk pg-propyl methylsilanediol crosspolymer, cetrimonium chloride, sodium benzoate, phytantriol;"[""glycerin"", ""dimethicone"", ""dimethicone"", ""salicylic acid"", ""amodimethicone""]";https://www.sociolla.com/conditioner/76962-t1-intensive-care-system-equalizer-conditioner;03/02/2026
P189;elseve hyaluron pure conditioner;L'Oreal Paris;Conditioner;87000;265;ml;aqua water, glycerin, cetearyl alcohol, distarch phosphate, quaternium-87, dimethicone, ci 17200 red 33, ci 42090 blue 1, lactic acid, sodium hyaluronate, phenoxyethanol, steareth-6, acetic acid, peg-150 decyl alcohol smdi copolymer, peg-100 stearate, behentrimonium chloride, trideceth-10, trideceth-3, chlorhexidine digluconate, salicylic acid, propylene glycol, amodimethicone, isopropyl alcohol, parfum fragrance;"[""glycerin"", ""amodimethicone"", ""lactic acid"", ""tocopherol"", ""arginine""]";https://www.sociolla.com/conditioner/89820-elseve-hyaluron-pure-conditioner;03/02/2026
P190;keratin pro daily conditioner;CBD Professional;Conditioner;63000;250;ml;aqua, cetearyl alcohol, glycerin, dimethicone, behentrimonium chloride, glyceryl stearate, perfume, hydroxypropyl starch phosphate, phenoxyethanol, cetrimonium chloride, peg-100 stearate, isopropanol, sodium metabisulfite, bht, disodium edta, panthenol, aminomethyl propanol, hydrolyzed keratin, citric acid;"[""dimethicone"", ""glycerin"", ""panthenol"", ""tocopheryl acetate"", ""sodium hyaluronate"", ""sodium hyaluronate"", ""sodium hyaluronate""]";https://www.sociolla.com/conditioner/67658-keratin-pro-daily-conditioner-1000ml;03/02/2026
P191;texture experience conditioner black chocolate;Makarizo Professional;Conditioner;88800;250; ml;aqua water, cetearyl alcohol, behentrimonium chloride, glyceryl stearates, polyquaternium-47, cyclotetrasiloxane, amodimethicone, ceteareth-20, dimethicone, fragrance, parfum, aroma, ceteareth-12, ethylhexyl palmitate, hydroxyethylcellulose, isopropyl alcohol, cyclopentasiloxane, guar hydroxypropyltrimonium chloride, ci 19140, acid yellow 23, yellow 5 lake, yellow no4, dmdm hydantoin, ci 14720, red 3, sodium sulfate, theobroma cacao extract, steartrimonium chloride, quaternium-10, trideceth-12, ci 42090, blue no 1 blue no 4, butylene glycol, iodopropynyl butylcarbamate, magnesium nitrate, cmit, methylchloroisothiazolinone, magnesium chloride, mit, methylisothiazolinone;"[""dimethicone"", ""keratin"", ""hydrolyzed keratin"", ""ceramide np"", ""argania spinosa kernel oil"", ""ceramide np"", ""ceramide np"", ""hydrolyzed keratin""]";https://www.sociolla.com/conditioner/28172-texture-experience-conditioner-black-chocolate;03/02/2026
P192;intensive care+repair conditioner;creme and tonic;Conditioner;115000;200;ml;aqua, cetyl alcohol, glycerin, behentrimonium chloride, butyrospermum parkii butter, cetrimonium chloride, amodimethicone, trideceth-6, cetearyl alcohol, hydrolyzed vegetable protein pg-propyl silanetriol, fragrance, hydroxyethylcellulose, phenoxyethanol, dimethicone, laureth-23, polyquaternium-10, laureth-4, macrocystis pyrifera extract, chlorphenesin, citric acid, butylene glycol, ppg-26-buteth-26, peg-40 hydrogenated castor oil, biotinoyl tripeptide-1, ceramide 2, apigenin, oleanolic acid;"[""glycerin"", ""dimethicone"", ""tocopherol"", ""keratin"", ""ceramide np"", ""ceramide np"", ""ceramide np""]";https://www.sociolla.com/conditioner/89052-intensive-care-repair-conditioner;03/02/2026
P193;elseve hyaluron moisture conditioner;L'Oreal Paris;Conditioner;87000;265;ml;ingredients bahan-bahan: aqua water, cetearyl alcohol, dimethicone, glycerin, behentrimonium chloride, ci 17200 red 33, ci 42090 blue 1, lactic acid, sodium laureth sulfate, sodium hydroxide, sodium hyaluronate, phenoxyethanol, limonene, amodimethicone, isopropyl alcohol, cetrimonium chloride, parfum fragrance ;"[""glycerin"", ""panthenol"", ""zinc pyrithione"", ""salicylic acid"", ""niacinamide"", ""menthol"", ""centella asiatica extract""]";https://www.sociolla.com/conditioner/71767-elseve-hyaluron-moisture-conditioner;03/02/2026
P194;premium cool & repair conditioner;Tsubaki;Conditioner;149900;450;ml;aqua, isopentyldiol, behentrimonium chloride, glycerin, stearyl alcohol, dimethicone, behenyl alcohol, cetyl alcohol, isopropyl alcohol, fragrance, dipropylene glycol, menthol, isopropyl myristate, peg-2 laurate, sodium benzoate, phenoxyethanol, amodimethicone, sodium methyltaurate, salicylic acid, hydroxyethyl urea, aminopropyl dimethicone, ppg-2-deceth-12, steartrimonium chloride, c13-16 isoparaffin, lactic acid, polysilicone-13, disodium edta, squalane, camellia japonica seed oil, c10-13 isoparaffin, ammonium lactate, butylene glycol, sodium dilauramidoglutamide lysine, ethylhexyl palmitate, bis-ethylhexyloxyphenol methoxyphenyl triazine, cetrimonium chloride, phytosteryl octyldodecyl ;"[""butyrospermum parkii (shea butter)""]";https://www.sociolla.com/conditioner/90638-premium-cool-and-repair-conditioner;03/02/2026
P195;texture experience conditioner vanilla milk;Makarizo Professional;Conditioner;88800;250; ml;aqua water, cetearyl alcohol, behentrimonium chloride, glyceryl stearates, polyquaternium-47, cyclotetrasiloxane, amodimethicone, ceteareth-20, dimethicone, fragrance, parfum, aroma, ceteareth-12, ethylhexyl palmitate, hydroxyethylcellulose, isopropyl alcohol, cyclopentasiloxane, guar hydroxypropyltrimonium chloride, ci 19140, acid yellow 23, yellow 5 lake, yellow no4, dmdm hydantoin, ci 14720, red 3, sodium sulfate, theobroma cacao extract, steartrimonium chloride, quaternium-10, trideceth-12, ci 42090, blue no 1 blue no 4, butylene glycol, iodopropynyl butylcarbamate, magnesium nitrate, cmit, methylchloroisothiazolinone, magnesium chloride, mit, methylisothiazolinone;"[""glycerin"", ""dimethicone"", ""menthol"", ""amodimethicone"", ""salicylic acid"", ""dimethicone"", ""lactic acid""]";https://www.sociolla.com/conditioner/28176-texture-experience-conditioner-vanilla-milk;03/02/2026
P197;hold my strands! hair fall treatment conditioner;Wonderlux;Conditioner;69000;160; ml;aqua, cetearyl alcohol, glycerin, mineral oil, fragrance components and finished fragrances, stearamidopropyl dimethylamine, dimethiconol, behentrimonium chloride, dimethicone, propanediol, ceteareth-22, phenoxyethanol, sodium pca, cetrimonium chloride, hydrolyzed jojoba esters, citric acid, dipropylene glycol, amodimethicone, chlorphenesin, bisamino peg ppg-41 3 aminoethyl pg-propyl dimethicone, laureth-4, laureth-5, laureth-23, peg-55 stearate, disodium edta, bht, xanthan gum, caprylyl glycol, tetrasodium disuccinoyl cystine, hydroxypropylgluconamide, hydroxypropylammonium gluconate, ci 14720, ci 18965, tartaric acid, arginine, glycine, sodium benzoa;"[""glycerin"", ""dimethicone"", ""amodimethicone"", ""lactic acid"", ""glycerin"", ""arginine"", ""argania spinosa kernel oil"", ""olea europaea oil"", ""ricinus communis seed oil""]";https://www.sociolla.com/conditioner/92386-hold-my-strands-hair-fall-treatment-conditioner;03/02/2026
P199;out of my head conditioner;Lavojoy;Conditioner;71900;300;ml;water, cetearyl alcohol, glycerin, dimethicone, behentrimonium chloride, bis-aminopropyl dimethicone, phenoxyethanol, aroma, isopropyl alcohol, hydroxyethylcellulose, chlorphenesin, dimethiconol, acrylamidopropyltrimonium chloride acrylamide copolymer, disodium edta, citric acid, squalane, polysorbate 60, disodium phosphate, keratin, hydrolyzed keratin, oxidized keratin, salicylic acid, sodium phosphate, yeast extract, phragmites communis extract, zea mays silk extract, oryza sativa extract, aloe barbadensis leaf extract, 1, 2-hexanediol, butylene glycol, malva sylvestris flower leaf stem extract, ethylhexylglycerin;"[""panthenol"", ""arginine"", ""zinc pca"", ""tocopherol"", ""dimethicone"", ""amodimethicone""]";https://www.sociolla.com/conditioner/82403-out-of-my-head-conditioner;03/02/2026
P202;hello bubble all star strengthening conditioner;Mise En Scène;Conditioner;159000;500;ml;[ingredients] water aqua eau, glycerin, dipropylene glycol, dimethicone, cetyl alcohol, stearyl alcohol, behentrimonium chloride, fragrance parfum, caprylyl glycol, disodium edta, ethylhexylglycerin, hexyl cinnamal, benzyl salicylate, butylene glycol, punica granatum fruit extract, biotin, tocopherol, camellia sinensis leaf extract;"[""dimethicone"", ""glycerin"", ""amodimethicone"", ""panthenol"", ""hydrolyzed collagen"", ""arginine""]";https://www.sociolla.com/conditioner/83540-hello-bubble-all-star-strengthening-conditioner;03/02/2026
P203;tea tree calming scalp treatment;la'dor;Conditioner;230000;330;ml;aqua, cetearyl alcohol, propylene glycol, dimethicone, steartrimonium chloride, amodimethicone, glycerin, glyceryl stearate se, mineral oil, menthol, peg-45m, hydroxyacetophenone, olea europaea fruit oil, sodium pca, fragrance, trideceth-12, betaine, ethylhexyl methoxycinnamate, laureth-20, laureth-3, limonene, linalool, cetrimonium chloride, disodium edta, silica, silica, citric acid, phenoxyethanol, 1, 2-hexanediol, dipropylene glycol, benzyl benzoate, citronellol, pentylene glycol, geraniol, hexyl cinnamal, melaleuca alternifolia leaf extract, piroctone olamine, centella asiatica extract, ci 19140, citrus unshiu peel extract, bht, origanum vulgare leaf extract, melissa officinalis extra;"[""dimethicone"", ""glycerin"", ""amodimethicone"", ""panthenol"", ""hydrolyzed collagen"", ""arginine""]";https://www.sociolla.com/conditioner/94776-lador-tea-tree-calming-scalp-treatment;03/02/2026
P204;ciara hair conditioner repair treatment with kerascalp;Ciara;Conditioner;79000;275; ml;hero ingredient : horse chesnut seed extract, protein, multivitamin;"[""dimethicone""]";https://www.sociolla.com/conditioner/89028-ciara-hair-conditioner-repair-treatment-with-kerascalp;03/02/2026
P206;rosemary tea tree energy conditioner;Beamarry New York;Conditioner;227184;380;ml;aqua, cetearyl alcohol, ethylhexyl palmitate, steartrimonium chloride, dimethicone glyceryl stearate, hydroxyethyl cellulose, dmdm hydantoin, parfum, glycerin, propylene glycol phenoxyethanol, kératin, panthenol, macadamia ternifolia seed oil argania spinosa kernel oil, hydrolyzed keratin, oxidize d keratin, ci 19140, sericin, ci 75470;"[""dimethicone"", ""glycerin"", ""amodimethicone"", ""panthenol"", ""hydrolyzed collagen"", ""arginine""]";https://www.sociolla.com/conditioner/85222-rosemary-tea-tree-energy-conditioner;03/02/2026
P207;serum original conditioner;Mise En Scène;Conditioner;149000;530;mL;ingredients : water aqua eau, glycerin, dipropylene glycol, cetyl alcohol, stearyl alcohol, dimethicone, behentrimonium chloride, isopropyl alcohol, fragrance parfum, hydroxyethylcellulose, ethylhexylglycerin, disodium edta, yellow 5, yellow 6, tocopherol, simmondsia chinensis seed oil, olea europaea fruit oil, prunus armeniaca kernel oil, argania spinosa kernel oil, camellia japonica seed oil, cocos nucifera oil, red 33, blue 1, coco-caprylate caprate, sclerocarya birrea seed oil, glycolipids;"[""caffeine"", ""baicapil"", ""biotin""]";https://www.sociolla.com/conditioner/83503-serum-original-conditioner;03/02/2026
P208;hair expert hair conditioner;Safi;Conditioner;49900;160; gr;aqua water, dimethicone, stearyl alcohol, cetearyl alcohol, propylene glycol, behentrimonium chloride, cetrimonium chloride, amodimethicone, bis-aminopropyl dimethicone, olea europaea fruit oil, bht, tetrasodium edta, citric acid, nigella sativa seed oil, niacinamide, nicotinamide, charcoal powder, maltodextrin, calcium pantothenate, sodium ascorbyl phosphate, amylodextrin, tocopheryl acetate, pyridoxine hcl, silica, fragrance, parfum, aroma, dmdm hydantoin, ci 19140, acid yellow 23, yellow 5 lake, yellow no4, ci 15985, yellow 6, silicone quaternium-16, peg-14m, sodium hydroxide, argania spinosa kernel oil, sodium chloride;"[""glycerin"", ""dimethicone"", ""glycerin"", ""tocopherol"", ""camellia sinensis leaf extract""]";https://www.sociolla.com/conditioner/25184-hair-expert-hair-conditioner;03/02/2026
P209;tresemme conditioner for bleached hair color radiance & repair 250ml;TRESemmé;Conditioner;124200;250; ml;water, cetearyl alcohol, dimethicone, behentrimonium chloride, perfume, dipropylene glycol, strearamidopropyl dimethylamine, amodimethicone, sodium chloride, lactic acid disodium edta, phenoxyethanol, peg-7 propylheptyl ether, cetrimonium chloride, cyclotetrasiloxane, magnesium nitrate, helianthus annuus seed oil, glycine soja phytoplacenta extract, sodium sulfate, methylchloroisothiazolinone, magnesium chloride, methylisothiazolinone, glycerin, acetic acid, calcium chloride, ci 60730;"[""dimethicone"", ""glycerin"", ""amodimethicone"", ""panthenol"", ""olea europaea oil"", ""argania spinosa kernel oil"", ""hydrolyzed collagen"", ""glycyrrhiza glabra root extract""]";https://www.sociolla.com/conditioner/48649-kem-xa-color-radiance-and-repair-toc-tay;03/02/2026
P212;conditioner nutri shine;wardah;Conditioner;27500;170; ml;fragrance, disodium edta, ethylhexylglycerin, butylene glycol, argania spinosa kernel oil, phytosteryl octyldodecyl lauroyl glutamate, vitis vinifera seed extract;"[""dimethicone"", ""ricinus communis seed oil"", ""hydrolyzed wheat protein"", ""argania spinosa kernel oil"", ""simmondsia chinensis seed oil"", ""glycerin""]";https://www.sociolla.com/conditioner/9620-conditioner-nutri-shine;03/02/2026
P213;herbalism treatment;la'dor;Conditioner;135000;150;ml;purified water, cetearyl alcohol, propylene glycol, aminopropyl dimethicone, c13-15 alkane, steartrimonium chloride, dimethicone, cetrimonium chloride, cetyl alcohol, stearamidopropyl dimethylamine, c12-14 sec-pareth-7, amodimethicone, trideceth-12, camellia japonica seed oil, vitis vinifera seed oil, argania spinosa kernel oil, glyceryl stearate se, hydroxyethylcellulose, 1, 2-hexanediol, hamamelis virginiana leaf extract, salvia officinalis leaf extract, melissa officinalis leaf extract, mentha piperita extract, lavandula angustifolia extract, houttuynia cordata extract, eucalyptus globulus leaf extract, arginine, leucine, tryptophan, ;"[""dimethicone"", ""dimethicone"", ""argania spinosa kernel oil"", ""panthenol"", ""glycerin""]";https://www.sociolla.com/conditioner/59453-lador-herbalism-treatment;03/02/2026
P214;diane be true damage repair healthy treatment 400ml;Moist Diane;Conditioner;155000;400;ML;aqua, cetearyl alcohol, dimethicone, ricinus communis seed oil, polyepsilon-lysine, glucose, butylene glycol, hydrolyzed pea protein, ocimum sanctum leaf extract, persea gratissima oil, argania spinosa kernel oil, butyrospermum parkii butter, ethylhexyl palmitate, bis-behenyl isostearyl phytosteryl dimer dilinoleyl dimer dilinoleate, opuntia ficus-indica seed oil, hydrogenated castor oil isostearate, dimethiconol, sodium lactate, hydroxyethylcellulose, glyceryl tri-hydrogenated rosinate, steartrimonium chloride, cetrimonium chloride, dicocodimonium chloride, isopropyl alcohol, lactic acid, disodium edta, phenoxyethanol, fragrance components and finished fragrance;"[""glycerin"", ""butyrospermum parkii"", ""dimethicone"", ""glycerin""]";https://www.sociolla.com/conditioner/80757-diane-be-true-damage-repair-healthy-treatment-400ml;03/02/2026
P216;rose oil orchid nourish conditioner;Beamarry New York;Conditioner;227184;380;ml;aqua cetearyl alcohol, amodimethicone peg-100 stearate, isopropyl myristate, hydroxyethylcellulose glyceryl stearate, dmdm hydantoin, parfum, glycerin, propylene glycol, lactic acid, phenoxyethanol trideceth-10, c 60730, cetrimonium chloride, macadamia ternifolia seed oil argania spinosa kernel oil, panthenol, biotin, lavandula angustifolia extract, keratin, hydrolyzed keratin, oxidized keratin, aven satia kernel extract, tremella fuciformis extract, opuntia streptacantha stem extract, centella asiatica extract;"[""dimethicone"", ""glycerin""]";https://www.sociolla.com/conditioner/85226-rose-oil-orchid-nourish-conditioner;03/02/2026
P217;extra vital treatment;Moist Diane;Conditioner;136000;450; ml;aqua, cetearyl alcohol, dimethicone, steartrimonium chloride, parfum, phenoxyethanol, bis-behenyl isosteryl phytosteryl dimer dilinoleyl dime dilinoleate, hydrogenated castor oil isostearate, ethylhexyl palmitate, ricinus communis seed oil, isopropyl alcohol, cetrimonium chloride, hydroxyethylcellulose, dimethiconol, glucose, dicocodimonium chloride, glyceryl tri-hydrogenated rosinate [c] hydrogenated glyceryl dehydroabietate tetrahydroabietate, disodium edta, caramel, hydrolyzed silk pg-propyl methylsilanediol, argania spinosa callus culture extract, butylene glycol, alcohol, pisum sativum sprout extract, hydroxypropyltrimonium hydrolyzed keratin, isomalt, pana;"[""dimethicone"", ""glycerin""]";https://www.sociolla.com/conditioner/72040-extra-vital-treatment;03/02/2026
P218;jmella disney in france sparkling rosé no. 05 hair treatment;jmella;Conditioner;154000;500;ml;aqua, stearyl alcohol, cetyl alcohol, stearamidopropyl dimethylamine, parfum, cyclopentasiloxane, behentrimonium chloride, dimethicone, glycerin, steartrimonium chloride, phenoxyethanol, isopropyl alcohol, chlorphenesin, propylene glycol, amodimethicone, cetrimonium chloride, disodium edta, trideceth-12, arachidyl alcohol, butylene glycol, myristyl alcohol, cyclotetrasiloxane, trehalose, panthenol, lauryl alcohol, dipropylene glycol, 1, 2-hexanediol, citric acid, fragaria vesca leaf extract, hydrolyzed collagen, glycine, serine, glutamic acid, aspartic acid, leucine, alanine, lysine, arginine, tyrosine, phenylalanine, proline, threonine;"[""dimethicone"", ""hydrolyzed collagen""]";https://www.sociolla.com/conditioner/85296-jmella-disney-in-france-sparkling-rose-no-05-hair-treatment;03/02/2026
P219;kundal barley yeast scalp care treatment;Kundal;Conditioner;169000;200;ml;water, stearyl alcohol, dipropylene glycol, cetyl alcohol, behentrimonium chloride, caprylic capric triglyceride, hydrogenated coconut oil, sorbitol, stearamidopropyl dimethylamine, saccharomyces cerevisiae extract, butylene glycol, menthol, alcohol, caprylyl glycol, aspartic acid, ethylhexylglycerin, polyglyceryl-4 caprate, propanediol, glycine soja germ extract, polyglyceryl-10 isostearate, polyglyceryl-6 caprylate, 1, 2-hexanediol, polyglyceryl-10 oleate, maltodextrin, moringa oleifera seed extract, tocopherol, glycerin, biotin, camellia sinensis seed oil, carthamus tinctorius seed oil, galactomyces ferment filtrate, hydroxypropyltrimonium hyaluronate, plukenetia v;"[""caffeine""]";https://www.sociolla.com/conditioner/83877-kundal-barley-yeast-scalp-care-treatment;03/02/2026
P220;serum styling conditioner;Mise En Scène;Conditioner;149000;530;mL;ingredients : water aqua eau, glycerin, dipropylene glycol, cetyl alcohol, stearyl alcohol, cetyl ethylhexanoate, behentrimonium chloride, dimethicone, isopropyl alcohol, fragrance parfum, hydroxyethylcellulose, disodium edta, linalool, benzyl benzoate, argania spinosa kernel oil, simmondsia chinensis seed oil, olea europaea fruit oil, prunus armeniaca kernel oil, camellia japonica seed oil, cocos nucifera oil, coco-caprylate caprate, sclerocarya birrea seed oil, glycolipids;"[""dimethicone"", ""dimethicone""]";https://www.sociolla.com/conditioner/83505-serum-styling-conditioner;03/02/2026
P222;orange flower shining color conditioner (for colored hair);Dancoly;Conditioner;239000;400; ml;aqua water, peg-4 sorbitan stearate, glyceryl stearates, polyoxyethylene cetyl-stearyl ether, dimethicone silsesquioxane copolymer, cetrimonium chloride, hyaluronic acid, hydroxypropyl guar, simmondsia chinensis oil peg-8 esters, vitis vinifera seed oil, citrus aurantium amara flower extract, pelargonium graveolens extract, rosa rugosa flower extract, phenoxyethanol;"[""tocopheryl acetate"", ""hydrolyzed silk"", ""retinyl palmitate""]";https://www.sociolla.com/conditioner/9713-orange-flower-shining-color-conditioner-for-colored-hair;03/02/2026
P224;so so so smooth conditioner;Lavojoy;Conditioner;71900;300;ml;water, cetearyl alcohol, glycerin, dimethicone, behentrimonium chloride, bis-aminopropyl dimethicone, phenoxyethanol, isopropyl alcohol, aroma, chlorphenesin, hydroxyethylcellulose, dimethiconol, acrylamidopropyltrimonium chloride acrylamide copolymer, disodium edta, citric acid, limnanthes alba seed oil, simsmondsia chinensis seed oil, squalane, olea europaea fruit oil, polysorbate 60, disodium phosphate, sodium hyaluronate, sodium phosphate;"[""lactic acid"", ""tocopherol"", ""hydrolyzed silk"", ""salicylic acid"", ""amodimethicone""]";https://www.sociolla.com/conditioner/82866-so-so-so-smooth-conditioner;03/02/2026
P226;ultimate repair leave-in cream;Beamarry New York;Conditioner;278784;220; ml;aqua, dimethicone, mineral oil, cyclo pentasiloxane, dimethiconol, glycerin, polyacrylamide, cyclohexasiloxane, phenoxyethanol, hydroxyethylcellulose, dmdm hyndanton, c13-14 isoparaffin, parfum, olea europaea fruit oil, peg-14m, panthenol, laureth-7, argania spinosa kernel oil, keratin, hydrolyzed keratin, oxidized keratin, prunus amygdalusdulcis oil, simmondsia chinesis seed oil, butyrospermum parkil, cocos nucifera oil, healianthus annuus seed oil;"[""dimethicone"", ""dimethicone""]";https://www.sociolla.com/conditioner/85246-ultimate-repair-leave-in-cream;03/02/2026
P227;sos nourishing conditioner lazy sunday;Lavojoy;Conditioner;29000;300; ml;spesial ingredients: tir-oil : argan oil: membantu menghidrasi tahan lama jojoba seed oil: mengunci kelembapan, lebih halus, dan bebas kusut grape seed oil: menambah kilau, mengurangi keriting, dan mencegah kerusakan sericin : untuk memelihara dan membantu mencegah kerusakan b5 : membantu menguatkan akar rambut full ingredients: water, cetearyl alcohol, glycerin, dimethicone, steartrimonium chloride, phenoxyethanol, isopropyl alcohol, cocodimonium hydroxypropyl hydrolyzed wheat protein, fragrance, bis-aminopropyl dimethicone, behentrimonium chloride, hydroxyethylcellulose, panthenol, simmondsia chinensis seed oil, vitis vinifera seed oil, capryly;"[""caffeine"", ""arginine""]";https://www.sociolla.com/conditioner/68756-sos-nourishing-conditioner-lazy-sunday;03/02/2026
P231;jmella disney in france blooming peony no. 01 hair treatment;jmella;Conditioner;154000;500;ml;aqua, stearyl alcohol, cetyl alcohol, stearamidopropyl dimethylamine, parfum, cyclopentasiloxane, behentrimonium chloride, dimethicone, glycerin, steartrimonium chloride, phenoxyethanol, isopropyl alcohol, chlorphenesin, propylene glycol, amodimethicone, cetrimonium chloride, disodium edta, trideceth-12, arachidyl alcohol, butylene glycol, myristyl alcohol, cyclotetrasiloxane, trehalose, panthenol, lauryl alcohol, dipropylene glycol, 1, 2-hexanediol, citric acid, fragaria vesca leaf extract, hydrolyzed collagen, glycine, serine, glutamic acid, aspartic acid, leucine, alanine, lysine, arginine, tyrosine, phenylalanine, proline, threonine;"[""argania spinosa kernel oil"", ""simmondsia chinensis seed oil"", ""olea europaea oil"", ""tocopherol""]";https://www.sociolla.com/conditioner/85293-jmella-disney-in-france-blooming-peony-no-01-hair-treatment;03/02/2026
P234;silver screen conditioner 250ml;CBD Professional;Conditioner;120300;250;ml;aqua, polyquaternium-7, behentrimonium chloride, dimethicone, cetearyl alcohol, perfume, glycerin, dioleyl phosphate, oleth-5 phosphate, caprylic capric triglyceride, hydroxyethylcellulose, phenoxyethanol, isopropyl alcohol, polyquaternium-10, cetrimonium chloride, bht, panthenol, disodium edta, sodium metabisulfite, citric acid, sunflower oil, tocopheryl acetate, 1, 2-hexanediol, sodium hyaluronate, hyaluronic acid, hydrolyzed hyaluronic acid, hydrolyzed sodium hyaluronate, hydroxypropyltrimonium hyaluronate, potassium hyaluronate, , peg-9 diglycidyl ether sodium hyaluronate crosspolymer, sodium acetylated hyaluronate, ci 60730;"[""keratin""]";https://www.sociolla.com/conditioner/79469-silver-screen-conditioner-250ml;03/02/2026
P235;extra night repair treatment;Moist Diane;Conditioner;136000;450;ml;aqua, cetearyl alcohol, dimethicone, triethyl citrate, propanediol, gamma-docosalactone, quaternium-33, mannitol, glucose, keratin, ethylhexyl palmitate, pouteria sapota seed oil, mangifera indica seed oil, bis-ethoxydiglycol cyclohexane 1, 4-dicarboxylate, isononyl isononanoate, isostearoyl hydrolyzed keratin, glycine soja sterols, ceramide ng, argania spinosa kernel oil, ceramide as, ceramide np, ceramide ap, ceramide eop, bis-behenyl isostearyl phytosteryl dimer dilinoleyl dimer dilinoleate, carapa guaianensis seed oil, opuntia ficus-indica seed oil, hydrogenated castor oil isostearate, cellulose, sodium lactate, cholesterol, hydrolyzed keratin, hydroxyethylcellulose, hydroxypropyl meth;"[""caffeine"", ""arginine""]";https://www.sociolla.com/conditioner/75980-extra-night-repair-treatment;03/02/2026
P237;perfumed hair treatment;la'dor;Conditioner;245000;380;ml;aqua, butylene glycol, glycerin, dimethicone, cetearyl alcohol, propylene glycol, behentrimonium chloride, dipropylene glycol, hydrogenated polydecene, fragrance, phenoxyethanol, sodium benzoate, polyquaternium-7, glycine soja oil, disodium edta, avena sativa protein extract, linalool, limonene, caramel, coumarin, 1, 2-hexanediol, gardenia florida fruit extract, citronellol, dextrin, hydroxycitronellal, hydrogenated lechitin, tocopherol, polyglyceryl-10 laurate, polyglyceryl-4 caprate, stearic acid, elastin, keratin, capryl glycol, gelatin, quaternium-33, cholesterol, caprylic capric triglyceride, ceramide np, adansonia digitata seed oil, ceramide as, ceramide ns, ceramide ap, ceramide eop;"[""tocopheryl acetate"", ""retinyl palmitate"", ""argania spinosa kernel oil"", ""amodimethicone""]";https://www.sociolla.com/conditioner/94779-lador-perfumed-hair-treatment;03/02/2026
P238;black bean anti hair loss treatment;Nature Republic;Conditioner;300000;200;ml;water, glycerin, dipropylene glycol, cetyl alcohol, propylene glycol, stearamidopropyl dimethylamine, glyceryl stearate, polysorbate 60, isoamyl laurate, cetyl ethylhexanoate, behentrimonium chloride, stearyl alcohol, ppg-3 caprylyl ether, steartrimonium chloride, panthenol, caprylyl glycol, zinc pyrithione, mentha piperita oil, polyquaternium-10, citrus aurantifolia oil, salicylic acid, limonene, niacinamide, menthol, betaine, acacia senegal gum, citric acid, hydroxypropyl methylcellulose, peat water, butylene glycol, centella asiatica leaf extract, 1, 2-hexanediol, potassium sorbate, glyci;"[""tocopheryl acetate"", ""retinyl palmitate"", ""argania spinosa kernel oil"", ""amodimethicone""]";https://www.sociolla.com/conditioner/77128-black-bean-anti-hair-loss-treatment;03/02/2026
P239;hydrating conditioner;sukin;Conditioner;215000;500; ml;olive oil, vit e, shea butter, coconut oil & extract, sesame oil, coconut, lime;"[""glycerin"", ""rosmarinus officinalis leaf oil"", ""menthol"", ""rosmarinus officinalis leaf extract"", ""biotin"", ""melaleuca alternifolia oil""]";https://www.sociolla.com/conditioner/28970-hydrating-conditioner;03/02/2026
P241;in france queen 5' no. 04 hair treatment;jmella;Conditioner;139000;500;ml;aqua, stearyl alcohol, cetyl alcohol, stearamidopropyl dimethylamine, parfum, cyclopentasiloxane, behentrimonium chloride, dimethicone, glycerin, steartrimonium chloride, phenoxyethanol, isopropyl alcohol, chlorphenesin, propylene glycol, amodimethicone, cetrimonium chloride, disodium edta, trideceth-12, arachidyl alcohol, butylene glycol, myristyl alcohol, cyclotetrasiloxane, trehalose, panthenol, lauryl alcohol, dipropylene glycol, 1, 2-hexanediol, citric acid, fragaria vesca leaf extract, hydrolyzed collagen, glycine, serine, glutamic acid, aspartic acid, leucine, alanine, lysine, arginine, tyrosine, phenylalanine, proline, threonine;"[""niacinamide"", ""aloe barbadensis leaf extract"", ""glycerin"", ""panthenol"", ""oleanolic acid"", ""biotinoyl tripeptide-1"", ""arginine""]";https://www.sociolla.com/conditioner/73318-jmella-in-france-queen-5-no-04-hair-treatment;03/02/2026
P243;conditioner hair fall;wardah;Conditioner;27500;170; ml;aqua, cetyl alcohol, dimethicone, bis-aminopropyl dimethicone, stearyl alcohol, behentrimonium methosulfate, phenoxyethanol, octamethylcyclotetrasiloxane, fragrance, hydrolyzed keratin, disodium edta, ethylhexylglycerin, propylene glycol, rosmarinus officinalis oil, peg-40 hydrogenated castor oil, trideceth-9, glucose, lactic acid, panax ginseng root extract, sodium benzoate, potassium sorbate, caramel;"[""glycerin"", ""amodimethicone"", ""camellia sinensis leaf extract"", ""centella asiatica extract"", ""arginine""]";https://www.sociolla.com/conditioner/9621-conditioner-hair-fall;03/02/2026
P244;pomelo hair conditioner;Cocoon;Conditioner;160000;310;ml;aqua water, cetearyl alcohol, cetyl alcohol, cocos nucifera oil, caprylic capric triglyceride, glycereth-26, dipalmitoylethyl dimonium chloride, citrus grandis peel oil, panthenol, sodium pca, sodium lactate, arginine, aspartic acid, pca, glycine, alanine, serine, valine, proline, threonine, isoleucine, histidine, phenylalanine, xylitylglucoside, anhydroxylitol, maltitol, xylitol, pelvetia canaliculata extract, epilobium angustifolium flower leaf stem extract, thymus vulgaris extract, triticum vulgare seed extract, calcium pantothenate, pyridoxine hcl, tocopherol, mentha piperita oil, dimethicone, amodimethicone, laureth-23, polyquaternium-10, laureth-4, bis-(iso;"[""glycerin"", ""amodimethicone"", ""camellia sinensis leaf extract"", ""centella asiatica extract"", ""arginine""]";https://www.sociolla.com/conditioner/59693-pomelo-hair-conditioner;03/02/2026
P245;kundal refreshing anti-dandruff conditioner;Kundal;Conditioner;130000;240;ml;water, stearyl alcohol, cetyl alcohol, behentrimonium chloride, dipropylene glycol, sorbitol, stearamidopropyl dimethylamine, caprylic capric triglyceride, hydrogenated coconut oil, alcohol, caprylyl glycol, aspartic acid, climbazole, menthol, ethylhexylglycerin, polyglyceryl-4 caprate, propanediol, polyglyceryl-10 isostearate, polyglyceryl-6 caprylate, malt extract, polyglyceryl-10 oleate, tocopherol, maltodextrin, biotin, melaleuca alternifolia leaf oil, panthenol, piroctone olamine, moringa oleifera seed oil, butyl avocadate, dextrin, moringa oleifera seed extract, hydrolyzed hibiscus esculentus extract, lepidium meyenii root extract, butylene glycol, houttuynia cordata extr;"[""hydrolyzed wheat protein"", ""argania spinosa kernel oil"", ""tocopherol""]";https://www.sociolla.com/conditioner/81320-kundal-refreshing-anti-dandruff-conditioner;03/02/2026
P246;marula repair conditioner;Dancoly;Conditioner;249000;400; ml;aqua, vinifera seed oil, cetearyl acohol, glycerin, cetylalcohol, ceteareth-33, marula oil, hydroxypropyl guar, dimethicone silsequioxane copolymer, cetrimonium chloride, macadamia ternifolia seed oil, pelargonium graveolens extract, parfum fragrance, iris florentina root extract, phenoxyethanol, citric acid;"[""climbazole"", ""piroctone olamine"", ""menthol"", ""camellia sinensis leaf extract"", ""panthenol"", ""aloe barbadensis leaf extract""]";https://www.sociolla.com/conditioner/52713-marula-repair-conditioner;03/02/2026
P247;jmella disney in france queen 5' no. 04 hair treatment;jmella;Conditioner;154000;500;ml;aqua, stearyl alcohol, cetyl alcohol, stearamidopropyl dimethylamine, parfum, cyclopentasiloxane, behentrimonium chloride, dimethicone, glycerin, steartrimonium chloride, phenoxyethanol, isopropyl alcohol, chlorphenesin, propylene glycol, amodimethicone, cetrimonium chloride, disodium edta, trideceth-12, arachidyl alcohol, butylene glycol, myristyl alcohol, cyclotetrasiloxane, trehalose, panthenol, lauryl alcohol, dipropylene glycol, 1, 2-hexanediol, citric acid, fragaria vesca leaf extract, hydrolyzed collagen, glycine, serine, glutamic acid, aspartic acid, leucine, alanine, lysine, arginine, tyrosine, phenylalanine, proline, threonine;"[""dimethicone"", ""salicylic acid""]";https://www.sociolla.com/conditioner/85295-jmella-disney-in-france-queen-5-no-04-hair-treatment;03/02/2026
P248;in france lime & basil no. 03 hair treatment;jmella;Conditioner;139000;500;ml;aqua, stearyl alcohol, cetyl alcohol, stearamidopropyl dimethylamine, parfum, cyclopentasiloxane, behentrimonium chloride, dimethicone, glycerin, steartrimonium chloride, phenoxyethanol, isopropyl alcohol, chlorphenesin, propylene glycol, amodimethicone, cetrimonium chloride, disodium edta, trideceth-12, arachidyl alcohol, butylene glycol, myristyl alcohol, cyclotetrasiloxane, trehalose, panthenol, lauryl alcohol, dipropylene glycol, 1, 2-hexanediol, citric acid, fragaria vesca leaf extract, hydrolyzed collagen, glycine, serine, glutamic acid, aspartic acid, leucine, alanine, lysine, arginine, tyrosine, phenylalanine, proline, threonine;"[""glycerin"", ""butyrospermum parkii"", ""dimethicone"", ""glycerin""]";https://www.sociolla.com/conditioner/73312-jmella-in-france-lime-and-basil-no-03-hair-treatment;03/02/2026
P249;rose elastic conditioner (for curly hair);Dancoly;Conditioner;239000;400; ml;aqua, rosa centifola flower extract, aloe leaf extract, glyceryl strearate, vitis vinifera seed oil, ginko biloba leaf extract, peg-4 sorbitan stearate, polyoxyethylene cetyl-stearyl ether, dimethicone silsesquioxane copolymer, cetrimonium cholride, hyaluronic acid, hydroxypropyl guar, jojoba oil peg-8 esters, phenoxyethanol;"[""tea tree oil""]";https://www.sociolla.com/conditioner/58215-rose-elastic-conditioner-for-curly-hair;03/02/2026
P250;deep cleanse conditioner;sukin;Conditioner;215000;500; ml;avocado oil, algae, vitamin e, lemon myrtle, wheat protein;"[""glycerin"", ""amodimethicone"", ""camellia sinensis leaf extract"", ""centella asiatica extract"", ""arginine""]";https://www.sociolla.com/conditioner/61247-deep-cleanse-conditioner;03/02/2026
P251;veggie pro conditioner;The Bath Box;Conditioner;249000;200;ml;bahan utama: 1 amino acid complex 2% 2 keravis 3% 3 orange, rosemary, lavender, ylang-ylang, dan geranium essential oils bebas sls bebas silicone bebas paraben;"[""dimethicone"", ""dimethicone"", ""argania spinosa kernel oil"", ""panthenol"", ""glycerin""]";https://www.sociolla.com/conditioner/84339-veggie-pro-conditioner;03/02/2026
P252;in france sparkling rosé no. 05 hair treatment;jmella;Conditioner;139000;500;ml;aqua, stearyl alcohol, cetyl alcohol, stearamidopropyl dimethylamine, parfum, cyclopentasiloxane, behentrimonium chloride, dimethicone, glycerin, steartrimonium chloride, phenoxyethanol, isopropyl alcohol, chlorphenesin, propylene glycol, amodimethicone, cetrimonium chloride, disodium edta, trideceth-12, arachidyl alcohol, butylene glycol, myristyl alcohol, cyclotetrasiloxane, trehalose, panthenol, lauryl alcohol, dipropylene glycol, 1, 2-hexanediol, citric acid, fragaria vesca leaf extract, hydrolyzed collagen, glycine, serine, glutamic acid, aspartic acid, leucine, alanine, lysine, arginine, tyrosine, phenylalanine, proline, threonine;"[""keratin"", ""hydrolyzed keratin"", ""ceramide np"", ""argania spinosa kernel oil"", ""ceramide np"", ""ceramide np"", ""hydrolyzed keratin""]";https://www.sociolla.com/conditioner/73320-jmella-in-france-sparkling-rose-no-05-hair-treatment;03/02/2026
P253;moist pro conditioner;The Bath Box;Conditioner;219000;200;ml;bahan utama: 1 real honey ex bunga randu 2 vegetable protein & pea protein 3 japanese gentian, chinese knotweed, simpleleaf chastetree extract bebas sls bebas silicone bebas paraben 84, 2% natural;"[""glycerin"", ""zinc gluconate"", ""panthenol"", ""hydrolyzed keratin"", ""keratin"", ""argania spinosa kernel oil"", ""retinyl palmitate"", ""ascorbic acid""]";https://www.sociolla.com/conditioner/84341-moist-pro-conditioner;03/02/2026
P254;ciara conditioner perfector with loquat leaf;Ciara;Conditioner;95000;275; ml;hero ingredients : loquoat leaf, caffeine, gingseng toot extract, baicapil, biotin;"[""glycerin"", ""argania spinosa kernel oil"", ""niacinamide"", ""polygonum multiflorum root extract"", ""tocopherol"", ""keratin""]";https://www.sociolla.com/conditioner/89033-ciara-conditioner-perfector-with-loquat-leaf;03/02/2026
P255;hello bubble all star smoothing conditioner;Mise En Scène;Conditioner;159000;500;ml;[ingredients] water aqua eau, glycerin, dipropylene glycol, dimethicone, cetyl alcohol, stearyl alcohol, behentrimonium chloride, caprylic capric triglyceride, fragrance parfum, hydroxyethylcellulose, disodium edta, ethylhexylglycerin, limonene, butylene glycol, punica granatum fruit extract, rosa damascena flower extract, 1, 2-hexanediol, tocopherol, camellia sinensis leaf extract;"[""dimethicone"", ""amodimethicone"", ""glycerin"", ""lactic acid""]";https://www.sociolla.com/conditioner/83538-hello-bubble-all-star-smoothing-conditioner;03/02/2026
P256;jmella in france do tyque no. 07 hair treatment;jmella;Conditioner;236000;500;ml;aqua, stearyl alcohol, cetyl alcohol, stearamidopropyl dimethylamine, parfum, cyclopentasiloxane, behentrimonium chloride, dimethicone, glycerin, steartrimonium chloride, phenoxyethanol, isopropyl alcohol, chlorphenesin, propylene glycol, amodimethicone, cetrimonium chloride, disodium edta, trideceth-12, arachidyl alcohol, butylene glycol, myristyl alcohol, cyclotetrasiloxane, trehalose, panthenol, lauryl alcohol, dipropylene glycol, 1, 2-hexanediol, persea gratissima oil, olea europaea fruit oil, argania spinosa kernel oil, camellia japonica seed oil, citric acid, fragaria vesca leaf extract, hydrolyzed collagen, glyc;"[""menthol"", ""salicylic acid"", ""panthenol"", ""niacinamide"", ""climbazole"", ""melaleuca alternifolia oil"", ""rosmarinus officinalis leaf extract"", ""centella asiatica extract"", ""biotin""]";https://www.sociolla.com/conditioner/85268-jmella-in-france-do-tyque-no-07-hair-treatment;03/02/2026
P257;tresemme color gloss conditioner light brunette perawatan rambut berwarna 228g?;TRESemmé;Conditioner;188000;228; gr;water, cetearyl alcohol, dimethicone, behentrimonium chloride, fragrance, dipropylene glycol, stearamidopropyl dimethylamine, amodimethicone, sodium chloride, lactic acid, disodium edta, phenoxyethanol, peg-7 propylheptyl ether, cetrimonium chloride, magnesium nitrate, hydrolyzed keratin, lysine hcl, gluconolactone, sodium sulfate, trehalose;"[""glycerin"", ""amodimethicone"", ""camellia sinensis leaf extract"", ""centella asiatica extract"", ""arginine""]";https://www.sociolla.com/conditioner/73493-tresemme-color-gloss-conditioner-light-brunette-perawatan-rambut-berwarna-228g;03/02/2026
P258;jmella disney in france femme fatale no. 02 hair treatment;jmella;Conditioner;92400;500;ml;aqua, stearyl alcohol, cetyl alcohol, stearamidopropyl dimethylamine, parfum, cyclopentasiloxane, behentrimonium chloride, dimethicone, glycerin, steartrimonium chloride, phenoxyethanol, isopropyl alcohol, chlorphenesin, propylene glycol, amodimethicone, cetrimonium chloride, disodium edta, trideceth-12, arachidyl alcohol, butylene glycol, myristyl alcohol, cyclotetrasiloxane, trehalose, panthenol, lauryl alcohol, dipropylene glycol, 1, 2-hexanediol, citric acid, fragaria vesca leaf extract, hydrolyzed collagen, glycine, serine, glutamic acid, aspartic acid, leucine, alanine, lysine, arginine, tyrosine, phenylalanine, proline, threonine;"[""glycerin"", ""glycerin"", ""argania spinosa kernel oil"", ""simmondsia chinensis seed oil"", ""tocopherol"", ""olea europaea oil""]";https://www.sociolla.com/conditioner/85294-jmella-disney-in-france-femme-fatale-no-02-hair-treatment;03/02/2026
P259;diane be true smooth repair relax treatment 400ml;Moist Diane;Conditioner;155000;400;ML;aqua, cetearyl alcohol, dimethicone, ricinus communis seed oil, polyepsilon-lysine, glucose, butylene glycol, hydrolyzed pea protein, brassica oleracea acephala leaf extract, hydrolyzed quinoa, hydrolyzed corn protein, prunus amygdalus dulcis oil, argania spinosa kernel oil, simmondsia chinensis seed oil, ethylhexyl palmitate, bis-behenyl isostearyl phytosteryl dimer dilinoleyl dimer dilinoleate, hydrogenated castor oil isostearate, dimethiconol, sodium lactate, hydroxyethylcellulose, glyceryl tri-hydrogenated rosinate, steartrimonium chloride, cetrimonium chloride, dicocodimonium chloride, isopropyl alcohol, glycerin, disodium edta, phenoxyethanol, fragrance (parf;"[""amodimethicone"", ""menthol"", ""lactic acid"", ""butyrospermum parkii""]";https://www.sociolla.com/conditioner/80755-diane-be-true-smooth-repair-relax-treatment-400ml;03/02/2026
P260;so so so smooth conditioner over the rainbow;Lavojoy;Conditioner;29000;300; ml;water, cetearyl alcohol, behentrimonium chloride, dimethicone, phenoxyethanol, aroma, sodium benzoate, bis-aminopropyl dimethicone, isopropyl alcohol, argania spinosa kernel oil, sclerocarya birrea seed oil, squalane, camellia japonica seed oil, hydroxyethylcellulose, disodium edta, panthenol, disodium phosphate, polysorbate 60, glycerin, sodium phosphate, terminalia ferdinandiana fruit extract, glycine soja germ extract, citric acid, potassium sorbate;"[""polygonum multiflorum root extract"", ""hydrolyzed wheat protein"", ""glycerin""]";https://www.sociolla.com/conditioner/72631-so-so-so-smooth-conditioner-over-the-rainbow;03/02/2026
P261;argan essential deep care conditioner;Nature Republic;Conditioner;275000;300; ml;water, glycerin, butyrospermum parkii butter, ethylhexyl stearate, cetearyl alcohol, glyceryl stearate se, hydrogenated coco-glycerides, 1, 2-hexanediol, dimethicone, fragrance, glyceryl stearate, peg-100 stearate, carbomer, phenoxyethanol, tromethamine, palmitic acid, stearic acid, caprylyl glycol, caprylic capric triglyceride, prunus serrulata flower extract, ethyl hexanediol, butylene glycol, aloe barbadensis leaf juice, lauroyl lysine, sodium phytate, hydrogenated lecithin, cholesterol, ethylhexylglycerin;"[""dimethicone"", ""dimethicone"", ""argania spinosa kernel oil"", ""panthenol"", ""glycerin""]";https://www.sociolla.com/conditioner/77153-argan-essential-deep-care-conditioner;03/02/2026
P265;hmns nourishing hair perfume another rose;hmns;Hair Mist;195000;250; ml;alcohol, water, fragrance, peg-40 hydrogenated castor oil, peg-12 dimethicone, trehalose, glycerine, propylene glycol, phenoxyethanol;"[""menthol"", ""aloe barbadensis leaf extract"", ""lactic acid"", ""niacinamide"", ""tocopherol""]";https://www.sociolla.com/hair-mist/91685-hmns-nourishing-hair-perfume-another-rose;03/02/2026
