product_id,name,brand,category,size,price,ingredients,source,date_collected
P001,Hold Me Tight Pro Shampoo Spring Wonder,Lavojoy,Shampoo,280ml,Rp97520,"water, cocamidopropyl hydroxsultaine, sodium c14-16 olefin sulfonate, sodium lauroyl sarcosinate, sodium lauroamphoaetate, sodium taurine cocoyl methyltaurate, sodium chloride, phenoxyethanol, peg-40 hydrogenated castor oil, fragrance, cocamide mea, cocamidopropyl betaine, hydroxyacetopjenone, betaine, peg-6 caprylick/capric glycerides, piroctone olamine, sodium isostearoyl lactylate, polyquaternium-10, citric acid, sodium cocoyl isethionate, trimethylolpropane tricaprylate/tricaprate, etidronic acid, panthenol, butylene glycol, phytosteryl oleate, glyceryl behenate, sodium benzoate, ppg-26-buteth-26, zingiber officinale (ginger) root extract, anemarrhena asphodeloides root extract, panax ginseng root extract, propylene glycol, caffeine, angelica polymorpha sinensis root extract, biota orientalis leaf extract, polygonum multiflorum root extract, 1,2-hexanediol, caprylyl glycol, cyclodextrin, chlorphenesin, adenosine, glycerin, ethylhexylglycerin, diaminopyrimidine oxide, niacinamide, yeast extract, aesculus hippocastanum (horse chestnut) seed extract, ammonium glycyrrhizate, zinc gluconate, sodium citrate, chrysin, arginine, oleanolic acid, palmityoyl tripeptide-1, myristoyl pentapeptide-4, acetyl tetrapeptide-3, hexapeptide-3, biotin.",https://www.sociolla.com/shampoo/77587-hold-me-tight-pro-shampoo-spring-wonder,11/1/2025
P002,Real Mary Exfoliating Scalp Shampoo,Rated Green,Shampoo,100ml,Rp89100,"water, rosmarinus offici nalis (rosemary) leaf water, sodium cocoyl isethionate, sodium methyl cocoyl taurate, disodium laureth sulfosuccinate, sodium lauroyl lactylate, decyl glucoside, rosmarinus officinalis (rosemary) leaf oil, quillaja saponaria bark extract, zingiber officina le (ginger) root extract, mentha piperita (peppermint) oil, glycerin, methylpropanediol, lauramide mipa, caprylyl glycol, coco - glucoside, citric acid, 1,2-hexanediol, trihydroxystearin, caprylic/capric triglyceride, ethylhexylglycerin, polyquaternium-10, salicylic acid, sodium citrate, sodium phytate, butylene glycol, tocopherol, alcohol, cetearyl alcohol, sodium benzoate, limonene",https://www.sociolla.com/shampoo/14647-real-mary-exfoliating-scalp-shampoo?size=100_ml,11/1/2025
P003,Real Grow Anti-Hair Loss Stimulating Scalp Spray,Rated Green,Hair Tonic,120ml,Rp211500,"rosmarinus officinalis (rosemary) leaf water, water, alcohol, dipropylene glycol, glycerin, methylpropanediol, rosmarinus officinalis (rosemary) leaf oil, pinus sylvestris leaf oil, glycine soja (soybean) seed extract, citrus aurantium dulcis (orange) peel oil, cocos nucifera (coconut) fruit extract, octyldodeceth-16, 1,2-hexanediol, menthol, salicylic acid, panthenol, tromethamine, zinc lactate, ethylhexylglycerin, pentylene glycol, butylene glycol, octanediol, biotin, hydrogenated lecithin, polyglyceryl-10 stearate, sodium ascorbyl phosphate, tocopheryl acetate, glyceryl arachidonate, glyceryl linolenate, retinyl palmitate, caffeine, limonene, linalool, geranio",https://www.sociolla.com/hair-serum/56919-real-grow-anti-hair-loss-stimulating-scalp-spray,11/1/2025
P004,Texture Experience Conditioner Green Tea Butter,Makarizo Professional,Conditioner,250ml,Rp66600,"aqua/water, sodium laureth sulfate, cocamidopropyl betaine, glycerin, polyquaternium-7, sodium chloride, fragrance",https://www.sociolla.com/conditioner/28173-texture-experience-conditioner-green-tea-butter,11/1/2025
P005,Keratin Pro Daily Use Hair Mask,Cbd Professional,Hair Mask,250g,Rp76800,"aqua, cyclopentasiloxane, behentrimonium chloride, hydroxypropyl starch phosphate, cetearyl alcohol, perfume, cetyl alcohol, glyceryl stearate, cetrimonium chloride, dimethiconol, isopropanol, peg-100 stearate, phenoxyethanol, panthenol, sodium pca, sorbitan caprylate, bht, disodium edta, hydrolyzed keratin, benzotriazolyl dodecyl p-cresol, sodium metabisulfite, citric acid.",https://www.sociolla.com/hair-mask/67659-keratin-pro-daily-use-hair-mask-500gr,11/1/2025
P006,BONVIE Kemiri Gin Tonic (with Biotin + Aloe Vera + Peppermint),Bonvie,Hair Tonic,60ml,Rp90200,"oleanolic acid, biotin, ginseng, kemiri, peppermint dan aloe vera.",https://www.sociolla.com/hair-tonic/86019-bonvie-kemiri-gin-tonic-with-biotin-aloe-vera-peppermint,11/1/2025
P007,Rosemary Hair Growth Oil,Lash Boss,Hair Serum,100ml,Rp255000,"rosemary,3% encapsulated biotin,rice bran oil,argan and jojoba oil",https://www.sociolla.com/hair-oil/82652-rosemary-hair-growth-oil?size=100_ml,11/1/2025
P008,Hot Oil Hair & Scalp Treatment by Ree DermaWellness,Ree Derma Wellness,Hair Oil,100ml,Rp204600,"water (aqua), capsicum anuum powder, ascorbic acid (vitamin o), pyridoxine (vitamin b6), tacopherols (vitamin e), manganese, flavonoids cocos nucifera (coconut) oil, phylloquinone (vitamin k) occurs naturally from ingredients.",https://www.sociolla.com/hair-oil/62563-hot-oil-hair-and-scalp-treatment-by-ree-dermawellness?size=100ml,11/1/2025
P009,ERHAIR Scalperfect Allantoin & Silk Protein Scalp Soothing Serum,Erha,Scalp serum,30ml,Rp95200,"allantoin, hydrolyzed silk protein, piroctone olamine, zinc gluconate, niacinamide, salicylic acid (bha), menthol",https://www.sociolla.com/hair-serum/53680-erhair-scalperfect-allantoin-and-silk-protein-scalp-soothing-serum,11/1/2025
P010,Ciara Hair Perfector Protein Cream,Ciara,Hair Vitamin,60ml,Rp109250,"silk amino extract, rambutan seed extract,keratin,hyaluranic acid",https://www.sociolla.com/hair-serum/85953-ciara-hair-perfector-protein-cream,11/1/2025
P011,Premium EX Hair Fall Care & Repair Conditioner Treatment,Tsubaki,Conditioner,450ml,Rp179530,"aqua, stearyl alcohol, isopentyldiol, behentrimonium chloride, glycerin, dimethicone, sorbitol, cetyl alcohol, dipropylene glycol, isopropyl alcohol, fragrance, aminopropyl dimethicone, isopropyl myristate, sodium methyltaurate, peg-2 laurate, salicylic acid, sodium benzoate, phenoxyethanol, c13-16 isoparaffin, polysilicone-13, steartrimonium chloride, laurtrimonium chloride, c10-13 isoparaffin, squalane, disodium edta, camellia japonica seed oil, butylene glycol, cetrimonium chloride, sodium dilauramidoglutamide lysine, amodimethicone, bis-ethylhexyloxyphenol methoxyphenyl triazine, phytosteryl macadamiate, ppg-2-deceth-12, citrus unshiu peel extract, eucheuma serra/grateloupia sparsa/saccharina angustata/ulva linza/undaria pinnatifida extract, lactic acid, saccharina angustata/undaria pinnatifida extract, tocopherol, phytosteryl/octyldodecyl lauroyl glutamate.?",https://www.sociolla.com/conditioner/89478-premium-ex-hair-fall-care-and-repair-conditioner-treatment,1/6/2026
P012,Hair Vitamin Keratin Hair Repair Jar,Ellips,Hair Vitamin,50ml,Rp115815,"cyclopentasiloxane, cyclotetrasiloxane, dimethiconol, fragrance",https://www.sociolla.com/hair-vitamin/28598-vitamin-rambut-keratin-hair-repair-jar,1/6/2026
P013,Collagen Repair Hair Serum,Cbd Professional,Hair Serum,100ml,Rp937205,"cyclopentasiloxane, isohexadecane, dimethiconol, dimethicone, caprylic/capric triglyceride, isopropyl myristate, perfume, aqua, carthamus tinctorius seed oil, rubus idaeus fruit extract, hydrolyzed collagen, phenoxyethanol",https://www.sociolla.com/hair-serum/76003-collagen-repair-hair-serum-100ml,1/6/2026
P014,MISSDAISY Perfume Shampoo - Rose & Oud,Miss Daisy,Shampoo,500ml,Rp369000,"aqua, sodium lauroyl methylaminopropionate, sodium methyl cocoyl taurate, cocoamidopropyl betaine, lauryl hydroxysultaine, ppg-2 hydroxyethyl coco/isostearamide, peg-250 distearate, fragrance, palmitamidopropyltrimonium chloride, dipropylene glycol, phenoxyethanol, citric acid, polyquaternium-10, guar hydroxypropyltrimonium chloride, c10-40 isoalkylamidopropylethyldimonium ethosulfate, tetrasodium edta, o-cymen-5-ol, hydrolyzed wheat protein, silk amino acids, ceramide np, ceramide ap, ceramide eop, phytoshingosine, cholesterol, sodium lauroyl lactylate, carbomer, xanthan gum, nicotiamide, helichrysum italicum extract, hydrolyzed rhodophycea extract.",https://www.sociolla.com/shampoo/76276-missdaisy-perfume-shampoo-rose-and-oud?size=500ml,1/6/2026
P015,Intensive Scalp Serum,Djamujamu,Scalp Serum,45ml,Rp203350,"water, alcohol, pisum sativum sprout extract, ocimum basilicum hairy root culture extract, peg-40 hydrogenated castor oil, panax ginseng root extract, menthyl lactate, hydroxyethylcellulose, sodium benzoate, zingiber officinale root oil, salicylic acid, santalum austrocaledonicum wood oil.",https://www.sociolla.com/hair-serum/74234-intensive-scalp-serum,1/6/2026
P016,Barber Daily 2 in 1 Hair Tonic Bottle,Makarizo Professional,Hair Tonic,140ml,Rp82980,"water, alcohol, propylene glycol, peg-40 hydrogenated castor oil, aloe vera leaf extract, fragrance, phenoxyethanol, menthol, panthenyl ethyl ether, piroctone olamine, citric acid, menthyl lactate, panax ginseng root extract, potassium sorbate, sodium ben.",https://www.sociolla.com/hair-tonic/28188-barber-daily-2-in-1-hair-tonic-bottle,1/6/2026
P017,Argan Repair Oil,Dancoly,Hair Oil,60ml,Rp259470,argania spinosa kernel oil helianthus annuus (sunflower) seed oil opuntia tuna extract citrus aurantium amara (bitter orange) flower extract boswellia carterii oil parfum phenoxyethanol.,https://www.sociolla.com/hair-oil/9717-argan-repair-oil,1/6/2026
P018,Kelaya Hair Shampoo,Kelaya,Shampoo,100ml,Rp48500,"aqua, sodium laureth sulfate, cocamidopropyl betaine, tetrahydroxy ethyl sulphate- disodium, aloe barbadensis extract,menthol, polyquaternium-7, peg-150 distearate, fragrance, potassium hydroxide, aleurites moluccana extract, cetrimonium chloride, bis (c13-15 alkoxy) pg-amodimethicone, sodium chloride, peg-400, piroctone olamine, tetrasodium edta methylchloroisothiazolinone, methylisothiazolinone..",https://www.sociolla.com/shampoo/77942-hair-treatment-shampoo-kemiri-and-extract-aloe-vera,1/6/2026
P019,Keratin Protein Repair Conditioner,Beamarry New York,Conditioner,380ml,Rp152213,"aqua, cetearyl alcohol, ethylhexyl palmitate, steartrimonium chloride, dimethicone, glyceryl stearate, hydroxyethylcellulose, dmdm hydantoin, parfum, glycerin, propylene glycol phenoxyethanol panthenol macadamia ternifolia seed oil, argania spinosa kernel oil, ci 19140, keratin, hydrolyzed keratin, oxidized keratin, rosmarinus officinalis (rosemary) leaf oil, rosa rugosa flower extract, rosa rugosa flower oil, michelia alba flower oil cymbidium grandiflorum (orchid) root extract, ci 75470, rosa centifolia flower extract, jasminum officinale (jasmine) extract, bellis perennis (daisy) flower extract, xanthan gum.",https://www.sociolla.com/conditioner/85225-keratin-protein-repair-conditioner,1/6/2026
P020,Coconut Milk Hair Serum,Beamarry New York,Hair Serum,110ml,Rp190246,"cyclopentasiloxaneisododecane, ethylhexyl palmitate, dimethiconol dimethicone parfum, olea europaea jolive fruit oil argania spinosa kernel oil orbignya oleifera seed oil, tocopheryl acetate, ci 15985, simmondsia chinensis (jojoba) seed oil butyrospermum parkii (shea butter), vitis vinifera (grape) seed oil, prunus amygdalus dulcis (sweet almond) oil, keratin, hydrolyzed keratin, oxidized keratin.",https://www.sociolla.com/hair-serum/85240-coconut-milk-hair-serum,1/6/2026
P021,Fino Premium Touch Permeation Essence Hair Mask,Shiseido Fino,Hair Mask,230g,Rp136856,"water, sorbitol, dimethicone, hydrogenated rapeseed oil alcohol, isopentyldiol, behentrimonium chloride, aminopropyldimethicone, alkyl (c12, 14) oxyhydroxypropylarginine hcl, stearyldihydroxypropyldimonium oligosaccharide, glutamate, stearyltrimonium chloride, trehalose, squalane, peg-90m, pca, dilauroyl glutamate (phytosteryl / octyldodecyl), polyquaternium-64, royal jelly extract, isopropanol, cetanol, octyldodecanol, ethanol, pg, bg, silica, bht, tocopherol, phenoxyethanol, sodium benzoate, fragrance, yellow 5",https://www.tokopedia.com/colorsbeaute/shiseido-fino-premium-touch-hair-mask-masker-rambut?extParam=ivf%3Dfalse%26keyword%3Dfino+premium+touch+permeation+essence+hair+mask%26search_id%3D2026022107382711B9842E0A271F39DNIJ%26src%3Dsearch&t_id=1771659741293&t_st=2&t_pp=search_result&t_efo=search_pure_goods_card&t_ef=goods_search&t_sm=&t_spt=search_result,1/7/2026
P022, CBD Professional Keratin Pro Daily,Cbd,Hair Mask,500gr,Rp105000,"aqua, cyclopentasiloxane, behentrimonium chloride, hydroxypropyl starch phosphate, cetearyl alcohol, perfume, cetyl alcohol, glyceryl stearate, cetrimonium chloride, dimethiconol, isopropanol, peg-100 stearate, phenoxyethanol, panthenol, sodium pca, sorbitan caprylate, bht, disodium edta, hydrolyzed keratin, benzotriazolyl dodecyl p-cresol, sodium metabisulfite, citric acid",https://www.tokopedia.com/cbdprofessional/bbd-cbd-professional-keratin-pro-daily-use-hair-mask-500gr-haircare-treatment-perawatan-setelah-shampoo-conditioner-vitamin-rambut-kering-kusut-kusam-menjadi-halus-berkilau-membersihkan-melembutkan-rambut-seperti-smoothing-1729420095615175062?extParam=ivf%3Dfalse%26keyword%3Dhair+care+hair+mask%26search_id%3D20260107112831CD00692C3BFE5939DSZU%26src%3Dsearch%26whid%3D12613736&t_id=1767785334549&t_st=5&t_pp=search_result&t_efo=search_pure_goods_card&t_ef=goods_search&t_sm=&t_spt=search_result,1/7/2026
P023,MAKARIZO Hair Recovery ,Makarizo,Hair Vitamin,50ml,Rp69700,"cyclopentasiloxane, cyclotetrasiloxane, phenyl trimethicone, dimethiconol, fragrance, tocopheryl acetate, hydrolyzed silk, pg-propyl methylsilanediol crosspolymer, hydrogenated soybean oil, retinyl palmitate, ascorbyl palmitate",https://www.watsons.co.id/id/makarizo-hair-recovery-pump-50ml/p/BP_45180,1/7/2026
P024,Hair Fall Control Shampoo ,Lab On Hair,Shampoo,300ml,Rp130000,"water, sodium laureth sulfate, cocamide mea, acrylates copolymer, cocamidopropyl hydroxysultaine, sodium chloride, fragrance, sodium cocoyl glycinate, dimethicone, glycerin, peg-150 distearate, behentrimonium chloride, triethanolamine, zingiber officinale (ginger) root, polyquaternium-7, methylparaben, allantoin, isopropyl alcohol, disodium edta, propylene glycol, magnesium nitrate, undecylenic acid, arginine, salicylic acid, zingiber officinale (ginger) root extract, 1,2-hexanediol, hydroxyacetophenone, propanediol, ci 19140, methylchloroisothiazolinone, magnesium chloride, methylisothiazolinone, panax ginseng root extract, ci 16255, hydrolyzed pea protein, larix europaea wood extract, glycine, sodium metabisulfite, camellia sinensis leaf extract, zinc chloride.",https://www.tokopedia.com/labonhair/lab-on-hair-anti-hair-fall-shampoo-sampo-perawatan-rambut-anti-rontok-anti-hair-fall-shampoo-membantu-revitalisasi-rambut-menjaga-kesehatan-kulit-kepala-mempercepat-pertumbuhan-rambut-dengan-redensyl-emortal-pep-ginger-ginseng-1729439470128564295?extParam=whid%3D16414396&aff_unique_id=&channel=others&chain_key=,1/7/2026
P025,TRESEMME Keratin Smooth Keratinbond,Tresemme,Serum Rambut,97ML,Rp156900,"cyclopentasiloxane, cyclohexasiloxane, dimethiconol, phenyl trimethicone, sclerocarya birrea seed oil, hydrolyzed keratin, fragrance (parfum), aminopropyl dimethicone, dimethicone crosspolymer.",https://www.sociolla.com/hair-serum/73476-tresemme-keratin-smooth-keratinbond-no-4-serum,1/7/2026
P026,Elseve Aminexil Serum,Loreal,Serum Rambut,102ml,Rp125000,"aqua / water, alcohol denat, diaminopyrimidine oxide, tocopherol, sodium hyaluronate, sodium citrate, caffeine, safflower glucoside, peg-40 hydrogenated castor oil, arginine, aminomethyl propanol, ammonium polyacryloyldimethyl taurate, limonene, menthol, piroctone olamine, citric acid, coumarin, parfum / fragrance (f.i.l. z70018039/1)..",https://www.watsons.co.id/id/l-oreal-elseve-aminexil-serum-anti-hair-fall-serum-102ml/p/BP_59845,1/7/2026
P027,Wonderlux Hold My Strands! Hair Fall Treatment,Wonderlux,Scalp Serum ,75ml,Rp150000,"aqua, butylene glycol, tetrasodium, disuccinoyl cystine, propanediol, ammonium polyacryloyldimethyl taurate, hydroxypropylgluconamide, niacinamide, aloe barbadensis extract, oryza sativa bran water, hydroxypropylammonium gluconate, glycerin, ethanol, pathenol, chlorphenesin, phenoxyethanol, zingiber officinale extract, ppg-26-buteth-26, peg-40 hydrogenated castor oil, phyllanthus emblica fruit extract, bioflavonoids, glycine, apigenin, serine, glutamic acid, oleanolic acid, aspartic acid, leucine, biotinoyl tripeptide-1, alanine, lysine, arginine, tyrosine, phenylalanine, threonine, proline, valine, isoleucine, histidine.",https://www.watsons.co.id/id/wonderlux-wonderlux-hold-my-strands-hair-fall-treatment-scalp-serum-75ml/p/BP_39916,1/7/2026
P028,Hair Tonic,Nr,Hair Tonic ,200ml,Rp81500,ethyl alcohol aqua fragrance peg40 hydrohenated castor oil triticum vulgare germ oil sodium salicylate propylene glycol dpanthenol linoleic acid retinyl palmitate ethoxydiglycol glucose citric acid chamomimilla recutita flower extract calcium pantothenate tussilago farfara leaf extract butylene glycol urtiva dioica extract serine pottassium sorbate caarmel inositol phenoxyethanol ci 47005 tartaric acid methylparaben ci 42090 biotin riboflavin butylparaben ethylparaben propylparaben isobutylparaben.,https://www.watsons.co.id/id/nr-hair-tonic-200ml/p/BP_72452,1/7/2026
P029,Ginseng Hair Tonic,Mylea,Hair Tonic ,200ml,Rp49900,"aqua, isopropyl alcohol, fragrance, peg-40 hydrogenated castor oil, propylene glycol, piroctone olamine, sodium salicylate, d-panthenol, citric acid, menthol, camphor, polysorbate 80, chamomilla recutita flower extract, glucose, linoleic acid, retinyl palmitate, alcohol, lactic acid, sodium benzoate, equisetum arvense extract, betula alba leaf extract, urtica dioica extract, phenoxyethanol, tocopheryl acetate, capric acid, potassium sorbate, ci 60730, caramel, ci 42090, methylparaben, tartaric acid, ethylparaben, propylparaben, butylparaben, bht.",https://www.watsons.co.id/id/mylea-ginseng-hair-tonic-200-ml/p/BP_72455,1/7/2026
P030,Cave Hair Tonic,Cave,Hair Tonic ,150ml,Rp150000,"aqua, alcohol denat, peg-40 hydrogenated castor oil, aleurites moluccana extract, fragrance (parfum) components and finished fragrances, panthenol, propylene glycol, menthol, capsicum annuum extract, cetyl pyridium chloride, ci 42090, biotin.",https://www.watsons.co.id/id/cave-cave-hair-tonic-150ml/p/BP_43416,1/7/2026
P031,Heat&Sun Protection Detangle Spray,Beamarry New York,Heat Protection Spray,200ml,Rp167580,"aqua, trideceth-10 amodimethicone, dimethiconol, glycerin, cocodimonium hydrox/propyl hydrolyzed keratin, propylene glycol, panthenol, tea-dodecylbenzenesulfonate, peg-40 hydrogenated castor oil, cetrimonium chloride, ethyl lauroyl arginate hcl, sodium citrate, benzophenône 4, parfum ethylhexy glycerin, 12-hexane diol citric acid, argania spinosá kernel oil, cocos nucifera (coconut) oil macadamia ternifo lia seed oil, sodium hivaluronate vitex trifola fruit extract, keratin, endrolvzed keratin oxidized keratin.",https://www.sociolla.com/shampoo/85377-heat-and-sun-protection-detangle-spray,1/9/2026
P032,Pantene Conditioner Miracles Collagen Repair for Damage Care,Pantene,Conditioner,70ml,Rp18000,"water, silicone quaternium-26, stearyl alcohol, cetyl alcohol, benzyl alcohol, disodium edta, polysorbate 20, hexyl cinnamal, panthenol, histidine, panthenyl ethyl ether, citric acid, collagen.",https://www.tokopedia.com/watsons-indonesia-official-store/pantene-conditioner-miracles-collagen-repair-for-damage-care-70ml?extParam=ivf%3Dfalse%26keyword%3Dconditioner%26search_id%3D202601091126430BB4AEC17105210F8KP8%26src%3Dsearch&t_id=1767957222016&t_st=4&t_pp=search_result&t_efo=search_pure_goods_card&t_ef=goods_search&t_sm=&t_spt=search_resulty,1/9/2026
P033,LOreal Total Repair 5 Hair Spa Mask,Loreal,Hair Mask,200ml,Rp100400,"aqua/water, cetearyl alcohol, behentrimonium chloride, glycerin, cetyl esters, hydroxypropyltrimonium hydrolyzed wheat protein, dodocene, phenoxyethanol, arginine, chlorhexidine digluconate, poloxamen 407, limonene, linalool, benzyl salicylate, isopropyl myristate, 2-oleamido-1,3-octadecandediol, serine, bht, citric acid, butylphenyl methylpropional, lauryl peg/ppg-18/18 methicone, glutamic acid, hexyl cinnamal, glyceryl linoleate, glyceryl oleate, glyceryl linolenate, parfum/fragrance (f.i.l. c37037/1/.",https://www.watsons.co.id/id/l-oreal-l-oreal-total-repair-5-hair-spa-mask-200ml/p/BP_48665,1/9/2026
P034,Hair Mask Pro Keratin Hair Repair Tube ,Ellips,Hair Mask,120g,Rp58500,aqua cetearyl alcohol dimethicone dimethiconol cetyl ester amodimethicone cyclotetrasiloxane trideceth12 cetrimonium chloride cyclopentasiloxane sodium benzoate dimethyl palmitamine steartrimonium chloride isopropyl alcohol potato starch modified fragrance phenoxyethanol methylparaben ethylparaben butylparaben propylparaben lactic acid panthenol simmondsia chinensis seed oil tocopheryl acetate soybean glycine soja oil retinyl palmitate ascorbyl palmitate.,https://www.watsons.co.id/id/ellips-hair-mask-pro-keratin-hair-repair-tube-120g/p/BP_72506,1/9/2026
P035,Kerastase Chronologiste Hair Oil ,Kerastase,Hair Oil,75ml,Rp1200000,"isododecane, caprylic/capric triglyceride, dimethicone, dicaprylyl ether, dimethiconol, trimethylsiloxysilicate, parfum / fragrance, linalool, argania spinosa kernel oil, helianthus annuus seed oil / sunflower seed oil, limonene, citronellol, jasminum grandiflorum flower extract / jasmine flower extract, tocopherol, geraniol, benzyl alcohol, benzyl benzoate, commiphora myrrha resin extract",https://www.tokopedia.com/kerastaseofficial/kerastase-chronologiste-hair-oil-75ml-hair-perfume-in-oil-parfum-rambut-dan-serum-untuk-rambut-rapuh-kusam-1730674859546937228?extParam=src%3Dshop%26whid%3D13679389&aff_unique_id=&channel=others&chain_key=,1/9/2026
P036,Kerastase Serum Potentialiste ,Kerastase,Hair serum,90ml,Rp770000,"aqua / water / eau, alcohol denat., bifida ferment lysate, ascorbyl glucoside, aminomethyl propanol, peg-40 hydrogenated castor oil, carbomer, mannose, polysorbate 21, alpha-glucan oligosaccharide, phenoxyethanol, glycerin, pentylene glycol, polymnia sonchifolia root juice, faex extract / yeast extract / extrait de levure, sodium benzoate, maltodextrin, limonene, geraniol, hexyl cinnamal, benzyl benzoate, benzyl alcohol, lactobacillus, linalool, citral, parfum / fragrance.",https://www.tokopedia.com/kerastaseofficial/kerastase-serum-potentialiste-90ml-scalp-barrier-serum-serum-untuk-keseimbangan-microbiome-di-kulit-kepala-mengandung-10-bifidus-probiotic-prebiotic-1-vitamin-c-1729961148801648524?extParam=whid%3D13679389%26src%3Dshop&aff_unique_id=&channel=others&chain_key=,1/9/2026
P037,Kerastase Bain Nutri Genesis ,Kerastase,Shampoo,500ml,Rp998000,"aqua (water / eau), sodium laureth sulfate, ammonium lauryl sulfate, cocamidopropyl betaine, sodium chloride, parfum (fragrance), glycol distearate, cocamide mea, laureth-7, citric acid, sodium benzoate, sodium hydroxide, polyquaternium-10, peg-4 rapeseedamide, menthol, guar hydroxypropyltrimonium chloride, caffeine, arginine, serine, hydrolyzed keratin, hydrolyzed wheat protein, tocopherol (vitamin e), linalool, hexyl cinnamal, benzyl salicylate, limonene, geraniol, ci 17200 (red 33).",https://www.tokopedia.com/kerastaseofficial/kerastase-bain-nutri-genesis-500ml-anti-hair-fall-shampoo-thick-hair-shampoo-untuk-rambut-rontok-patah-helaian-tebal-1730357209723602828?extParam=src%3Dshop%26whid%3D13679389&aff_unique_id=&channel=others&chain_key=,1/9/2026
P038,SDB Heat Protection Spray ,Sdb,HEAT PROTECTION,100ml,Rp65490,"aqua (water), cyclopentasiloxane, dimethicone, cyclohexasiloxane,hydrolyzed keratin, collagen, panthenol,glycerin, polyquaternium-7, peg-12 dimethicone,phenoxyethanol, ethylhexylglycerin,disodium edta, citric acid,parfum (fragrance).",https://www.tokopedia.com/nimetolshop/sdb-heat-protection-spray-100ml-keratin-collagen-melindungi-rambut-rusak-kusut-catok-hair-dryer-1730888079183414903?extParam=ivf%3Dfalse%26keyword%3Dheat+protectant%26search_id%3D20260109111329357A6FDF7642BF2E6BEZ%26src%3Dsearch&t_id=1767957222016&t_st=1&t_pp=search_result&t_efo=search_pure_goods_card&t_ef=goods_search&t_sm=&t_spt=search_result,1/9/2026
P039,SCHWARZKOPF PROFESSIONAL OSIS+ Flatliner,Osis+,HEAT PROTECTION,200ml,Rp220000,"aqua (water, eau), alcohol denat, propylene glycol, polyurethane-48, peg-60 hydrogenated castor oil, sodium benzoate, parfum (fragrance), bis-isobutyl peg/?ppg-20/?35/?amodimethicone copolymer, cetyl ethylhexanoate, lactic acid, polysorbate 80, butylene glycol, methylpropanediol, gluconolactone, hydrolyzed keratin, linalool, methyl benzoate.",https://www.tokopedia.com/firsthandgrooming/schwarzkopf-professional-osis-flatliner-heat-protection-spray,1/9/2026
P040,Makarizo Advisor Hair Recovery Vitamax,Makarizo,HEAT PROTECTION,28mLx,Rp35000,"cyclotetrasiloxane, cyclopentasiloxane, dimethiconol, phenyl trimethicone, tocopheryl acetate, perfume, hydrolyzed silk pg-propyl, hydrogenated soybean oil, retinyl palmitate, ascorbyl palmitate.",https://www.tokopedia.com/makarizo-advisor/makarizo-advisor-hair-recovery-vitamax-8mlx3-vitamin-rambut-hair-vitamin-serum-rambut-hair-serum-heat-protectant-perawatan-haircare-melembutkan-1733752031937398034?extParam=ivf%3Dfalse%26keyword%3Dheat+protectant%26search_id%3D20260109111329357A6FDF7642BF2E6BEZ%26src%3Dsearch&t_id=1767957222016&t_st=3&t_pp=search_result&t_efo=search_pure_goods_card&t_ef=goods_search&t_sm=&t_spt=search_result,1/9/2026
P041,Voluminous & Grow Scalp Treatment Hair Tonic Serum,Hairmony,Hair Tonic,100mL,Rp102860,"water, alcohol denat, propylene glycol, glicerine, panax ginseng root extract, peg-40 hydrogenated castor oil, phenoxyethanol, butylene glycol, menthol, panthenol, ammonium acryloyldimethyltaurate/vp copolymer, arthemisia vulgaris extract, natrium edta, allantoin, ethylhexylglycerin, sophora flavescens root extract, capsicum anuum fruit extract, lycium chinense fruit extract, camellia cinesis leaf extract, angelca gigas root extract, angelca dahurica root extract, rubus coreanus fruit extract, morus alba root extract, pinus palustris leaf extract, lithospermum erythrorhizon root extract, polygonum ultifloronum root extract, citric acid, salicylic acid, sodium benzoate, potassium sorbate.",https://www.sociolla.com/hair-tonic/75578-voluminous-and-grow-scalp-treatment-hair-tonic-serum,1/28/2026
P042,Kundal Scalp Care and Caffeine Shampoo,Kundal,Shampoo,500mL,Rp169500,"1,2-hexanediol, allantoin, alpha-isomethyl ionone, angelica gigas extract, aqua, asarum sieboldii root extract, betaine, butylene glycol, caffeine, camellia japonica leaf extract, camellia sinensis leaf extract, caprylyl glycol, carthamus tinctorius flower extract, ceratonia siliqua fruit extract, citric acid, coco-betaine, coco-glucoside, cordyceps sinensis extract, coumarin, decyl glucoside, dioscorea japonica root extract, diospyros kaki fruit extract, dipotassium glycyrrhizate, dipropylene glycol, fragrance (parfum) components and finished fragrances, ginkgo biloba leaf extract, glycerin, glycine max seed extract, glycyrrhiza glabra root extract, guar hydroxypropyltrimonium chloride, hexyl cinnamal, hydrolyzed collagen, hydroxyacetophenone, hydroxycitronellal, linalool, lithospermum erythrorhizon root extract, lycium chinense fruit extract, menthol, morus alba bark extract, niacinamide, paeonia lactiflora root extract, panax ginseng root extract, panthenol, polygonum multiflorum root extract, portulaca oleracea extract, propylene glycol laurate, rheum palmatum root extract, salicylic acid, sodium chloride, sodium coco-sulfate, sodium gluconate, sophora flavescens root extract, thuja occidentalis leaf extract, ulmus davidiana root extract, ziziphus jujuba fruit extract.",https://www.sociolla.com/shampoo/70784-kundal-scalp-care-and-caffeine-shampoo,1/28/2026
P043,Euphoria Perfume Silky Conditioner,Hairoic,Conditioner,180gr,Rp34048,"hair moisturizing agent, vitamin e, vitamin c (citrus sinensis peel extract), vitamin b5 (panthenol), glycerin, aloe vera extract, allantoin, hair & scalp nutrition, vitamin e, vitamin b5 (panthenol), niacinamide, soothing agent, allantoin, aloe vera extract, vitamin b5 (panthenol), triple scalp barrier protection, blooming fragrance.",https://www.sociolla.com/conditioner/91174-euphoria-perfume-silky-conditioner,1/28/2026
P044,Orange Flower Color Protect Hair Mask,Dancoly,Hair Mask,500gr,Rp251100,"aqua/water, citrus aurantium amara flower extract, vitis vinifera (grape) seed oil, pelargonium graveolens (geranium) extract, glyceryl stearates, dimethicone/peg-10/15 crosspolymer, dimethicone/silsesquioxane copolymer, polyoxyethylene cetyl-stearyl ether, simmondsia chinensis (jojoba) oil peg-8 esters, rosa rugosa flower extract, peg-4 sorbitan stearate, hyaluronic acid, hydroxypropyl guar, phenoxyethanol.",https://www.sociolla.com/hair-mask/9720-orange-flower-color-protect-hair-mask,1/28/2026
P045,Hair Loss Shampoo,Dancoly,Shampoo,530gr,Rp303400,"water, decyl glucoside, lauryl glucoside, sodium cocoyl glutamate, cocodimonium hydroxypropyl hydrolyzed wheat protein, sophora flavescens root extract, capsicum annuum extract, lycium chinense fruit extract, camellia sinensis leaf extract, angelica gigas root extract, angelica dahurica root extract, rubus coreanus fruit extract, morus alba root extract, pinus palustris leaf extract, lithospermum officinale root extract, polygonum multiflorum root extract, menthol, propylene glycol, salicylic acid, dexpanthenol, rosmarinus officinalis (rosemary) leaf oil, lavandula angustifolia (lavender) oil, ocimum basilicum (basil) oil, salvia sclarea (clary) oil, pelargonium graveolens flower oil, citrus grandis (grapefruit) peel oil, citrus limon (lemon) peel oil, citrus aurantium dulcis (orange) peel oil, citrus aurantium bergamia (bergamot) fruit oil, sodium hyaluronate, niacinamide, citric acid, 1,2-hexanediol, caprylyl glycol, polyquaternium-10, disodium edta, limonene.",https://www.sociolla.com/shampoo/59448-lador-hair-loss-shampoo?size=530ml,1/28/2026
P046,Hair Tonic Biotin Hairfall Control ,Dove,Hair Tonic,75ml,Rp47000,"water, oleth-20, phenoxyethanol, glycerin, caprylyl glycol, perfume, disodium edta, zinc sulfate heptahydrate, hydrolyzed yeast protein, urea, sodium benzoate, disodium phosphate, sodium hydroxide, potassium sorbate, biotin, citric acid, ceramide ng.",https://www.watsons.co.id/id/dove-hair-tonic-biotin-hairfall-control-75ml/p/BP_64363,1/31/2026
P047,Hair Energy Aloe & Melon,Makarizo,Creambath,500g,Rp120600,"water, cetearyl alcohol, paraffinum liquidum, ethylhexyl palmitate, propylene glycol, cetyl esters, cetrimonium chloride, fragrance, behentrimonium chloride, amodimethicone, ceteareth-20, bis (13-15 alkoxy) pg amodimethicone, aloe barbadensis leaf extract, dmdm hydantoin, panthenyl ethyl ether, c14-15 alcohols, steartrimonium chloride, trideceth-12, trideceth-10, menthol, cl 47005, cl 42090, phenoxyethanol, butylene glycol, menthyl lactate, lactic acid, iodopropynyl butylcarbamate, passiflora edulis seed oil, isotridecanol, cyclotetrasiloxane, oryza sativa (rice) bran oil, hydrolyzed keratin, magnesium nitrate, euterpe oleracea fruit oil, methylchloroisothiazolinone, magnesium chloride, citrus aurantifolia (lime) fruit extract, methylisothiazolinone, persea gratissima fruit extract, trigonella foenum-graecum seed extract, cucumis melo (melon) fruit extract.",https://www.watsons.co.id/id/makarizo-hair-energy-aloe-melon-500g/p/BP_47079,1/31/2026
P048,Grace and Glow Hair Vitamin Mist ,Grace And Glow,Hair Mist,100ml,Rp34500,"water, glyserine, peg-40 hydrogenated castor oil, fragrance, phenoxyethanol, silk extract, chlorphenesin, panthenol, ethylhexylglycerin, disodium edta, butylene glycol, propylene glycol, anthemis nobilis flower extract, sclerocarya birrea fruit extract, butyrospermum parkii (shea) butter, olea europea fruit oil, helianthus annuus (sunflower oil) hydroxyacetophenone, calendula officinalis flower extract, hydrolyzed keratin.",https://www.tokopedia.com/graceandglowofficial/grace-and-glow-hair-vitamin-mist-silk-protect-daisy-peony-blush-haircare-perawatan-treatment-rambut-spray-untuk-melembutkan-rambut-kering-dan-bercabang-with-argan-oil-1729432845638928652?extParam=ivf%3Dfalse%26keyword%3D%09hair+mist%26search_id%3D2026013111594637BC2F75BF1BCF2F95EG%26src%3Dsearch&t_id=1769860690089&t_st=3&t_pp=search_result&t_efo=search_pure_goods_card&t_ef=goods_search&t_sm=&t_spt=search_result,1/31/2026
P049,Real Argan Repairing Shampoo,Rated Green,Shampoo,100ml,Rp89100,"water, disodium laureth sulfosuccinate,cocamidopropyl betaine, lauramide mipa, sodium cocoyl isethionate, argania spinosa kernel oil, quillaja saponaria bark extract, coco-glucoside, sodium chloride, citric acid, sorbeth-30 tetraoleate, decyl glucoside, polyquaternium-10, trihydroxystearin, polyquaternium-22, caprylic/capric triglyceride, sodium citrate, caprylyl glycol, ethylhexylglycerin, soyamidopropylamine oxide, sodium phytate, sorbitan laurate, 1,2-hexanediol, glycolipids, tocopherol, betaine, panthenol, butylene glycol, acetyl hexapeptide-8, ascorbic acid polypeptide, acetyl octapeptide-3, acetyl tetrapeptide-2, acetyl tetrapeptide-3, acetyl tetrapeptide-5, acetyl tetrapeptide-9, carnosine, copper tripeptide-1, nonapeptide-1, palmitoyl pentapeptide-4, palmitoyl tripeptide-1, palmitoyl tripeptide-5, alcohol denat., cetearyl alcohol, sodium benzoate, potassium sorbate, fragrance(parfum).",https://www.sociolla.com/shampoo/79402-real-argan-repairing-shampoo?size=100ml,1/31/2026
P050,Real Argan Smoothing Hair Serum,Rated Green,Hair Serum,150ml,Rp231200,"cyclopentasiloxane, dimethiconol, dimethicone, argania spinosa kernel oil, c12-15 alkyl benzoate, water, glycolipids, alcohol denat., fragrance (parfum).",https://www.sociolla.com/hair-serum/69202-real-argan-smoothing-hair-serum,1/31/2026
P051,MISSDAISY Perfume Hair Mask,Miss Daisy,Hair Mask,250ml,Rp289000,"aqua, cetearyl alcohol, brassicamidopropyl dimethylamine, dimethicone, amodimethicone, cetearaeth-7, ceteareth-25, cyclopentasiloxane, fragrance, behentrimonium chloride, dipropylene glycol, glycolic acid, simmondsia chinensis seed oil, squalane, butyrospermum parkii, argania spinosa kernel oil, phenoxyethanol, polyquaternium-7, guar hydroxypropyltrimonium chloride, c10-40 isoalkylamidopropylethyldimonium ethosulfate, o-cymen-5-ol, hyrdolyzed wheat protein, silk amino acids, ceramide np, ceramide ap, ceramide eop, phytoshingosine, cholesterol, sodium lauroyl lactylate, carbomer, xanthan gum, nicotiamide.",https://www.sociolla.com/hair-mask/76280-missdaisy-perfume-hair-mask-blackcurrant-and-vanilla-sugar,1/31/2026
P052,MDrop Dead Growgeous,Wonderlux,Scalp Serum,75ml,Rp166500,"aqua, butylene glycol, 2,4-diamino-pyrimidine-3-oxide (cas no 74638-76-9)), ammonium polyacryloyldimethyl taurate, niacinamide, propanediol, oryza sativa bran water, glycerin, panthenol, zingiber officinale extract, phenoxyethanol, chlorphenesin, nasturtium officinale flower/leaf extract, ppg-26-buteth-26, peg-40 hydrogenated castor oil, aloe barbadensis extract, pisum sativum sprout extract, sodium benzoate, magnesium ascorbyl phosphate, hydrolyzed corn protein, glycine, apigenin, adenosine, serine, glutamic acid, oleanolic acid, aspartic acid, leucine active ingredient 0.00071, biotinoyl tripeptide-1, alanine, arginine, tyrosine, phenylalanine, threonine, proline, valine, isoleucine, carnitine.",https://www.sociolla.com/hair-serum/78251-drop-dead-growgeous-densifying-hair-scalp-serum,1/31/2026
P053,Daikin Conditioner,Osweet Singapore,Conditioner,450ml,Rp327999,"hydrolyzed wheat protein, lactic acid, propylparaben, sodium lauroyl hydrolyzed silk, trideceth-12, aqua, behentrimonium chloride, cetearyl alcohol, cetrimonium chloride, cetyl alcohol, hydroxyethylcellulose, methylisothiazolinone, methylparaben, parfum, snail secretion filtrate, zingiber officinale extract, hyaluronic acid.",https://www.sociolla.com/conditioner/58773-daikin-conditioner?size=450_ml,1/31/2026
P054,Hair Mistion! Eternal Bloom,Wonderlux,Hair mist,50ml,Rp327999,"water, trideceth-9, fragnance (parfum) components and finished fragrance, peg-40 hydrogenated castor oil, propanediol, phenoxyethanol, caprylic/capric triglyceride,ethoxydiglycol, pentaclethra macroloba seed oil, polysorbate 20, sodium pca,chlorphenesin, d-panthenol, disodium edta, o-cymen-5-ol, hydroxypropylgluconamide, hydroxypropyl ammonium gluconate, polyquaternium-7, glycerin, magnolia officinalis bark extract, zingiber officinale root extract, hydrolyzed jojobaesters, tartaric acid, benzyl alcohol, sodium benzoate, potassium sorbate.",https://www.sociolla.com/hair-mist/87300-eternal-bloom-smooth-nourishment-hair-mist,1/31/2026
P055,Hair Volumizing Conditioner,Woshday,Conditioner,340ml,Rp249000,"water, cetearyl alcohol, cetyl alcohol, glycerin, isopropyl palmitate, fragrance, cetyl esters, behentrimonium chloride, brassicyl valinate esylate, stearamidopropyl dimethylamine, phenoxyethanol, brassica alcohol, citric acid, isopropyl alcohol, cetrimonium chloride, chlorphenesin, calcium gluconate, colloidal oatmeal, guar hydroxypropyltrimonium chloride, panthenol, simmondsia chinensis seed oil, vitis vinifera seed oil, lactic acid, leuconostoc/radish root ferment filtrate, dihydroxypropyl arginine hcl, polyquaternium-7, tocopheryl acetate, aloe barbadensis leaf juice, sodium benzoate, camellia sinensis leaf extract, potassium sorbate.",https://www.sociolla.com/conditioner/91716-hair-volumizing-conditioner,1/31/2026
P056,Hair Oil with Peppermint,Tumbuh Lab,Hair Oil ,60ml,Rp121500,"virgin coconut oil, castor oil, rosemary essential oil, lavender essential oil, peppermint essential oil.",https://www.sociolla.com/hair-oil/75451-hair-oil-with-peppermint,1/31/2026
P057,Texture Experience Creambath Strawberry Yoghurt Softening & Shine-Boosting Treatment,Makarizo Professional,Creambath,75ml,Rp166500,"Aqua, Cetyl Alcohol, Stearyl Alcohol, Behentrimonium Methosulfate, Cetearyl Alcohol, Glycerin, Cetrimonium Chloride, Parfum/Fragrance, Propylene Glycol, Isopropyl Myristate, Cocos Nucifera (Coconut) Oil, Butyrospermum Parkii (Shea Butter), Hydrolyzed Keratin, Fragaria Ananassa (Strawberry) Fruit Extract, Tocopheryl Acetate (Vitamin E), Panthenol (Pro-Vitamin B5), Citric Acid, Sodium Benzoate, Potassium Sorbate, Lactic Acid.",https://www.sociolla.com/hair-mask/28165-texture-experience-creambath-strawberry-yoghurt-softening-and-shine-boosting-treatment?size=200ml,1/31/2026
P058,Drop Dead Growgeous! Hair Densifying Conditioner,Wonderlux, Conditioner,200ml,Rp98400,"aqua, cetearyl alcohol, glycerin, mineral oil, fragrance (parfum) components and finished fragrances, stearamidopropyl dimethylamine, dimethiconol, behentrimonium chloride, dimethicone, propanediol, ceteareth-22, phenoxyethanol, cetrimonium chloride, hydrolyzed jojoba esters, citric acid, dipropylene glycol, amodimethicone, chlorphenesin, bisamino peg/ppg-41/3 aminoethyl pg-propyl dimethicone, laureth-4, laureth-5, laureth-23, peg-55 stearate, disodium edta, bht, xanthan gum, caprylyl glycol, butylene glycol, ci 19140, ci 42090, peg-26-buteth-26, peg-40 hydrogenated castor oil, magnesium ascorbyl phosphate, hydrolyzed corn protein, sodium benzoate, arginine, glycine, adenosine, serine, glutamic acid, aspartic acid, leucine, apigenin, alanine, lysine, tyrosine, phenylalanine, threonine, proline, valine, oleanolic acid, isoleucine, biotinoyl tripeptide-1, histidine, carnitine..",https://www.sociolla.com/conditioner/92385-drop-dead-growgeous-hair-densifying-conditioner,1/31/2026
P059,Pomelo Hair Tonic,Cocoon,Hair Tonic,140ml,Rp114000,"water, isododecane, c15-19 alkane, glycerin, citrus grandis peel oil, xylitylglucoside, anhydroxylitol, maltitol, xylitol, pelvetia canaliculata extract, propanediol, arginine, lactic acid, glycine soja germ extract, triticum vulgare germ extract, scutellaria baicalensis root extract, bisabolol, gluconolactone, calcium gluconate, panthenol, betaine, citrus aurantium dulcis peel oil, mentha piperita oil, sodium polyacrylate starch, glycereth-26, phenyl trimethicone, caprylyl methicone, trisodium ethylenediamine disuccinate, ethyhexylglycerin, bht, phenoxyethanol, sodium benzoate.",https://www.sociolla.com/hair-serum/75608-pomelo-hair-tonic,1/31/2026
P060,My Hair Recipe Essential Oil Serum,Innisfree,Hair Oil,100ml,Rp110400,"cyclopentasiloxane, dimethiconol, octyldodecanol, camellia japonica seed oil, trisiloxane, fragrance / parfum, glycolipids, glycerin, water / aqua / eau, ceramide np, camellia japonica flower extract, phytosphingosine, hydrogenated lecithin,camellia japonica leaf extract.",https://www.sociolla.com/hair-oil/79102-my-hair-recipe-essential-oil-serum,1/31/2026
P061,OSweet Singapore Anti-Dandruff & Oil Control Shampoo,Osweet Singapore,Shampoo,300ml,Rp241799,"water, sodium lauryl alcohol polyether sulfate, essence, c8-c14 alkyl glucoside, octyl glucoside, bis aminopropyl polydimethylsiloxane, polydimethylsiloxane alcohol, cetyl alcohol, sodium stearoyl lactylate, cocamidopropyl pg dimethyl ammonium chloride, sorbitan tristearate, lysine thiazolidinecarboxylate, guar gum hydroxypropyl trimethyl ammonium chloride, allantoin, menthol, potassium cocoyl glycine potassium lauroyl sarcosine, glycerin, sodium lauryl ether sulfate, ethylene glycol distearate, polylysine, pyrrolidone ethanolamine salt, dichlorobenzyl alcohol, citric acid, silk fibroin, coconut amide dea, titanium dioxide, quaternary ammonium salt - 80, coconut glucoside, propylene glycol, sodium isostearyl lactylate, sodium lactate, polyquaternary ammonium salt - 7, benzyl alcohol, phenoxyethanol, sodium benzoate, methyl isothiazolinone.",https://www.sociolla.com/shampoo/79044-o-sweet-singapore-anti-dandruff-and-oil-control-shampoo,1/31/2026
P062,Argan Repair Hairmask,Dancoly,Hairmask,550ml,Rp257140,"no mineral oil/paraffin oil/vaseline, no propylene glycol, no animal testing, organic natural ingredients (89%), bpom, serta telah tersertifikasi gmp & fda.",https://www.sociolla.com/hair-mask/9718-argan-repair-hairmask-?size=550_gr,1/31/2026
P063,Texture Experience Creambath Mint Sorbet Purifying & Refreshing Treatment,Makarizo Professional,Hairmask,200ml,Rp92250,"piroctone olamine, menthol, panthenol, hydrolyzed collagen.",https://www.sociolla.com/hair-mask/28164-texture-experience-creambath-mint-sorbet-purifying-and-refreshing-treatment?size=200ml,1/31/2026
P064,Ginseng & Chesnut Seed Extract Hair Tonic With Biotin & Panthenol,Votre Peau,Hair Tonic,100ml,Rp112200,"ekstrak ginseng, horse chestnut, retinyl palmitate, biotin, panthenol.",https://www.sociolla.com/hair-tonic/80556-ginseng-and-chesnut-seed-extract-hair-tonic-with-biotin-and-panthenol,1/31/2026
P065,Dreamy Hour Perfume Hair Vitamin Mist,Hairoic,Hair Misk,50gr,Rp122400,"itamin e, vitamin c (citrus sinensis peel extract), vitamin b5 (panthenol), glycerin, aloe vera extract, allantoin, niacinamide, triple shaft protection, dan blooming fragrance.",https://www.sociolla.com/hair-mist/91175-dreamy-hour-perfume-hair-vitamin-mist,1/31/2026
P066,Amethyst Anti Dandruff Shampoo,Grace And Glow,Shampoo,400ml,Rp77625,"aqua, sodium laureth sulfate, glycerin, cocamidopropyl betaine, disodium lauroamphodiacetate, parfum, dimethicone, climbazole, sodium chloride, lactobacillus ferment, c12-13 alkyl lactate, citric acid, dichlorobenzyl alcohol, zinc gluconate, glycol distearate, disodium lauryl sulfosuccinate, cocamide dea, laureth-3, disodium edta, methylparaben, guar hydroxypropyltrimonium chloride, panthenol, hydrogenated castor oil, cocamide methyl mea, c12-13 alcohols, thuja orientalis extract, magnesium nitrate, hydrolyzed yeast extract, glucose, propylene glycol, phenoxyethanol, hydroxyacetophenone, 1,2-hexanediol, methylchloroisothiazolinone, lactic acid, lactococcus ferment lysate, magnesium chloride, ci 42090, sodium hyaluronate, methylisothiazolinone, ethylhexylglycerin, ci 16255.",https://www.sociolla.com/shampoo/69363-amethyst-anti-dandruff-shampoo,1/31/2026
P067,Mielle Rosemary Mint Scalp Hair Strengthening Oil,Mielle,Hair Oil,59ml,Rp197000,"soybean oil, castor seed oil, coconut oil, olive fruit oil, sweet almond oil, wheat germ oil, sunflower seed oil, grapeseed oil, jojoba seed oil, babassu seed oil, essential oil blend, rosemary leaf oil, peppermint oil, eucalyptus oil, biotin, horsetail extract, nettle leaf extract, chamomile flower extract.",https://www.tokopedia.com/beauty-change-storeid/mielle-rosemary-mint-scalp-hair-strengthening-oil-59ml-conditioner-dengan-biotin-untuk-rambut-kuat-berkilau-dan-kulit-kepala-sehat-1733558285217072601?extParam=ivf%3Dfalse%26keyword%3Dperawatan+rambut%26search_id%3D20260207122913577BCC914F9E553B9HOB%26src%3Dsearch&t_id=1770467395580&t_st=2&t_pp=search_result&t_efo=search_pure_goods_card&t_ef=goods_search&t_sm=&t_spt=search_result,1/31/2026
P068,Marula Oil Hair Serum,Dancoly,Hair Serum,60ml,Rp278100,"helianthus annuus (sunflower) seed oil, cyclopentasiloxane, dimethicone/silsesquioxane copolymer, marula oil, macadamie ternifolia seed oil, parfum/fragrance.",https://www.sociolla.com/hair-serum/52711-marula-oil-hair-serum,1/31/2026
P069,MK3 Repair & Revive Hair Mask Jar,Makarizo Professional,Hair Mask,500ml,Rp245880,"aqua, cetearyl alcohol, glycerin, c12-15 alkyl benzoate, parfum, behentrimonium chloride, phenoxyethanol, cetrimonium chloride, panthenol, ethylhexylglycerin, sodium pca, ceteareth-20, sodium lactate, polysilicone-15, arginine, aspartic acid, pca, tetrasodium edta, argania spinosa kernel oil, cocos nucifera oil, glycine soja (soybean) oil, helianthus annuus seed oil, ethyl macadamiate, glycine, alanine, serine, valine, isoleucine, proline, threonine, actinidia chinensis (kiwi) fruit extract, histidine, phenylalanine, niacinamide, aesculus hippocastanum seed extract, yeast extract, ammonium glycyrrhizate, zinc gluconate, caffeine, tocopherol, biotin.",https://www.sociolla.com/hair-mask/84319-mk3-repair-and-revive-hair-mask-jar,1/31/2026
P070,Wonder Hair Oil,La Dor,Hair Oil,100ml,Rp294000,"cyclopentasiloxane, cyclohexasiloxane, isopropyl myristate, dimethicone, isododecane, c12-15 alkyl benzoate, hydrogenated ethylhexyl olivate, hydrogenated olive oil unsaponifiables, amodimethicone, persea gratissima (avocado) oil, argania spinosa kernel oil, tocopheryl acetate, moringa oleifera seed oil, camellia japonica seed oil, macadamia ternifolia seed oil, sclerocarya birrea seed oil, squalane, helianthus annuus (sunflower) seed oil, fragrance.",https://www.sociolla.com/hair-oil/59454-lador-wonder-hair-oil?size=10ml,1/31/2026
P071,Hair Mistl,Tumbuh Lab,Hair Mist,100ml,Rp117000,"rosewater, rosemary essential oil, green tea essential oil, ylang ylang essential oil, cedarwood essential oil.",https://www.sociolla.com/hair-mist/75452-hair-mist,1/31/2026
P072,BONVIE COCO Hair Oil Scalp & Hair Treatment,Bonvie,Hair Oil,30ml,Rp63000,"coconut oil, kemiri, peppermint oil, tocopherol.",https://www.sociolla.com/hair-oil/86022-bonvie-coco-hair-oil-scalp-and-hair-treatment,1/31/2026
P073,Conditioner with Cinnamon & Amino Acid,Ree Derma Wellness,Conditioner,250ml,Rp130500,"aqua, cetearyl alcohol, cetyl ester, behentrimonium chlroide, glycerine, lauryl acid, rosmarinus officinalis flower extract, glycine soja extract, eugenia carophyllus bud oil, phenoxyethanol, illicium verum extract, cinnamomum casia bark extract, isopropanol, sodium benzoate, myristic acid, pimpinella anisum fruit extract, cetrimonium chloride, niacinamide, palmitic acid, caprylic acid, lechitin, oleic acid, capric acid, lechitin, oleic acid, capric acid, l(+) lactic acid, arginine, stearic acid, linoleic acid, caproic acid, ethyl lauroyl arginate hcl, tetrasodium glutamate diacetate.",https://www.sociolla.com/conditioner/63188-conditioner-with-cinnamon-and-amino-acid,1/31/2026
P074,MK3 Damage Repair Shampoo,Makarizo Professional,Shampoo,250ml,Rp184464,"aqua, sodium cocoyl isethionate, glycerin, cocamidopropyl betaine, sodium lauroyl sarcosinate, c15-19 alkane, parfum, peg-120 methyl glucose trioleate, acrylates/c10-30 alkyl acrylate crosspolymer, phenoxyethanol, polyquaternium-47, c12-15 alkyl benzoate, guar hydroxypropyltrimonium chloride, sodium hydroxide, peg-40 hydrogenated castor oil, panthenol, ethylhexylglycerin, sodium pca, sodium lactate, cocos nucifera oil, helianthus annuus seed oil, tetrasodium edta, ethyl macadamiate, arginine, aspartic acid, pca, glycine, alanine, serine, sodium benzoate, valine, isoleucine, proline, threonine, histidine, phenylalanine, niacinamide, aesculus hippocastanum seed extract, yeast extract, ammonium glycyrrhizate, methylchloroisothiazolinone, zinc gluconate, methylisothiazolinone, caffeine, tocopherol, biotin.",https://www.sociolla.com/shampoo/84320-mk3-damage-repair-shampoo,1/31/2026
P075,MK3 Repair and Revive Conditioner,Makarizo Professional,Conditioner,250ml,Rp184464,"aqua, cetearyl alcohol, glycerin, parfum, c12-15 alkyl benzoate, behentrimonium chloride, phenoxyethanol, cetrimonium chloride, ethylhexylglycerin, sodium pca, ceteareth-20, sodium lactate, polysilicone-15, arginine, aspartic acid, pca, tetrasodium edta, argania spinosa kernel oil, helianthus annuus seed oil, ethyl macadamiate, glycine, alanine, serine, valine, isoleucine, proline, threonine, histidine, phenylalanine, tocopherol.",https://www.sociolla.com/conditioner/84321-mk3-repair-and-revive-conditioner,1/31/2026
P076,Diane Power Treatment Hair Mask ,Moist Diane,Hair Mask,230ml,Rp164000,"aqua, stearyl alcohol, sorbitol, behentrimonium chloride, dimethicone, fragrance (parfum) components and finished fragrances, phenoxyethanol, isopropyl alcohol, hydroxyethylcellulose, quaternium-33, butylene glycol, arginine, glutamic acid, argania spinosa kernel oil, hydrolyzed collagen, hydrolyzed egg shell membrane, glycerin, alcohol, hydrolyzed milk protein, hydrolyzed keratin pg-propyl methylsilanediol, propylene glycol, laurdimonium hydroxypropyl hydrolyzed keratin, hydrolyzed keratin, hydrolyzed silk, keratin, polyquaternium-61, distearyldimonium chloride, cholesterol, ceramide ng, ceramide as, ceramide np, ceramide ap, ceramide eop, caramel.",https://www.sociolla.com/hair-mask/80754-diane-power-treatment-hair-mask-230g,1/31/2026
P077,Hijab Expert Hair Fall Treatment Shampoo,Safi, Shampoo,230ml,Rp64900,"water, sodium laureth sulfate, cocamidopropyl betaine, dimethiconol, glyceryl stearate, glycerin, panthenol, carbomer, sodium chloride, styrene/acrylates copolymer, guarhydroxypropyltrimonium chloride, sodium hydroxide, tetrasodium edta, peg-14m, charcoal powder, hydrolyzed wheat protein, nigella sativa (habbatus sauda) seed oil, fragrance, methylchloroisothiazolinone, methylisothiazolinone. climbazole, carbomer, menthol, styrene/acrylates copolymer, guar hydroxypropyltrimonium chloride, copolymer, guar hydroxypropyltrimonium chloride, silicone quaternium-16, peg-14m, sodium hydroxide, argania spinosa kernel oil, sodium chloride.",https://www.sociolla.com/shampoo/25190-hijab-expert-hair-fall-treatment-shampoo?size=320_gr,1/31/2026
P078,Deep Nourish Repair Hair Oil,Ree Derma Wellness,Hair Oil,100ml,Rp182600,"lauric acid, olive (olea europaea) oil, myristic acid, palmitic acid, caprilyc acid, oleic acid, capric acid, stearic acid, linoleic acid, parfum, caproic acid, tocopheryl acetate, biotin, turmeric (curcuma longa) extract, isononyl isononanoate, isostearoyl hydrolyzed keratin.",https://www.sociolla.com/hair-oil/75544-deep-nourish-repair-hair-oil,1/31/2026
P079,Daeng Gi Meo Ri - Vitalizing Shampoo,Daeng Gi Meo Ri,Shampoo,300ml,Rp199000,"water (aqua), sodium laureth sulfate, cocamidopropyl betaine, sodium chloride, glycol distearate, cocamide mea, citric acid, polyquaternium-10, panthenol, salicylic acid, menthol, alcohol, peg-150 distearate, disodium edta, phenoxyethanol, fragrance (parfum), ginseng root extract, rehmannia chinensis root extract, houttuynia cordata extract, green tea extract, artemisia extract, cnidium officinale root extract.",https://www.tokopedia.com/daenggimeoriid/daeng-gi-meo-ri-vitalizing-shampoo-300ml-shampo-perawatan-rambut-rontok-kering-dan-ketombe-1729383425484752232?extParam=ivf%3Dfalse%26keyword%3Dperawatan+rambut%26search_id%3D20260207122913577BCC914F9E553B9HOB%26src%3Dsearch&t_id=1770467395580&t_st=3&t_pp=search_result&t_efo=search_pure_goods_card&t_ef=goods_search&t_sm=&t_spt=search_result,1/31/2026
P080,Perfumed Hair Oil Hinoki,La Dor,Hair Oil,80ml,Rp287000,"cyclopentasiloxane, dimethicone, dimethiconol, c12-15 alkyl benzoat, cyclohexasiloxane, squalane, amodimethicone, persea gratissima (avocado) oil, argania spinosa kernel oil, tocopheryl acetate, camellia japonica seed oil, corylopsis coreana extract, water, lactobacillus/rice ferment, angelica koreana root extract, butylene glycol, 1,2-hexanediol, keratin, elastin, gelatin, fragrance, limonene, linalool, coumarin, citronellol, hydroxycitronellal.",https://www.sociolla.com/hair-oil/75977-lador-perfumed-hair-oil-hinoki?size=80ml,1/31/2026
P081,MK3 Restructuring Serum Bottle,Makarizo Professional,Hair Serum,50ml,Rp217008,"aqua, diglycerin, peg-40 hydrogenated castor oil, parfum, polyquaternium-47, cetrimonium chloride, phenoxyethanol, panthenol, actinidia chinensis (kiwi) fruit extract, ethylhexylglycerin, sodium pca, sodium lactate, arginine, tetrasodium edta, aspartic acid, pca, sodium benzoate, cocos nucifera oil, ethyl macadamiate, glycine, alanine, serine, valine, isoleucine, proline, threonine, histidine, phenylalanine, tocopherol, ci 42090.",https://www.sociolla.com/hair-serum/84323-mk3-restructuring-serum-bottle,1/31/2026
P082,Fino Premium Touch Hair Oil ,Fino,Hair Oil,70ml,Rp162000,"hydrogenated polyisobutene, dimethiconol, isopropyl myristate, isododecane, polysilicone-13, perfume, squalane, lauroyl glutamic acid di(phytosteryl/octyldodecyl), lactic acid, hydrolysed conchiolin, dimethicone, tocopherol, water, amodimethicone, ppg -2-deceth-12, bg, glycerol, phenoxyethanol <m110970-202>.",https://www.tokopedia.com/fino-by-finetoday-official/fino-premium-touch-hair-oil-70ml-1731912727677142828?extParam=ivf%3Dfalse%26keyword%3Dhair+care%26search_id%3D2026020411191963923F49E52413393NHM%26src%3Dsearch&t_id=1770203980668&t_st=1&t_pp=search_result&t_efo=search_pure_goods_card&t_ef=goods_search&t_sm=&t_spt=search_result,2/4/2026
P083,SELSUN YELLOW DOUBLE IMPACT SHAMPOO ,Selsun,SHAMPOO ,50ml,Rp39000,"sodium laureth sulfate, aqua (water), glycol stearate, acrylates/vinyl neodecanoate crosspolymer, cocamide dea, acacia senegal gum, fragrance, selenium sulfide, zinc pyrithione, glyceryl ricinoleate, dmdm hydantoin, citric acid, sodium chloride, ci 15610.",https://www.tokopedia.com/apotek-taman-kedoya-by-goapotik/selsun-yellow-double-impact-shampoo-50-ml?t_id=1770203980668&t_st=5&t_pp=product_detail&t_efo=horizontal_goods_card&t_ef=goods_search&t_sm=rec_product_detail_outer_pdp_3_module&t_spt=product_detail,2/4/2026
P084,Dove 1 Minute Super Conditioner - Intensive Damage Treatment ,Dove,Conditioner ,170ml,Rp22000,"water, cetearyl alcohol, behentrimonium chloride, dipropylene glycol, glycerin, perfume, dimethicone, gluconolactone, trehalose, helianthus annuus (sunflower) seed oil, c10-40 isoalkylamidopropylethyldimonium ethosulfate, sodium sulfate, tocopheryl acetate, argania spinosa kernel oil, cocos nucifera (coconut) oil, prunus amygdalus dulcis (sweet almond) oil, mineral oil, amodimethicone, disodium edta, phenoxyethanol, cetrimonium chloride, peg-7 propylheptyl ether, magnesium nitrate, cyclotetrasiloxane, methylchloroisothiazolinone, magnesium chloride, methylarachidic acid, methylisothiazolinone, sodium chloride, acetic acid.",https://www.watsons.co.id/id/dove-dove-1-minute-super-conditioner-intensive-damage-treatment-170ml/p/BP_70286,2/4/2026
P085,SELSUN COND NOURISHING ,Selsun,Conditioner ,100GR,Rp33300,selenium sulfide hydrolized protein prunus dulcis oil dan provitamin b5.,https://www.watsons.co.id/id/selsun-selsun-cond-nourishing-100gr/p/BP_70344,2/4/2026
P086,Hair Tonic Micellar Hairfall Control ,Dove,Hair Tonic ,75ml,Rp46900,"water, oleth-20, phenoxyethanol, glycerin, caprylyl glycol, perfume, disodium edta, zinc sulfate heptahydrate, hydrolyzed yeast protein, urea, sodium benzoate, disodium phosphate, sodium hydroxide, potassium sorbate, biotin, citric acid, ceramide ng.",https://www.watsons.co.id/id/dove-hair-tonic-micellar-hairfall-control-75ml/p/BP_64364,2/4/2026
P087,Creambath Biotin Haifall Control ,Dove,Creambath  ,300g,Rp73000,"water, cetearyl alcohol, behentrimonium chloride, glycerin, dimethicone, perfume , dipropylene glycol, citric acid, sodium benzoate, amodimethicone, sodium gluconate, sodium citrate, disodium edta, cetrimonium chloride, phenoxyethanol, peg-7 propylheptyl ether, zinc sulfate heptahydrate, ceramide ng, urea, hydrolyzed yeast protein, biotin, disodium phosphate, potassium sorbate.",https://www.watsons.co.id/id/dove-creambath-biotin-haifall-control-300g/p/BP_66723,2/4/2026
P088,PRO-V Shampoo Anti Lepek,Pantene,Shampoo  ,135ml,Rp28900,"water, sodium laureth sulfate, cocamidopropyl betaine, sodium chloride, sodium xylenesulfonate, sodium citrate, fragrance, dimethiconol, citric acid, sodium benzoate, guar hydroxypropyltrimonium chloride, tetrasodium edta, panthenol, histidine, methylchloroisothiazolinone, methylisothiazolinone.",https://www.watsons.co.id/id/pantene-pro-v-shampoo-anti-lepek-135ml/p/BP_73609,2/4/2026
P089,Miracles Intensive Bond Repair Hair Mask,Pantene,Hair Mask,300ml,Rp88000,"water (aqua), cetearyl alcohol, dimethicone, behentrimonium chloride, glycerin, fragrance (parfum), hydrolyzed keratin, panthenol, various oils (such as argan oil or coconut oil), preservatives and other conditioning agents.",https://www.watsons.co.id/id/pantene-miracles-intensive-bond-repair-hair-mask-300-ml/p/BP_67033,2/4/2026
P090,Tresemme Conditioner For Bleached Hair Color Radiance & Repair,Tresemmé, Conditioner,250ml,Rp99360,"water, cetearyl alcohol, dimethicone, behentrimonium chloride, perfume, dipropylene glycol, strearamidopropyl dimethylamine, amodimethicone, sodium chloride, lactic acid disodium edta, phenoxyethanol, peg-7 propylheptyl ether, cetrimonium chloride, cyclotetrasiloxane, magnesium nitrate, helianthus annuus (sunflower) seed oil, glycine soja (soybean) phytoplacenta extract, sodium sulfate, methylchloroisothiazolinone, magnesium chloride, methylisothiazolinone, glycerin, acetic acid, calcium chloride, ci 60730.",https://www.sociolla.com/conditioner/48649-kem-xa-color-radiance-and-repair-toc-tay,2/4/2026
P091,Hair Mask Pro Keratin Complex Hair Repair Tube,Ellips,Hair Mask,120g,Rp56810,"aqua, cetearyl alcohol, dimethicone, cetyl esters, potato starch modified, steartrimonium chloride, amodimethicone, fragrance, dimethiconol, phenoxyethanol, benzyl alcohol, sodium benzoate, isopropyl alcohol, hydrolyzed vegetable protein, lactic acid, cyclotetrasiloxane, panthenol, simmondsia chinensis (jojoba) seed oil, cetrimonium chloride, tocopheryl acetate (vitamin e), cyclopentasiloxane, dimethyl palmitamine, soybean (glycine soja) oil, retinyl palmitate, ascorbyl palmitate.",https://www.sociolla.com/hair-mask/28614-hair-mask-pro-keratin-complex-hair-repair-tube,2/4/2026
P092,Hair Xpert Oil Treatment For Hair Fall,Safi,Hair Oil,100ml,Rp64500,mineral oil,https://www.sociolla.com/shampoo/26645-veggie-pro-nourishing-shampoo,2/4/2026
P093,Veggie Pro Nourishing Shampoo,The Bath Box,Shampoo,200ml,Rp185000,"water, cetyl alcohol, behentrimonium methosulfate, caprylic/capric triglyceride, honey, simmondsia chinensis (jojoba) seed oil, polyester-37, hydrolyzed vegetable protein pg-propyl silanetriol, hydrogenated polydecene, hydrolyzed vegetable protein, hydrolyzed pea protein, citrus sinensis peel oil (orange oil), rosmarinus officinalis leaf oil (rosemary oil), lavandula angustifolia oil (lavender oil), cananga odorata flower oil (ylang-ylang oil), pelargonium graveolens oil (geranium oil), butylene glycol, polyquaternium-37, polyquaternium-47, trisodium ethylenediamine disuccinate, trideceth-6, disodium edta, sodium benzoate, potassium sorbate, phenoxyethanol, ethylhexylglycerin, citric acid.",https://www.sociolla.com/shampoo/26645-veggie-pro-nourishing-shampoo,2/4/2026
P094,Smooth Intense Hair Spa Mask,Loreal Paris,Hair Mask,200ml,Rp90000,"aqua/water, cetearyl alcohol, behentrimonium chloride, glycerin, amodimethicone, cetyl esters, potato starch modified, isopropyl alcohol, phenoxyethanol, argania spinosa (argan) kernel oil, trideceth-6, chlorhexidine dihydrochloride, xylose, camelina sativa seed oil, limonene, linalool, benzyl alcohol, benzyl salicylate, alpha-isomethyl ionone, geraniol, cetrimonium chloride, butylphenyl methylpropional",https://www.sociolla.com/hair-mask/10237-smooth-intense-hair-spa-mask,2/4/2026
P095,Calm & Cool Refresh Hair Oil,Ree Derma Wellness,Hair Oil,100ml,Rp209000,"lauric acid, myristic acid, palmitic acid, caprylic acid, oleic acid, capric acid, stearic acid, linoleic acid, lavandula angustifolia oil, mentha piperita oil, eucalyptus radiata leaf/stem oil, caproic acid, zingiber cassumunar root oil.",https://www.sociolla.com/hair-oil/75541-calm-and-cool-refresh-hair-oil,2/4/2026
P096,Clarify Cleanse Hair Oil,Ree Derma Wellness,Hair Oil,100ml,Rp220000,"lauric acid, myristic acid, cinnamomum cassia bark, palmitic acid, caprilyc acid, oleic acid, capric acid, stearic acid, linoleic acid, cinnamomum cassia leaf oil, caproic acid, rosmarinus ocinalis flower oil, eugenia caryophyllus bud oil, foeniculum vulgare dulce fruit oil, illicium verum oil.",https://www.sociolla.com/hair-oil/75543-clarify-cleanse-hair-oil,2/4/2026
P097,Nourishing Hair Serum,Djamujamu,Hair Serum,45ml,Rp175500,"diethylhexyl carbonate, caprylic/capric triglyceride, oleyl erucate, argania spinosa kernel oil, prunus amygdalus dulcis oil, aleurites moluccanus seed oil, pelargonium graveolens flower oil, citrus limon fruit oil.",https://www.sociolla.com/hair-serum/74233-nourishing-hair-serum,2/4/2026
P098,Black Bean Anti Hair Loss Shampoo,Nature Republic,Shampoo,300ml,Rp265000,"water, coco-betaine, tea-cocoyl glutamate, disodium laureth sulfosuccinate, sodium lauroyl methylaminopropionate, sodium lauroyl methyl isethionate, polyquaternium-10, caprylyl glycol, menthol , ppg-3 myristyl ether, rehmannia chinensis root extract, citrus nobilis (mandarin orange) peel extract, pentasodium pentetate, salicylic acid (hair conditioning), panthenol, mentha arvensis leaf oil, citrus aurantifolia (lime) oil, butylene glycol, mentha arvensis extract, niacinamide, 1,2-hexanediol, chrysanthemum zawadskii extract, glycyrrhiza glabra (licorice) root extract, lycium chinense fruit extract, biota orientalis leaf extract, acorus calamus root extract, morus alba bark extract, xanthium strumarium fruit extract, panax ginseng root extract, acacia senegal gum, peat water, glycerin, citric acid, hydroxypropyl methylcellulose, ethylhexylglycerin, centella asiatica leaf extract, glycine soja (soybean) seed extract, vaccinium angustifolium (blueberry) fruit extract, rubus fruticosus (blackberry) fruit extract, ribes nigrum (black currant) fruit extract, nigella sativa seed extract, oryza sativa (rice) extract, sesamum indicum (sesame) seed extract, salvia hispanica seed extract, potassium sorbate, hydrogenated lecithin, ethylhexylglycerin, ceramide np, propolis extract.",https://www.sociolla.com/hair-serum/74233-nourishing-hair-serum,2/4/2026
P099,Extra Damage Repair Hair Mask,Moist Diane,Hair Mask,150gr,Rp105910,"water, cetearyl alcohol, dimethicone, bis-behenyl/isostearyl/phytosteryl dimer dilinoleyl dimer dilinoleate, steartrimonium chloride, ethylhexyl palmitate, steardimonium hydroxypropyl hydrolyzed keratin, propanediol, quaternium-33, gamma-docosalactone, glucose, butylene glycol, hydroxyproline, prunus domestica seed extract or prunus domestica seed oil ,alanine, hydrolyzed honey protein, sodium hyaluronate, hydroxypropyltrimonium hyaluronate, sodium pca, keratin, hydrolyzed conchiolin protein, malus domestica fruit cell culture extract, rhododendron ferrugineum leaf cell culture extract, collagen, isomalt, hydrolyzed keratin, hydrolyzed hyaluronic acid, cetearamidoethyl diethonium hydrolyzed rice protein, panthenol, polyglyceryl-2 isostearate/dimer dilinoleate copolymer, isononyl isononanoate, isostearoyl hydrolyzed keratin, bis-ethoxydiglycol cyclohexane 1,4-dicarboxylate, pouteria sapota seed oil, shorea stenoptera seed butter, sclerocarya birrea seed oil, theobroma grandiflorum seed butter, mangifera indica (mango) seed oil, ceramide ng, argania spinosa kernel oil, glycine soja (soybean) sterols, ceramide 5, ceramide np, ceramide ap, ceramide eop, carapa guaianensis seed oil, adansonia digitata seed oil, opuntia ficus-indica seed oil, bis-(polyglyceryl-3 oxyphenylpropyl) dimethicone, sodium lactate, cholesterol, argania spinosa callus culture extract, peg-90m, xanthan gum, glyceryl tri-hydrogenated rosinate [c] hydrogenated glyceryl dehydroabietate/tetrahydroabietate, lecithin, dicocodimonium chloride, quaternium-18, behentrimonium chloride, isopropyl alcohol, propylene glycol, glycerin, lactic acid, tocopherol, disodium edta, phenoxyethanol, sodium benzoate, fragrance, caramel.",https://www.sociolla.com/hair-mask/64182-extra-damage-repair-hair-mask,2/4/2026
P100,Extra Smooth & Straight Hair Mask,Moist Diane,Hair Mask,150gr,Rp105910,"aqua, cetearyl alcohol, dimethicone, glycerin, ethylhexyl palmitate, steartrimonium chloride, polyglyceryl-2 isostearate/dimer dilinoleate copolymer, fragrance (parfum) components and finished fragrances, dicocodimonium , chloride, phenoxyethanol, ppg-3 caprylyl ether, bis-(polyglyceryl-3 oxyphenylpropyl), dimethicone, behenyl alcohol, isopropyl alcohol, glucose, amodimethicone, caramel, disodium edta, peg-90m, lactic acid, sodium lactate, o-cymen-5-ol, sodium benzoate, acetyl cysteine, oenocarpus bataua fruit oil, propylene glycol, ascorbyl tetraisopalmitate, hydrolyzed keratin, glyoxylic acid, butylene glycol, alcohol, propanediol, schinziophyton rautanenii kernel oil, pouteria sapota seed oil, shorea stenoptera seed butter, chenopodium quinoa seed oil, isostearic acid, quaternium-18, sodium lauraminopropionate, hydroxypropyltrimonium hydrolyzed keratin, laurdimonium hydroxypropyl hydrolyzed keratin, cetearamidoethyl diethonium hydrolyzed rice protein, tocopherol, prunus domestica seed extract, sclerocarya birrea seed oil, theobroma grandiflorum seed butter, mangifera indica seed oil, carapa guaianensis seed oil, adansonia digitata seed oil, quaternium-33, citric acid, cholesterol, hydrolyzed silk pg-propyl methylsilanediol, behentrimonium chloride, hydrolyzed quinoa, gamma-docosalactone, ceramide ng, adansonia digitata seed oi, alcohol denat, isomalt, isostearoyl hydrolyzed collagen, terminalia ferdinandiana fruit extract, keratin, argania spinosa kernel oil, soybean ( glycine soja ) sterol, cellulose gum, ceramide as, hydrolyzed conchiolin protein, sodium bicarbonate, malus domestica fruit cell culture extract, benzyl alcohol, potassium sorbate, ceramide np, ceramide ap, xanthan gum, lecithin, argania spinosa callus culture extract, ceramide eop, gold, collagen, silver.",https://www.sociolla.com/hair-mask/74478-extra-smooth-and-straight-hair-mask,2/4/2026
P101,Hair Mist Fresh & Smooth,Ellips,Hair Mist,100ml,Rp27.200,"Aqua, Alcohol Denat, Fragrance, Polyglyceryl-10 Isostearate, PEG-12 Dimethicone, Glycerin,Cetrimonium Chloride, Isopropyl Alcohol, PPG-2 METHYL ETHER, Sodium Benzoate, Propanediol, Salix Alba Bark Extract, Panthenol, Disodium EDTA.",https://www.sociolla.com/hair-mist/78053-ellips-hair-mist-fresh-and-smooth-100ml,2/28/2026
P102,Hair Mist Sweet&Silky,Ellips,Hair Mist,100ml,Rp27.200,"Aqua, Alcohol Denat., Fragrance (Parfum), Polyglyceryl-10 Isostearate, PEG-12 Dimethicone, Glycerin, Cetrimonium Chloride, Isopropyl Alcohol, PPG-2 Methyl Ether, Sodium Benzoate, Propanediol, Panthenol (Pro-Vitamin B5), Salix Alba (Willow) Bark Extract, Disodium EDTA.",https://www.sociolla.com/hair-mist/78052-ellips-hair-mist-sweet-and-silky-100ml,2/28/2026
P103,Silky & Protect Care Hair Mist,Grace and Glow,Hair Mist,100ml,Rp61.813,"Aqua/Water, Glycerin, PEG-40 Hydrogenated Castor Oil, Fragrance; Parfum; Aroma, Phenoxyethanol, Silk Extract, Chlorphenesin, Panthenol; Dexpanthenol, Ethylhexylglycerin, Disodium EDTA, Butylene Glycol, Propylene Glycol, Anthemis Nobilis Flower Extract, Sclerocarya Birrea Fruit Extract, Butyrospermum Parkii (Shea) Butter, Olea Europaea (Olive) Fruit Oil, Helianthus Annuus (Sunflower) Seed Oil, Hydroxyacetophenone, Calendula Officinalis Flower Extract, Hydrolyzed Keratin.",https://www.sociolla.com/hair-mist/69344-silky-hair-mist,2/28/2026
P104,Daisy Hair Vitamin Mist,Grace and Glow,Hair Mist,100ml,Rp61.813,"Aqua, Alcohol Denat., Fragrance (Parfum), Glycerin, PEG-40 Hydrogenated Castor Oil, Panthenol (Pro-Vitamin B5), Niacinamide, Tocopheryl Acetate (Vitamin E), Argania Spinosa Kernel Oil, Hydrolyzed Keratin, Sodium Benzoate, Potassium Sorbate, Disodium EDTA, Citric Acid.",https://www.sociolla.com/hair-mist/69343-daisy-hair-vitamin-mist,2/28/2026
P105,Hair Mistion! Enchanted Floral,Wonderlux,Hair Mist,100ml,Rp67.500,"Water, Trideceth-9, Fragrance (Parfum) Components and Finished Fragrance, PEG-40 Hydrogenated Castor Oil, Propanediol, Phenoxyethanol, Caprylic/Capric Triglyceride, Ethoxydiglycol, Pentaclethra Macroloba Seed Oil, Polysorbate 20, Sodium PCA, Chlorphenesin, D-Panthenol, Disodium EDTA, o-Cymen-5-OL, Hydroxypropyl Gluconamide, Hydroxypropyl Ammonium Gluconate, Polyquaternium-7, Glycerin, Magnolia Officinalis Bark Extract, Zingiber Officinale (Ginger) Root Extract, Hydrolyzed Jojoba Esters, Tartaric Acid, Benzyl Alcohol, Sodium Benzoate, Potassium Sorbate.",https://www.sociolla.com/hair-mist/87297-enchanted-floral-smooth-nourishment-hair-mist,2/28/2026
P106,Hair Mistion! Eternal Bloom,Wonderlux,Hair Mist,50ml,Rp67.500,"Water, Trideceth-9, Fragrance (Parfum) Components and Finished Fragrance, PEG-40 Hydrogenated Castor Oil, Propanediol, Phenoxyethanol, Caprylic/Capric Triglyceride, Ethoxydiglycol, Pentaclethra Macroloba Seed Oil, Polysorbate 20, Sodium PCA, Chlorphenesin, D-Panthenol, Disodium EDTA, o-Cymen-5-OL, Hydroxypropyl Gluconamide, Hydroxypropyl Ammonium Gluconate, Polyquaternium-7, Glycerin, Magnolia Officinalis Bark Extract, Zingiber Officinale (Ginger) Root Extract, Hydrolyzed Jojoba Esters, Tartaric Acid, Benzyl Alcohol, Sodium Benzoate, Potassium Sorbate.",https://www.sociolla.com/hair-mist/87300-eternal-bloom-smooth-nourishment-hair-mist,2/28/2026
P107,Perfect Day Perfume Hair Vitamin Mist,Hairoic,Hair Mist,50gr,Rp12.600,"Hair Moisturizing Agent (Vitamin E, Vitamin C (Citrus Sinensis Peel Extract), Vitamin B5 (Panthenol), Glycerin, Aloe Vera Extract, Allantoin), Hair Nutrition (Vitamin E, Vitamin B5 (Panthenol), Niacinamide), Soothing Agent (Allantoin, Aloe Vera Extract, Vitamin B5 (Panthenol)), Heat Protectant (Triple Shaft Protection), Blooming Fragrance.",https://www.sociolla.com/hair-mist/91176-perfect-day-perfume-hair-vitamin-mist,2/28/2026
P108,Euphoria Hair Perfume Hair Vitamin Mist,Hairoic,Hair Mist,50gr,Rp12.600,"Hair Moisturizing Agent: Vitamin E, Vitamin C (Citrus Sinensis Peel Extract), Vitamin B5 (Panthenol), Glycerin, Aloe Vera Extract, Allantoin; Hair Nutrition: Vitamin E, Vitamin B5 (Panthenol), Niacinamide; Soothing Agent: Allantoin, Aloe Vera Extract, Vitamin B5 (Panthenol); Heat Protectant: Triple Shaft Protection; Blooming Fragrance.",https://www.sociolla.com/hair-mist/91177-euphoria-hair-perfume-hair-vitamin-mist,2/28/2026
P109,[EXCLUSIVE] Makarizo Hair Energy Scentsations Hair Fragrance,Makarizo,Hair Mist,100ml,Rp51.600,"Alcohol, Aqua, Parfum, PEG-40 Hydrogenated Castor Oil, Soyethyl Morpholinium Ethosulfate, PEG-12 Dimethicone, Panthenyl Ethyl Ether, Phytantriol, Tocopheryl Acetate, Benzophenone-4, Glycine Soja Oil, Niacinamide, Aesculus Hippocastanum Seed Extract, Yeast Extract, Ammonium Glycyrrhizate, Retinyl Palmitate, Panthenol, Zinc Gluconate, Caffeine, Ascorbyl Palmitate, Biotin.",https://www.sociolla.com/hair-mist/88553-exclusive-makarizo-hair-energy-scentsations-hair-fragrance,2/28/2026
P110,Keratin Layered Oil Mist,La Dor,Hair Mist,130ml,Rp195.500,"Water, Siklopentasiloksan, Sikloheksasiloksan, C12-15 Alkil Benzoat, Coco- caprilat/caprate, Parfum, Alkohol, Argania Spinosa Kernel Oil (Minyak Argan), SodiumBenzoat, Sodium Klorida, Tokoferol Asetat, Etilheksilgliserin, Persea Gratissima Oil(Minyak Alpukat), Elastin Terhidrolisis, Butilen Glikol, Hexyl cinnamal, Limonene, AsamSitrat, Disodium EDTA, Keratin Terhidrolisis, Sodium Sitrat, Ethylhexyl methoxycinnamate, 1,2-hexanediol, Hydroxycitronellal, Alpha-isomethyl ionone, Ekstrak Daun Melia Azadirachta (Mindi), Silk Terhidrolisis, Ekstrak Bunga Melia Azadirachta (Mindi), Citronellol, Linalool, Ekstrak Buah Coccinia indica (Kemarungan), Phenoxyethanol, Geraniol, Ekstrak Bunga Aloe Barbadensis (Lidah Buaya), Ekstrak Cetraria iIlandica, Sodium Hyaluronat, Ekstrak Buah Solanum Melongena (Terong), Minyak Sayur, Citral, Ekstrak Buah Gardenia Florida, Simmondsia Chinensis Seed Oil(Minyak Jojoba), Ekstrak Bunga Viola Mandshurica, Ekstrak Corallina Officinalis, Ekstrak Akar Curcuma Longa (Kunyit), Ekstrak Daun Ocimum Sanctum, Tokoferol, AsamHyaluronat, Asam Hyaluronat Terhidrolisis, Hydroxypropyltrimonium.",https://www.sociolla.com/hair-mist/83394-keratin-layered-oil-mist,2/28/2026
P111,Hair Xpert Oil Treatment For Hair Fall,Safi,Hair Oil,100ml,Rp195.500,"Mineral Oil; Paraffinum Liquidum, Cyclopentasiloxane, Olea Europaea (Olive) Fruit Oil, Cyclohexasiloxane, Fragrance; Parfum; Aroma, BHT (Butylated hydroxytoluene), Argania Spinosa (Argan) Kernel Oil, Nigella Sativa (Black Cumin) Seed Oil.",https://www.sociolla.com/hair-oil/25186-hair-xpert-oil-treatment-for-hair-fall,2/28/2026
P112,Camellia Essential Hair Oil Serum,Innisfree,Hair Oil,100ml,Rp91.200,"CYCLOPENTASILOXANE, ISODODECANE, DIMETHICONOL, CAMELLIA JAPONICA SEED OIL, C12-15 ALKYL BENZOATE, FRAGRANCE / PARFUM, GLYCOLIPIDS.",https://www.sociolla.com/hair-oil/55591-camellia-essential-hair-oil-serum,2/28/2026
P113,Clarify Cleanse Hair Oil,Ree Derma Wellness,Hair Oil,100ml,Rp220.000,"Lauric Acid, Myristic Acid, cinnamomum cassia bark, Palmitic Acid, Caprilyc Acid, Oleic Acid, capric acid, Stearic Acid, Linoleic Acid, Cinnamomum Cassia Leaf Oil, caproic acid, rosmarinus ocinalis flower oil, eugenia caryophyllus bud oil, foeniculum vulgare dulce fruit oil, Illicium verum oil.",https://www.sociolla.com/hair-oil/75543-clarify-cleanse-hair-oil,2/28/2026
P114,Perfumed Hair Oil Osmanthus,La Dor,Hair Oil,80ml,Rp287.000,"Cyclopentasiloxane, C12-15 Alkyl Benzoate, Dimethiconol, Dimethicone, Argania Spinosa Kernel Oil, Limnanthes Alba (Meadowfoam) Seed Oil, Cyclohexasiloxane, Camellia Japonica Seed Oil, Corylopsis Coreana Extract, Water, Lactobacillus/Rice Ferment, Angelica Koreana Root Extract, Tocopheryl Acetate, Butylene Glycol, 1,2-Hexanediol, Keratin, Elastin, Gelatin, Fragrance, Citronellol, Geraniol, Citral.",https://www.sociolla.com/hair-oil/75978-lad-hc-lphoom801?size=80ml,2/28/2026
P115,Hair Energy Fibertherapy Hair & Scalp Creambath Royal Jelly,Makarizo,Creambath,500 gr,Rp86.730,"Water, Cetearyl Alcohol, Mineral Oil, Ethylhexyl Palmitate, Propylene glycol, Cetyl Esters, Behentrimonium Chloride, Cetrimonium Chloride, Fragrance, Amodimethicone, Ceteareth-20, Bis (C13-15 Alkoxy) PG Glycerin, DMDM Hydantoin, Royal Jelly, CI 12490, C14-15 Alcohols, Steartrimonium chloride, Trideceth-12, Trideceth-10, CI 15985, Menthol, Phenoxyethanol, Butylene Glycol, Menthyl Lactate, Lactic Acid, CI 16255, Iodopropynyl Butylcarbamate, Passiflora Edulis Seed Oil, Cyclotetrasiloxane, Isotridecanol, Rice (Oryza Sativa) Bran Oil, Hydrolyzed Keratin, Magnesium nitrate, Euterpe oleracea fruit oil, Methylchloroisothiazolinone, Magnesium chloride, Methylisothiazolinone.",https://www.sociolla.com/hair-lotion/28148-hair-energy-fibertherapy-hair-and-scalp-creambath-royal-jelly?size=500_gr,2/28/2026
P116,Texture Experience Creambath Black Chocolate Deeply Moisturizing Treatment,Makarizo Professional,Creambath,500 gr,Rp203.625,"Water (Aqua), Cetearyl Alcohol, Cetyl Esters, Isopropyl Myristate, Behentrimonium Chloride, Paraffinum Liquidum, Fragrance (Parfum), Cyclopentasiloxane, Diglycerin, Ethylhexyl Palmitate, Ceteareth-20, Amodimethicone, Hydrolyzed Collagen Extract, Cetrimonium Chloride, Isopropyl Alcohol, Distearyldimonium Chloride, Propylene Glycol, Polyquaternium-47, Cocoa (Theobroma Cacao) Extract, Cyclotetrasiloxane, Trideceth-12, 5-Bromo-5-Nitro-1,3-Dioxane, 1,2-Hexanediol, Phenyl Trimethicone, Sodium Benzoate, C12-15 Alkyl Benzoate, Dimethicone Crosspolymer, Dimethiconol, Dimethyl Palmitamine, Colorants (CI 15985, CI 77266, CI 16255).",https://www.sociolla.com/hair-mask/28162-texture-experience-creambath-black-chocolate-deeply-moisturizing-treatment?size=500%20gr,2/28/2026
P117,NR – Treatment Dam-Care Creambath,NR,Creambath,500 gr,Rp92.900,"Aqua, Isopropyl Alcohol, Fragrance, Triticum Vulgare Germ Oil, PEG-40 Hydrogenated Castor Oil, Piroctone Olamine, Sodium Salicylate, Propylene Glycol, D-Panthenol, Citric Acid, Menthol, Camphor, Tocopheryl Acetate, Lysine, Methionine, Chamomilla Recutita Flower Extract, Glucose, Glycine, Linoleic Acid, Retinyl Palmitate, Arginine, Leucine, Histidine, Proline, Valine, Lactic Acid, Serine, Sodium Benzoate, CI 42090, Urtica Dioica Extract, Betula Alba Leaf Extract, Equisetum Arvense Extract, Capric Acid, Potassium Sorbate, Caramel, Tartaric Acid, CI 17200, Biotin, Riboflavin.",https://www.tokopedia.com/probeautycare/nr-treatment-dam-care-creambath-500-g-1729560468939638829?extParam=ivf%3Dfalse%26keyword%3Dcreambath%26search_id%3D202602280537587F100B7B36092F163K8D%26src%3Dsearch&t_id=1772258000446&t_st=3&t_pp=search_result&t_efo=search_pure_goods_card&t_ef=goods_search&t_sm=&t_spt=search_result,2/28/2026
P118,Loreal Hair Spa Creambath 500ml Hairspa -,Loreal,Creambath,500 gr,Rp200.000,"Water, Cetearyl Alcohol, Behentrimonium Chloride, PEG-180 (atau Trideceth-6), Amodimethicone, Glycerin, Cetyl Esters, Isopropyl Alcohol, Phenoxyethanol, Fragrance (Parfum), Hydroxyethylcellulose, Menthoxypropanediol, Chlorhexidine Dihydrochloride, Cetrimonium Chloride, Hexyl Cinnamal, Linalool, Propanediol, Nymphaea Alba (Water Lily) Flower Extract.",https://www.tokopedia.com/tokoharky/loreal-hair-spa-creambath-500ml-hairspa-kemasan-baru-smooth-500ml-02f4a?extParam=ivf%3Dfalse%26keyword%3Dcreambath%26search_id%3D202602280537587F100B7B36092F163K8D%26src%3Dsearch&t_id=1772258000446&t_st=4&t_pp=search_result&t_efo=search_pure_goods_card&t_ef=goods_search&t_sm=&t_spt=search_result,2/28/2026
P119,Salon Daily Creambath,Makarizo Professional,Creambath,500 ml,Rp101.175,"Water, Cetearyl Alcohol, Behentrimonium Chloride, Cetyl Esters, Isopropyl Myristate, PEG-40 Hydrogenated Castor Oil, Propylene Glycol, Glycerin, Amodimethicone, Cyclopentasiloxane, Dimethicone, Dimethiconol, Hydrolyzed Keratin, Hydrolyzed Collagen, Tocopheryl Acetate (Vitamin E), Panthenol (Pro-Vitamin B5), Camellia Sinensis Leaf Extract, Citrus Aurantium Dulcis (Orange) Fruit Extract, Equisetum Arvense Extract, Urtica Dioica (Nettle) Extract, Salvia Officinalis (Sage) Extract, Panax Ginseng Root Extract, Argania Spinosa Kernel Oil, Persea Gratissima (Avocado) Oil, Butyrospermum Parkii (Shea) Butter, Phenoxyethanol, Fragrance (Parfum), Ethylhexylglycerin, Disodium EDTA, Sodium Benzoate, Potassium Sorbate, CI 19140, CI 15985, CI 17200.",https://www.sociolla.com/hair-lotion/28179-salon-daily-creambath?size=500_ml,2/28/2026
P120,Fall Resist 3x Anti Hair-Fall Shampoo,Loreal Paris,Shampoo,280 ml,Rp79.900,"Aqua (Water), Sodium Laureth Sulfate, Cocamidopropyl Betaine, Dimethicone, Sodium Chloride, CI 77891 (Titanium Dioxide), Guar Hydroxypropyltrimonium Chloride, Mica, Coco-Betaine, Sodium Benzoate, Sodium Hydroxide, Phenoxyethanol, Steareth-6, Acetic Acid, Arginine, PEG-100 Stearate, Trideceth-10, Trideceth-3, Salicylic Acid, Limonene, Fumaric Acid, Linalool, Benzyl Alcohol, Benzyl Salicylate, Amodimethicone, Alpha-Isomethyl Ionone, Parfum (Fragrance), Carbomer, Citric Acid, Citronellol, Hexylene Glycol, Glycerin, Glycol Distearate. (F.I.L. C249170/1).",https://www.sociolla.com/shampoo/24665-fall-resist-3x-anti-hair-fall-shampoo?size=280%20ml,2/28/2026
P121,Hair Tonic Concentrate,Varesse,Hair Tonic,60 ml,Rp225.000,"Water, Ethanol, Propylene Glycol, PEG(40) Hydrogenated Castor Oil, Panax Ginseng Radix Extract, Sophora Angustifolia Root Extract, Aesculus Hippocastanum (Horse Chestnut) Seed Extract, Perfume, Sodium Salicylate, Dipotassium Glycyrrhizinate, Phenoxyethanol, Methylparaben, Menthol, Vitamin H (Biotin), Vitamin F (Linoleic Acid), Vitamin A Palmitate (Retinyl Palmitate), Vitamin E (Tocopherol), Vitamin B5 (Calcium Pantothenate), Vitamin B8 (Inositol), Polysorbate 20, PEG-35 Castor Oil, Disodium EDTA.",https://www.sociolla.com/hair-tonic/51446-hair-tonic-concentrate?size=60_ml,2/28/2026
P122,Conditioner with Cinnamon & Amino Acid,Ree Derma Wellness,Conditioner,250 ml,Rp127.500,"Aqua, Cetearyl alcohol, Cetyl ester, Behentrimonium chlroide, Glycerine, Lauryl acid, Rosmarinus officinalis flower extract, Glycine soja extract, Eugenia carophyllus bud oil, Phenoxyethanol, Illicium verum extract, Cinnamomum casia bark extract, Isopropanol, Sodium benzoate, Myristic acid, Pimpinella anisum fruit extract, Cetrimonium chloride, Niacinamide, Palmitic acid, Caprylic acid, Lechitin, Oleic acid, Capric acid, Lechitin, Oleic acid, Capric acid, L(+) lactic acid, Arginine, Stearic acid, Linoleic acid, Caproic acid, Ethyl lauroyl arginate HCl, Tetrasodium glutamate diacetate.",https://www.sociolla.com/conditioner/63188-conditioner-with-cinnamon-and-amino-acid,2/28/2026
P123,Organic Hair & Scalp Treatment Oil – Power 10+,Eucalie,Scalp Serum,45 ml,Rp127.500,"Certified Organic (ECOCERT) Ingredients: Candlenut Oil, Green Tea Seed Oil, Castor Oil, Virgin Coconut Oil, Argan Oil, Jojoba Oil, Olive Oil, Sweet Almond Oil, Sunflower Seed Oil, Grape Seed Oil, Vitamin A, Vitamin C, Vitamin D.",https://www.sociolla.com/hair-oil/54631-organic-hair-and-scalp-treatment-oil-power-10,2/28/2026
P124,Drop Dead Growgeous! Densifying Hair Scalp Serum,Wonderlux,Scalp Serum,75ml,Rp160.950,"aqua, BUTYLENE GLYCOL, 2,4-diamino-pyrimidine-3-oxide (cas no 74638-76-9)), ammonium polyacryloyldimethyl taurate, Niacinamide, PROPANEDIOL, ORYZA SATIVA BRAN WATER, Glycerin, Panthenol, zingiber officinale extract, Phenoxyethanol, chlorphenesin, nasturtium officinale flower/leaf extract, ppg-26-buteth-26, PEG-40 Hydrogenated Castor Oil, Aloe Barbadensis Extract, Pisum Sativum Sprout Extract, Sodium Benzoate, magnesium ascorbyl phosphate, Hydrolyzed corn protein, Glycine, Apigenin, adenosine, SERINE, Glutamic Acid, oleanolic acid, Aspartic Acid, Leucine Active Ingredient 0.00071, Biotinoyl Tripeptide-1, Alanine, Arginine, tyrosine, phenylalanine, Threonine, Proline, valine, isoleucine, carnitine.",https://www.sociolla.com/hair-serum/78251-drop-dead-growgeous-densifying-hair-scalp-serum,2/28/2026
P125,Silver Screen Conditioner,Conditioner,Scalp Serum,250ml,Rp96.240,"Aqua, Polyquaternium-7, Behentrimonium Chloride, Dimethicone, Cetearyl Alcohol, Perfume, Glycerin, Dioleyl Phosphate, Oleth-5 Phosphate, Caprylic/Capric Triglyceride, Hydroxyethylcellulose,Phenoxyethanol, Isopropyl Alcohol, Polyquaternium-10, Cetrimonium Chloride, BHT, Panthenol, Disodium EDTA, Sodium Metabisulfite, Citric Acid, Sunflower Oil, Tocopheryl Acetate, 1,2-Hexanediol, Sodium Hyaluronate, Hyaluronic Acid, Hydrolyzed Hyaluronic Acid, Hydrolyzed Sodium Hyaluronate, Hydroxypropyltrimonium Hyaluronate, Potassium Hyaluronate, , PEG-9 Diglycidyl Ether/Sodium Hyaluronate Crosspolymer, Sodium Acetylated Hyaluronate, CI 60730.",https://www.sociolla.com/conditioner/79469-silver-screen-conditioner-250ml,2/28/2026
P126,KUNDAL Refreshing Watery Serum,KUNDAL,Hair Serum,100ml,Rp 132.750,"Cyclopentasiloxane, Dimethiconol, Dimethicone, Phenyl Propyl Trimethicone, Alcohol, Hydrogenated Coconut Oil, Macadamia Integrifolia Seed Oil, Water, Camellia Japonica Seed Oil, Cocos Nucifera (Coconut) Oil, Pyrus Malus (Apple) Seed Oil, Adansonia Digitata Seed Oil, Moringa Oleifera Seed Oil, Tocopherol, Biotin, Panthenol, Dextrin, Moringa Oleifera Seed Extract, Maltodextrin, Hydrolyzed Hibiscus Esculentus Extract, 1,2-Hexanediol, Houttuynia Cordata Extract, Glycerin, Butylene Glycol, Sodium Hyaluronate, Hydroxypropyltrimonium Hyaluronate, Sodium Acetylated Hyaluronate, Hydrolyzed Hyaluronic Acid, Ethylhexylglycerin, Hyaluronic Acid, Sodium Hyaluronate Crosspolymer, Hydrolyzed Sodium Hyaluronate, Potassium Hyaluronate, Fragrance(Parfum)",https://www.sociolla.com/hair-serum/81321-kundal-refreshing-watery-serum,2/28/2026
P127,Kelaya Hair Serum,Kelaya,Hair Serum,20ml,Rp 83.300,"Aqua, Alcohol, PEG 40, Sodium PCA, Butylene Glycol, Panax Ginseng Extract, Panthenol, Hydrolyzed Soy Protein, Phenoxyethanol, Argania Spinosa Kemel Oil, Sodium Benzoate, Pentylene Glycol, Glycerin, Fragrance, 3 Aminopropane Sulfonic Acid, Potassium Sorbate, Menthol, PPG 26 Buteth 26, Sodium Chondroitin Sulfate, PEG 40 Hydrogenate Castor Oil, CI 42090, CI 17200, Apigenin, Oleanolic Acid, Biotinoyl Tripeptide1.",https://www.sociolla.com/hair-serum/88873-kelaya-hair-serum,2/28/2026
P128,Serum Rose Perfume,Mise En Scène,Hair Serum,80ml,Rp 83.300,"Aqua, Alcohol, PEG 40, Sodium PCA, Butylene Glycol, Panax Ginseng Extract, Panthenol, Hydrolyzed Soy Protein, Phenoxyethanol, Argania Spinosa Kemel Oil, Sodium Benzoate, Pentylene Glycol, Glycerin, Fragrance, 3 Aminopropane Sulfonic Acid, Potassium Sorbate, Menthol, PPG 26 Buteth 26, Sodium Chondroitin Sulfate, PEG 40 Hydrogenate Castor Oil, CI 42090, CI 17200, Apigenin, Oleanolic Acid, Biotinoyl Tripeptide1.",https://www.sociolla.com/hair-serum/88873-kelaya-hair-serum,2/28/2026
P129,Serum Watery,Mise En Scène,Hair Serum,80ml,Rp 152.150,"CYCLOPENTASILOXANE, TRISILOXANE, DIMETHICONOL, C12-15 ALKYL BENZOATE, COCOS NUCIFERA (COCONUT) OIL, FRAGRANCE / PARFUM, COCO-CAPRYLATE/CAPRATE, LIMONENE, HYDROXYCITRONELLAL, ARGANIA SPINOSA KERNEL OIL, SCLEROCARYA BIRREA SEED OIL, SIMMONDSIA CHINENSIS (JOJOBA) SEED OIL, PRUNUS ARMENIACA (APRICOT) KERNEL OIL, OLEA EUROPAEA (OLIVE) FRUIT OIL, CAMELLIA JAPONICA SEED OIL, CITRONELLOL, HEXYL CINNAMAL, LINALOOL, GERANIOL, GLYCOLIPIDS",https://www.sociolla.com/hair-serum/83500-serum-watery,2/28/2026
P130,Perfect Serum Super Rich,Mise En Scène,Hair Serum,80ml,Rp 152.150,"CYCLOPENTASILOXANE, DIMETHICONOL, DISILOXANE, ISODODECANE, C12-15 ALKYL BENZOATE, COCOS NUCIFERA (COCONUT) OIL, FRAGRANCE / PARFUM, ARGANIA SPINOSA KERNEL OIL, CAMELLIA JAPONICA SEED OIL, COCO-CAPRYLATE/CAPRATE, LINALOOL, BENZYL BENZOATE, PRUNUS ARMENIACA (APRICOT) KERNEL OIL, OLEA EUROPAEA (OLIVE) FRUIT OIL, SIMMONDSIA CHINENSIS (JOJOBA) SEED OIL, CITRONELLOL, GERANIOL, ALPHA-ISOMETHYL IONONE, COUMARIN, HEXYL CINNAMAL, ACRYLATES/POLYTRIMETHYLSILOXYMETHACRYLATE COPOLYMER, HYDROXYCITRONELLAL, GLYCOLIPIDS, SCLEROCARYA BIRREA SEED OIL",https://www.sociolla.com/hair-serum/84162-perfect-serum-super-rich,2/28/2026
P131,Honey Dew Restructuring Serum,Makarizo Professional,Hair Serum,25ml,Rp 83.360,"Lauryl Alcohol, Myristyl Alcohol, Cetrimonium Chloride, Propylene Glycol, Dimethicone Copolyol, Diglycerin, Panthenyl Ethyl Ether, Alcohol; Ethanol, Sodium PCA, Sodium Lactate, Arginine, Aspartic Acid, PCA, Glycine, Alanine, Serine, Valine, Proline, Threonine, Isoleucine, Histidine, Phenylalanine, CI 42090; BLUE NO. 1 BLUE NO. 4, Fragrance; Parfum; Aroma, Aqua/Water",https://www.sociolla.com/hair-serum/28184-honey-dew-restructuring-serum,2/28/2026
P132,MK3 Restructuring Serum Bottle,Makarizo Professional,Hair Serum,50ml,Rp 210.980,"Aqua, Diglycerin, PEG-40 Hydrogenated Castor Oil,Parfum, Polyquaternium-47, Cetrimonium Chloride,Phenoxyethanol, Panthenol, Actinidia Chinensis (Kiwi)Fruit Extract, Ethylhexylglycerin, Sodium PCA, Sodium Lactate, Arginine, Tetrasodium EDTA, Aspartic Acid, PCA, Sodium Benzoate, Cocos Nucifera Oil, Ethyl Macadamiate,Glycine, Alanine, Serine, Valine, Isoleucine, Proline,Threonine, Histidine, Phenylalanine, Tocopherol, CI 42090.",https://www.sociolla.com/hair-serum/84323-mk3-restructuring-serum-bottle,2/28/2026
P133,Coconut Milk Hair Serum,Beamarry New York,Hair Serum,110ml,Rp 181.727,"CYCLOPENTASILOXANEISODODECANE ETHYLHEXYL PALMITATE, DIMETHICONOL DIMETHICONE PARFUM, OLEA EUROPAEA JOLIVE FRUIT OIL ARGANIA SPINOSA KERNEL OIL ORBIGNYA OLEIFERA SEED OIL, TOCOPHERYL ACETATE, Ci 15985, SIMMONDSIA CHINENSIS (JOJOBA) SEED OIL BUTYROSPERMUM PARKII (SHEA BUTTER), VITIS VINIFERA (GRAPE) SEED OIL, PRUNUS AMYGDALUS DULCIS (SWEET ALMOND) OIL, KERATIN, HYDROLYZED KERATIN, OXIDIZED KERATIN",https://www.sociolla.com/hair-serum/85240-coconut-milk-hair-serum,2/28/2026
P134,Ultimate Repair Hair Serum,Beamarry New York,Hair Serum,110ml,Rp 181.727,"CYCLOPENTASILOXANE, ISODODECANE ETHYLHEXYL PALMITATE, DIMETHICONOL, DIMETHICONE PARFUM, OLEA EUROPAEA (OLIVE) FRUIT OIL, ARGANIA SPINOSA KERNEL OIL, ORBIGNYA OLEIFERA SEED OIL TOCOPHERYL ACETATE, COCOS NUCIFERA (COCONUT OIL MILK EXTRACT. SIMMONDSIA CHINENSIS (JOJOBA) SEED OIL BUTVROSPERMUM PARKILISHEA BUTTER HELIANTHUS ANNUUS (SUNFLOWER) SEED OIL, BUTYL AVOCADATE",https://www.sociolla.com/hair-serum/85237-ultimate-repair-hair-serum,2/28/2026
P135,L’Oreal Paris Elseve Aminexil (Fall Resist Serum Anti Hair-Fall),Loreal  Paris,Hair Serum,102ml,Rp 149.000,"Aminexil, Caffeine, Arginine",https://www.sociolla.com/hair-serum/93866-l-oreal-paris-elseve-aminexil-fall-resist-serum-anti-hair-fall,2/28/2026
P136,5In1 Hair Vitamin Milkshake,Ellips,Hair Serum,45ml,Rp 55.648,"Aqua, Dimethicone / Vinyl Dimethicone Crosspolymer, Cyclopentasiloxane, Phenyl Trimethicone, Cetrimonium Chloride, Isopropyl Alcohol, Cocamide DEA, PEG-8, Fragrance, C12-14 Pareth-12, Sodium Chloride, Polyquaternium-16, DMDM Hydantoin, Cyclotetrasiloxane, Methylparaben, Panthenol, Lactic Acid, Chlorphenesin, Phenoxyethanol, Phenyl Trimethicone, Hydrolyzed Wheat Protein, Benzoic Acid, C12-15 Alkyl Benzoate, Dimethiconol, Dimethicone Crosspolymer, Hydrolyzed Wheat Starch, Benzophenone-4, Potassium Sorbate, Hydrolyzed Milk Protein, Butylene Glycol, Ethylparaben, Propylparaben, Butylparaben",https://www.sociolla.com/hair-serum/77149-5in1-hair-vitamin-milkshake,2/28/2026
P137,Tresemme Keratin Smooth Heat Protection Spray with Marula Oil 236ML for Dry Hair,TRESemmé,Heat Protection,236ml,Rp 146.450,"Water (Aqua), Amodimethicone, Glycerin, Peg-12 Dimethicone, Propylene Glycol, PVP, Fragrance (Parfum), Polysorbate 20, Cetrimonium Chloride, DMDM Hydantoin, Benzophenone-4, Disodium EDTA, Hydrolyzed Silk, Hydrolyzed Keratin, Ascorbic Acid, Tocopheryl Acetate, Panthenol, Niacinamide, Biotin.",https://www.sociolla.com/hair-vitamin/73477-tresemme-keratin-smooth-heat-protection-spray-with-marula-oil-236ml-for-dry-hair,2/28/2026
P138,Keratin Pro Daily Hair Vitamin Spray 100ml,CBD Professional,Hair Vitamin,100ml,Rp 70.125,"Cyclopentasiloxane, Dimethiconol, Isopropyl Myristate, Phenyl Trimethicone, Perfume, BHT, Argania spinosa Oil, Prunus amygdalus var. dulcis Oil, Tocopheryl Acetate, Hydrolyzed Keratin, Trametes versicolor Extract",https://www.sociolla.com/hair-vitamin/67660-keratin-pro-daily-hair-vitamin-spray-100ml,2/28/2026
P139,Figo Hair Perfume Aqua Glow,CBD Professional,Hair Vitamin,100ml,Rp 39.200,"Aqua, Alcohol, PEG-40 Hydrogenated Castor Oil, Perfume, PEG-12 Dimethicone, Cetrimonium Chloride, Phenoxyethanol, Hexamethylindanopyran, Diethyl Phthalate, Pentylene Glycol, Glycerin, Panthenol, Arginine, Lactic Acid, Sorbitol, Tocopheryl Acetate, Hydrolyzed Jojoba Esters, Collagen, Niacinamide, Sodium Ascorbyl Phosphate, Butylene Glycol, PPG-26-Buteth-26, Ethylhexyl Methoxycinnamate, Butyl Methoxydibenzoylmethane, 1,2-Hexanediol, Ethylhexyl Salicylate, Sodium Hyaluronate, Hyaluronic Acid, Hydrolyzed Hyaluronic Acid, Hydrolyzed Sodium Hyaluronate, Hydroxypropyltrimonium Hyaluronate, Potassium Hyaluronate, PEG-9 Diglycidyl Ether/Sodium Hyaluronate Crosspolymer, Sodium Acetylated Hyaluronate, Apigenin, Oleanolic Acid, Biotinoyl Tripeptide-1.",https://www.sociolla.com/hair-vitamin/85662-figo-hair-perfume-aqua-glow,2/28/2026
P140,Figo Hair Perfume Fairy Blush,CBD Professional,Hair Vitamin,100ml,Rp 39.200,"Aqua, Alcohol, PEG-40 Hydrogenated Castor Oil, Perfume, PEG-12 Dimethicone, Cetrimonium Chloride, Phenoxyethanol, Hexamethylindanopyran, Diethyl Phthalate, Pentylene Glycol, Glycerin, Panthenol, Arginine, Lactic Acid, Sorbitol, Tocopheryl Acetate, Hydrolyzed Jojoba Esters, Collagen, Niacinamide, Sodium Ascorbyl Phosphate, Butylene Glycol, PPG-26-Buteth-26, Ethylhexyl Methoxycinnamate, Butyl Methoxydibenzoylmethane, 1,2-Hexanediol, Ethylhexyl Salicylate, Sodium Hyaluronate, Hyaluronic Acid, Hydrolyzed Hyaluronic Acid, Hydrolyzed Sodium Hyaluronate, Hydroxypropyltrimonium Hyaluronate, Potassium Hyaluronate, PEG-9 Diglycidyl Ether/Sodium Hyaluronate Crosspolymer, Sodium Acetylated Hyaluronate, Apigenin, Oleanolic Acid, Biotinoyl Tripeptide-1.",https://www.sociolla.com/hair-vitamin/85664-figo-hair-perfume-fairy-blush,2/28/2026
P141,Figo Hair Perfume Love Blooms,CBD Professional,Hair Vitamin,100ml,Rp 39.200,"Aqua, Alcohol, PEG-40 Hydrogenated Castor Oil, Perfume, PEG-12 Dimethicone, Cetrimonium Chloride, Phenoxyethanol, Hexamethylindanopyran, Diethyl Phthalate, Pentylene Glycol, Glycerin, Panthenol, Arginine, Lactic Acid, Sorbitol, Tocopheryl Acetate, Hydrolyzed Jojoba Esters, Collagen, Niacinamide, Sodium Ascorbyl Phosphate, Butylene Glycol, PPG-26-Buteth-26, Ethylhexyl Methoxycinnamate, Butyl Methoxydibenzoylmethane, 1,2-Hexanediol, Ethylhexyl Salicylate, Sodium Hyaluronate, Hyaluronic Acid, Hydrolyzed Hyaluronic Acid, Hydrolyzed Sodium Hyaluronate, Hydroxypropyltrimonium Hyaluronate, Potassium Hyaluronate, PEG-9 Diglycidyl Ether/Sodium Hyaluronate Crosspolymer, Sodium Acetylated Hyaluronate, Apigenin, Oleanolic Acid, Biotinoyl Tripeptide-1.",https://www.sociolla.com/hair-vitamin/85663-figo-hair-perfume-love-blooms,2/28/2026
P142,Scalp Care Organic Hair Serum,Eucalie,Scalp Serum,30ml,Rp 207.200,"Aqua, Methyl Propanediol, Panthenol, Pseudoalteromonas Ferment Extract, Sorbitan Caprylate, Sodium Lactate, Propanediol, Benzoic Acid, Disodium Edta, Mentha Piperita Oil *, Melaleuca Alternifolia Leaf Oil *, Sodium Citrate, Phragmites Karka Extract, Poria Cocos Extract, Citric Acid, Sodium Benzoate, Sodium Salicylate.",https://www.sociolla.com/hair-serum/94068-eucalie-scalp-care-organic-hair-serum,2/28/2026
P143,Set The Oil Free! Sensitive & Oily Care Scalp Serum,Wonderlux,Scalp Serum,75ml,Rp 112.050,"aqua, Caprylic/Capric Triglyceride, Lactobacillus ferment, butylene glycol, Lactococcus ferment, Saccharomyces ferment, PROPANEDIOL, Maltodextrin, Farnesyl acetate, Farnesol, Panthenyl triacetate, Panthenol, chlorphenesin, Phenoxyethanol, Polyacrylate Crosspolymer-6, Propylene Glycol, 1,2-hexanediol, schinus terebinthifolius seed extract, Pelvetia canaliculata extract, Aloe Barbadensis Extract, Laminaria Digitata Extract, ceramide 3, Glycine, Tocopherol, Parfum, apium graveolens seed extract, Serine, Glutamic Acid, Aspartic Acid, Leucine, Alanine, Lysine, Arginine, Tyrosine, phenylalanine, Threonine, Proline, Valine, Isoleucine, Histidine",https://www.sociolla.com/hair-serum/78250-set-the-oil-free-sensitive-and-oily-care-scalp-serum,2/28/2026
P144,Calm it Down! Sensitive & Dry Care Scalp Serum,Wonderlux,Scalp Serum,75ml,Rp 112.050,"aqua, Lactobacillus ferment, BUTYLENE GLYCOL, Lactococcus ferment, Saccharomyces ferment, PROPANEDIOL Maltodextrin, Panthenol, chlorphenesin, Phenoxyethanol, Polyacrylate Crosspolymer-6, madecassoside, Propylene Glycol, 1,2-hexanediolschinus terebinthifolius seed extract, glycerin, pelvetia canaliculata extract, pogostemon cablin leaf extract, Aloe Barbadensis Extract, Laminaria Digitata Extract, ceramide 3, Glycine, SERINE, Glutamic Acid, Aspartic Acid, Leucine, Alanine, Lysine, Arginine, Tyrosine, Phenylalanine, Threonine, Proline, Valine, Isoleucine, histidine",https://www.sociolla.com/hair-serum/79840-calm-it-down-sensitive-and-dry-care-scalp-serum,2/28/2026
P145,Color Shield Conditioner 250ml,CBD Professional,Conditioner,250ml,Rp 52.800,"Aqua, cetearyl Alcohol, Dimethicone, Behentrimonium, Chloride, Glycerin, Glyceryl Stearate, Hydroxypropyl Starch Phosphate, Perfume, Phenoxyethanol, Cetrimonium Chloride, PEG-100 Strearate, Isopropanol, Benzotriazolyl Dodecyl p-Cresol, BHT, Disodium EDTA, Panthenol, Sodium Metabisulfite, Punica Granatum Fruit Extract, Propylene Glycol, Aminomethyl Propanol, Citric Acid, Alcohol, PEG-40 Hydrogenated Castor Oil, Tocopherol, DMDM Hydantoin, Vitis vinifera Seed Extract",https://www.sociolla.com/hair-tonic/28181-salon-daily-redensifying-hair-tonic-spray-bottle,2/28/2026
P146,Osweet Singapore Amino Acid Protein Conditioner,OSweet Singapore,Conditioner,100ml,Rp 166.470,"Hydrolyzed Wheat Protein, Lactic Acid, Propylparaben, Sodium Lauroyl Hydrolyzed Silk, Trideceth-12, Aqua, Behentrimonium chloride, Cetearyl Alcohol, Cetrimonium Chloride, Cetyl Alcohol, Hydroxyethylcellulose, Methylisothiazolinone, Methylparaben, Parfum, Snail Secretion Filtrate, Zingiber Officinale Extract, Hyaluronic Acid",https://www.sociolla.com/conditioner/88951-o-sweet-singapore-amino-acid-protein-conditioner,2/28/2026
P147,Marula Oil Hair Serum,Dancoly,Hair Serum,60ml,Rp 275.010,"helianthus annuus (sunflower) seed oil, cyclopentasiloxane, dimethicone/silsesquioxane copolymer, marula oil, macadamie ternifolia seed oil, parfum/fragrance. ",https://www.sociolla.com/hair-serum/52711-marula-oil-hair-serum,2/28/2026
P148,Real Tamanu Cold Pressed Tamanu Oil Soothing Scalp Serum,Rated Green,Scalp Serum,100ml,Rp 299.000,"Alcohol Denat, Water, Butylene Glycol, Octyldodeceth-16, Polysorbate 20, Menthol, Propanediol, Citrus Aurantium Bergamia (Bergamot) Fruit Oil, Pelargonium Graveolens Flower Oil, Lavandula Angustifolia (Lavender) Oil, Ganoderma Lucidom (Mushroom) Extract, Salvia Officinalis (Sage) Oil, Pogostemon Cablin Oil, Citrus Aurantium Dulcis (Orange) Peel Oil, Calophyllum Inophyllum Seed Oil, Inulin, Polyquatemium-10, Glycerin, Polyglyceryl-10 Isostearate, Polyglyceryl-10 Oleate, Pentylene Glycol, 1,2-Hexanediol, Octanediol, Ethylhexylglycerin, PEG-60 Hydrogenated Castor Oil, Caprylyl Glycol, Limonene, Linalool, Citronellol, Geraniol",https://www.sociolla.com/hair-tonic/94661-real-tamanu-cold-pressed-tamanu-oil-soothing-scalp-serum,2/28/2026
P149,Extra Moist & Shine Hair Mask,Moist Diane,Hair Mask,150 gr,Rp 101.150,"WATER, CETEARYL ALCOHOL, DIMETHICONE, STEARTRIMONIUM CHLORIDE, GLYCERIN, RICINUS COMMUNIS (CASTOR) SEED OIL, PROPANEDIOL, QUATERNIUM-33, GAMMA-DOCOSALACTONE, TERMINALIA FERDINANDIANA FRUIT EXTRACT, MICROCITRUS AUSTRALASICA FRUIT EXTRACT, GLUCOSE, BUTYLENE GLYCOL, PRUNUS DOMESTICA SEED EXTRACT, C12-13 ALKYL GLYCERYL HYDROLYZED HYALURONATE, UREA, KERATIN, HYDROLYZED CONCHIOLIN PROTEIN, HYDROXYPROPYLTRIMONIUM HYALURONATE, MALUS DOMESTICA FRUIT CELL CULTURE EXTRACT, PLATINUM POWDER,COLLAGEN, HYLOCEREUS UNDATUS FRUIT EXTRACT, ISOMALT, PPG-3 CAPRYLYL ETHER, HYDROLYZED KERATIN, HYDROLYZED HYALURONIC ACID, HYDROLYZED COLLAGEN, SODIUM HYALURONATE, LOCUST BEAN HYDROXYPROPYLTRIMONIUM CHLORIDE, CETEARAMIDOETHYL DIETHONIUM HYDROLYZED RICE PROTEIN, STARCH HYDROXYPROPYLTRIMONIUM CHLORIDE, POLYGLYCERYL-2 ISOSTEARATE/DIMER DILINOLEATE COPOLYMER, ETHYLHEXYL PALMITATE, POUTERIA SAPOTA SEED OIL, COCOS NUCIFERA (COCONUT) OIL,SHOREA STENOPTERA SEED BUTTER,SCLEROCARYA BIRREA SEED OIL,THEOBROMA GRANDIFLORUM SEED BUTTER, MANGIFERA INDICA (MANGO) SEED OIL, ARGANIA SPINOSA KERNEL OIL, CERAMIDE NG, GLYCINE SOJA (SOYBEAN) STEROLS, CERAMIDE 5, CERAMIDE NP, CERAMIDE AP, CERAMIDE EOP, BIS-BEHENYL/ISOSTEARYL/PHYTOSTERYL DIMER DILINOLEYL DIMER DILINOLEATE, CARAPA GUAIANENSIS SEED OIL, ADANSONIA DIGITATA SEED OIL, PRUNUS ARMENIACA (APRICOT) KERNEL OIL, HYDROGENATED APRICOT KERNEL OIL, HYDROGENATED ARGANIA SPINOSA KERNEL OIL, HYDROGENATED CASTOR OIL ISOSTEARATE, BIS-(POLYGLYCERYL-3 OXYPHENYLPROPYL) DIMETHICONE, DIMETHICONOL, SODIUM LACTATE, CHOLESTEROL, SODIUM CHLORIDE, SODIUM BICARBONATE, ARGANIA SPINOSA CALLUS CULTURE EXTRACT, PEG-90M, CELLULOSE GUM, XANTHAN GUM , GLYCERYL TRI-HYDROGENATED ROSINATE, LECITHIN, DICOCODIMONIUM CHLORIDE, CETRIMONIUM CHLORIDE, QUATERNIUM-18, BEHENTRIMONIUM CHLORIDE, TRIGONELLA FOENUM-GRAECUM HYDROXYPROPYLTRIMONIUM CHLORIDE, ISOPROPYL ALCOHOL, PROPYLENE GLYCOL, ALCOHOL DENAT, LACTIC ACID,TOCOPHEROL, DISODIUM EDTA, PHENOXYETHANOL, SODIUM BENZOATE, FRAGRANCE, CARAMEL.",https://www.sociolla.com/hair-tonic/94661-real-tamanu-cold-pressed-tamanu-oil-soothing-scalp-serum,2/28/2026
P150,Lavender Biotin Purple Conditioner,Beamarry New York,Conditioner,380 ml,Rp 146.881,"CYCLOPENTASILOXANE, ISODODECANE ETHYLHEXYL PALMITATE, DIMETHICONOL, DIMETHICONE PARFUM, OLEA EUROPEA (OLIVE) FRUIT OIL ARGANIA SPINOSA KERNEL OIL, ORBIGNYA OLEIFERA SEED OIL TOCOPHERYL ACETATE, CI 15985, SIMMONDSIA CHINENSIS (J0JOBA) SEED OIL BUTYROSPERMUM PARKII (SHEA BUTTER), COCOS NUCIFERA(COCONUT) OIL HELIANTHUS ANNUUS (SUNFLOWER) SEED OIL",https://www.sociolla.com/conditioner/85235-lavender-biotin-purple-conditioner,2/28/2026
P151,T1 Pure Care System Micellar Conditioner Bottle,MAKARIZO,Conditioner,180 ml,Rp56.500 Rp53.110,"Water (Aqua), Cyclotetrasiloxane, Cetearyl Alcohol, Behentrimonium Chloride, Dimethicone, Fragrance (Parfum), Amodimethicone, Glyceryl Stearate, Phenoxyethanol, Polyquaternium-47, Ceteareth-20, Ethylhexyl Palmitate, Cyclopentasiloxane, Hydroxyethylcellulose ,Guar Hydroxypropyltrimonium Chloride, Menthol, Tetrasodium EDTA, Panthenol, Ethylhexylglycerin, Cetrimonium Chloride, Menthyl Lactate, Camellia Sinensis Leaf Extract, Sodium Benzoate, Niacinamide, Aesculus Hippocastanum Seed Extract, Yeast Extract, Ammonium Glycyrrhizate, Zinc Gluconate, Caffeine, Potassium Sorbate, Biotin.",https://www.sociolla.com/conditioner/76964-t1-pure-care-system-micellar-conditioner-bottle,3/2/2026
P152,Erha Hairgrow Hair Fall Protection Moisturizer 200 ml,ERHA,Conditioner,200 ml,Rp135.000,,https://www.sociolla.com/conditioner/64831-erhair-hairgrow-biotin-and-argan-oil-hair-moisturizer,3/2/2026
P153,Real Shea Real Change Treatment,RATED GREEN,Conditioner,240 ml,Rp219.000 Rp208.050,"Glycerin, Water, Cyclopentasiloxane, Dimethicone, Cetearyl Alcohol, Dicaprylyl Carbonate, Propylene Glycol, Steartrimonium Chloride, Behentrimonium Chloride, Butyrospermum Parkii (Shea) Butter, Glycine Soja (Soybean) Seed Extract, Citrus Aurantium Dulcis (Orange) Peel Oil, Avena Sativa (Oat) Kernel Protein, Aloe Barbadensis Leaf Juice, Hydroxyethylcellulose, Quaternium-80, Cetyl Esters, Dipropylene Glycol, Pentylene Glycol, 1,2-Hexanediol, Butylene Glycol , Octanediol , Tocopherol , Et hylhexylglycerin, Citric Acid, Stearyl Alcohol, Sodium Benzoate, Potassium Sorbate, Fragrance(Parfum), Limonene , Linalool, Citronellol, Benzyl Benzoate, Geraniol, Benzyl Salicylate",https://www.sociolla.com/conditioner/14643-real-shea-real-change-treatment,3/2/2026
P154,HAIR SPA SMOOTH KERATIN,LAE SA LUAY,Conditioner,250ml,Rp85.000 Rp68.000,"Water, Cetearyl Alcohol, Mineral Oil, Jojoba Oil PEG-8 Esters, Pearl Powder, Citric Acid, Methyl Paraben, Vitamin B5, Olea Europaea Fruit Oil, Keratin",https://www.sociolla.com/conditioner/64111-hair-spa,3/2/2026
P155,O'sweet Singapore Amino Acid Protein Conditioner,O'SWEET SINGAPORE,Conditioner,100ml,Rp179.000 Rp161.100,"Komposisi: Hydrolyzed Wheat Protein, Lactic Acid, Propylparaben, Sodium Lauroyl Hydrolyzed Silk, Trideceth-12, Aqua, Behentrimonium chloride, Cetearyl Alcohol, Cetrimonium Chloride, Cetyl Alcohol, Hydroxyethylcellulose, Methylisothiazolinone, Methylparaben, Parfum, Snail Secretion Filtrate, Zingiber Officinale Extract, Hyaluronic Acid",https://www.sociolla.com/conditioner/88951-o-sweet-singapore-amino-acid-protein-conditioner,3/2/2026
P156,Premium Ex Damage Care & Repair Conditioner,TSUBAKI,Conditioner,450ml,Rp179.900 Rp161.910,"INGREDIENTS: AQUA, STEARYL ALCOHOL, ISOPENTYLDIOL, BEHENTRIMONIUM CHLORIDE, GLYCERIN, DIMETHICONE, SORBITOL, CETYL ALCOHOL, DIPROPYLENE GLYCOL, ISOPROPYL ALCOHOL, FRAGRANCE, AMINOPROPYL DIMETHICONE, ISOPROPYL MYRISTATE, SODIUM METHYLTAURATE, PEG-2 LAURATE, SALICYLIC ACID, SODIUM BENZOATE, PHENOXYETHANOL, C13-16 ISOPARAFFIN, POLYSILICONE-13, STEARTRIMONIUM CHLORIDE, LAURTRIMONIUM CHLORIDE, C10-13 ISOPARAFFIN, SQUALANE, DISODIUM EDTA, CAMELLIA JAPONICA SEED OIL, BUTYLENE GLYCOL, CETRIMONIUM CHLORIDE, SODIUM DILAURAMIDOGLUTAMIDE LYSINE, AMODIMETHICONE, BIS-ETHYLHEXYLOXYPHENOL METHOXYPHENYL TRIAZINE, PHYTOSTERYL MACADAMIATE, PPG-2-DECETH-12, CITRUS UNSHIU PEEL EXTRACT, EUC..",https://www.sociolla.com/conditioner/89607-premium-ex-damage-care-and-repair-conditioner,3/2/2026
P157,Texture Experience Conditioner Green Tea Butter,MAKARIZO PROFESSIONAL,Conditioner,250 ml,Rp88.800 Rp72.816,"Aqua/Water, Sodium Laureth Sulfate, Cocamidopropyl Betaine, Glycerin, Polyquaternium-7, Sodium chloride, Fragrance; Parfum; Aroma, Lauryl Lactyl Lactate, Silicone Quaternium-18, PEG-120 Methyl Glucose Trioleate, DMDM Hydantoin, Deceth-7, Trideceth-6, Etidronic Acid, Propanediol, Dipropylene Glycol, Butylene Glycol, Iodopropynyl Butylcarbamate, Propylene Glycol, Camellia Sinensis Leaf Extract, Magnesium Nitrate, CMIT; Methylchloroisothiazolinone, Magnesium Chloride, MIT; Methylisothiazolinone",https://www.sociolla.com/conditioner/28173-texture-experience-conditioner-green-tea-butter,3/2/2026
P158,Premium Moist & Repair Conditioner,TSUBAKI,Conditioner,450ml,Rp149.900 Rp131.912,"INGREDIENTS: AQUA, STEARYL ALCOHOL, ISOPENTYLDIOL, BEHENTRIMONIUM CHLORIDE, GLYCERIN, DIMETHICONE, CETYL ALCOHOL, ISOPROPYL ALCOHOL, FRAGRANCE, DIPROPYLENE GLYCOL, ISOPROPYL MYRISTATE, AMINOPROPYL DIMETHICONE, PEG-2 LAURATE, SODIUM BENZOATE, PHENOXYETHANOL, SODIUM METHYLTAURATE, SALICYLIC ACID, C13-16 ISOPARAFFIN, POLYSILICONE-13, STEARTRIMONIUM CHLORIDE, LAURTRIMONIUM CHLORIDE, C10-13 ISOPARAFFIN, DISODIUM EDTA, SQUALANE, CAMELLIA JAPONICA SEED OIL, CETRIMONIUM CHLORIDE, BUTYLENE GLYCOL, SODIUM DILAURAMIDOGLUTAMIDE LYSINE, AMODIMETHICONE, PHYTOSTERYL/OCTYLDODECYL LAUROYL GLUTAMATE, PHYTOSTERYL MACADAMIATE, PPG-2-DECETH-12, GLYCINE SOJA (SOYBEAN) SEED EXTRACT, BIS-ETHY..",https://www.sociolla.com/conditioner/47977-premium-moist-and-repair-conditioner,3/2/2026
P159,In France Femme Fatale No. 02 Hair Treatment,JMELLA,Conditioner,500ml,Rp139.000 Rp97.300,"Aqua, Stearyl Alcohol, Cetyl Alcohol, Stearamidopropyl Dimethylamine, Parfum, Cyclopentasiloxane, Behentrimonium Chloride (Hair Conditioning), Dimethicone, Glycerin, Steartrimonium Chloride (Hair Conditioning), Phenoxyethanol, Isopropyl Alcohol, Chlorphenesin, Propylene Glycol, Amodimethicone, Cetrimonium Chloride (Emulsifying), Disodium EDTA, Trideceth-12, Arachidyl Alcohol, Butylene Glycol, Myristyl Alcohol, Cyclotetrasiloxane, Trehalose, Panthenol, Lauryl Alcohol, Dipropylene Glycol, 1,2-Hexanediol, Citric Acid, Fragaria Vesca Leaf Extract, Hydrolyzed Collagen, Glycine, Serine, Glutamic Acid, Aspartic Acid, Leucine, Alanine, Lysine, Arginine, Tyrosine, Phenylalanine, Proline, Threonine..",https://www.sociolla.com/conditioner/73128-jmella-in-france-femme-fatale-no-02-hair-treatment,3/2/2026
P160,Diane Extra Hair Fall Control Treatment (Conditioner) - Made In Japan,MOIST DIANE,Conditioner,450ml,Rp69.000 - Rp136.000 Rp46.230 - Rp106.080,"AQUA, ETHYLHEXYL PALMITATE, CETEARYL ALCOHOL, GLYCERIN, STEARTRIMONIUM CHLORIDE, PARFUM, PHENOXYETHANOL, ISOPROPYL ALCOHOL, BIS-BEHENYL/ISOSTEARYL/PHYTOSTERYL DIMER DILINOLEYL DIMER DILINOLEATE, CETRIMONIUM CHLORIDE, POLYQUATERNIUM-10, DICOCODIMONIUM CHLORIDE, GLYCERYL TRI-HYDROGENATED ROSINATE, DISODIUM EDTA, BUTYLENE GLYCOL, CITRIC ACID, ISOMALT, HYDROLYZED KERATIN, ARGANIA SPINOSA KERNEL OIL, O-CYMEN-5-OL, MANGIFERA INDICA SEED OIL, SALICYLIC ACID, ALCOHOL, PUNICA GRANATUM FRUIT EXTRACT, MALUS DOMESTICA FRUIT CELL CULTURE EXTRACT, KERATIN, CITRUS RETICULATA (TANGERINE) PEEL EXTRACT, PANAX GINSENG ROOT EXTRACT, WASABIA JAPONICA LEAF EXTRACT, PISUM SATIVUM (PEA..",https://www.sociolla.com/conditioner/68247-diane-extra-hair-fall-control-treatment-450-ml-conditioner-made-in-japan,3/2/2026
P161,Hair We Bloom Conditioner,LAVOJOY,Conditioner,300ml,Rp71.900 Rp66.867,"Water, Sodium Laureth Sulfate, Sodium Chloride, Cocamidopropyl Hydroxysultaine, Cocamide Methyl MEA, Aroma, Phenoxyethanol, Cocamidopropyl Betaine, Sodium Benzoate, Trimethylolpropane Tricaprylate/Tricaprate, Coco-Glucoside, Glyceryl Oleate, Sodium Lauroyl Sarcosinate, Hydroxypropyl Guar Hydroxypropyltrimonium Chloride, Polyquaternium-7, Citric Acid, Glycerin, Sodium PCA, Myristamidopropyl PG-Dimonium Chloride Phosphate, Disodium EDTA, Sodium Cocamidopropyl PG-Dimonium Chloride Phosphate, Phytosteryl Oleate, Glyceryl Behenate, Sodium Polyaspartate, Propylene Glycol, PPG-26-Buteth-26, Butylene Glycol, 1,2-Hexanediol, Tocopherol, Pentylene Glycol, Hydrogenated Palm Glycerides Citrate, Salic..",https://www.sociolla.com/conditioner/82864-hair-we-bloom-conditioner,3/2/2026
P162,Bio+Peptide Complex Conditioner,CBD PROFESSIONAL,Conditioner,250ml,Rp76.000 Rp57.000,,https://www.sociolla.com/conditioner/85660-biopeptide-complex-conditioner,3/2/2026
P163,Hydro LPP Treatment,LA'DOR,Conditioner,150 ml,Rp100.000 - Rp235.000 Rp80.000 - Rp188.000,,https://www.sociolla.com/conditioner/51342-lador-hydro-lpp-treatment,3/2/2026
P164,Premium Volume & Repair Conditioner,TSUBAKI,Conditioner,450ml,Rp149.900 Rp134.910,"INGREDIENTS : AQUA, GLYCERIN, STEARYL ALCOHOL, BEHENYL ALCOHOL, STEARTRIMONIUM CHLORIDE, SORBITOL, ISOPROPYL MYRISTATE, HYDROGENATED POLYDECENE, FRAGRANCE, ISOPROPYL ALCOHOL, AMODIMETHICONE, PHENOXYETHANOL, METHYLPARABEN, PPG-2-DECETH-12, LAURTRIMONIUM CHLORIDE, SQUALANE, CAMELLIA JAPONICA SEED OIL, POLYQUATERNIUM-11, LACTIC ACID, ASPARTIC ACID, CITRIC ACID, BUTYLENE GLYCOL, SODIUM DILAURAMIDOGLUTAMIDE LYSINE, PHYTOSTERYL/OCTYLDODECYL LAUROYL GLUTAMATE, PHYTOSTERYL MACADAMIATE, TAURINE, GLYCINE SOJA (SOYBEAN) SEED EXTRACT, TOCOPHEROL, HYDROXYPROPYL ARGININE LAURYL/MYRISTYL ETHER HCL, ALCOHOL.",https://www.sociolla.com/conditioner/47976-premium-volume-and-repair-conditioner,3/2/2026
P165,BONVIE ArKeratin CondiMask (with Amino Acids + Panthenol),BONVIE,Conditioner,100ml,Rp68.000 Rp61.200,,https://www.sociolla.com/conditioner/86021-bonvie-arkeratin-condimask-with-amino-acids-panthenol,3/2/2026
P166,Salon Daily Professional Conditioner,MAKARIZO PROFESSIONAL,Conditioner,950 ml,Rp50.400 - Rp175.900 Rp41.328 - Rp144.238,"Aqua/Water, Cetearyl Alcohol, Ethylhexyl Palmitate, Mineral Oil; Paraffinum Liquidum, Propylene Glycol, Amodimethicone, Behentrimonium Chloride, Fragrance; Parfum; Aroma, Bis(C13-15 Alkoxy) PG-Amodimethicone, Isopropyl Alcohol, Ceteareth-20, Aloe Barbadensis Leaf Extract, C14-15 Alcohols, Trideceth-10, Menthol, Steartrimonium Chloride; Quaternium-10, Trideceth-12, Lactic Acid, Phenoxyethanol, Menthyl Lactate, Cyclotetrasiloxane, 5-Bromo-5-Nitro-1,3 Dioxane (Formaldehyde Releaser), Isotridecanol, Magnesium Nitrate, CMIT; Methylchloroisothiazolinone, Potassium Sorbate, Sodium Benzoate, Magnesium Chloride, MIT; Methylisothiazolinone",https://www.sociolla.com/conditioner/28177-salon-daily-professional-conditioner,3/2/2026
P167,In France Blooming Peony No. 01 Hair Treatment,JMELLA,Conditioner,500ml,Rp139.000 Rp104.250,"Aqua, Stearyl Alcohol, Cetyl Alcohol, Stearamidopropyl Dimethylamine, Parfum, Cyclopentasiloxane, Behentrimonium Chloride (Hair Conditioning), Dimethicone, Glycerin, Steartrimonium Chloride (Hair Conditioning), Phenoxyethanol, Isopropyl Alcohol, Chlorphenesin, Propylene Glycol, Amodimethicone, Cetrimonium Chloride (Emulsifying), Disodium EDTA, Trideceth-12, Arachidyl Alcohol, Butylene Glycol, Myristyl Alcohol, Cyclotetrasiloxane, Trehalose, Panthenol, Lauryl Alcohol, Dipropylene Glycol, 1,2-Hexanediol, Citric Acid, Fragaria Vesca Leaf Extract, Hydrolyzed Collagen, Glycine, Serine, Glutamic Acid, Aspartic Acid, Leucine, Alanine, Lysine, Arginine, Tyrosine, Phenylalanine, Proline, Threonine..",https://www.sociolla.com/conditioner/73310-jmella-in-france-blooming-peony-no-01-hair-treatment,3/2/2026
P168,Texture Experience Conditioner Strawbery Yoghurt,MAKARIZO PROFESSIONAL,Conditioner,250 ml,Rp88.800 Rp72.816,"Aqua/Water, Cetearyl Alcohol, Behentrimonium Chloride, Glyceryl Stearates, Polyquaternium-47, Cyclotetrasiloxane, Amodimethicone, Ceteareth-20, Dimethicone, Fragrance; Parfum; Aroma, Ceteareth-12, Ethylhexyl Palmitate, Hydroxyethylcellulose, Isopropyl Alcohol, Cyclopentasiloxane, Guar Hydroxypropyltrimonium Chloride, CI 19140; ACID YELLOW 23; Yellow 5 Lake; Yellow no.4, DMDM Hydantoin, CI 14720; Red 3, Sodium Sulfate, Theobroma Cacao (Cocoa) Extract, Steartrimonium Chloride; Quaternium-10, Trideceth-12, CI 42090; BLUE NO. 1 BLUE NO. 4, Butylene Glycol, Iodopropynyl Butylcarbamate, Magnesium Nitrate, CMIT; Methylchloroisothiazolinone, Magnesium Chloride, MIT; Methylisothiazolinone",https://www.sociolla.com/conditioner/28175-texture-experience-conditioner-strawbery-yoghurt,3/2/2026
P169,Bring Me to Life! Volume and Repair Conditioner,WONDERLUX,Conditioner,160 ml,Rp69.000 Rp65.550,"Aqua, Cetearyl Alcohol, Glycerin, Mineral Oil, Fragrance (Parfum) Components and Finished Fragrances, Stearamidopropyl Dimethylamine, Dimethiconol, Behentrimonium Chloride, Dimethicone, Propanediol, Ceteareth-22, Phenoxyethanol, Cetrimonium Chloride, Hydrolyzed Jojoba Esters, Citric Acid, Dipropylene Glycol, Amodimethicone, Chlorphenesin, Bisamino PEG/PPG-41/3 Aminoethyl PG-Propyl Dimethicone, Laureth-4, Laureth-5, Laureth-23, PEG-55 Stearate, Disodium EDTA, BHT, Xanthan Gum, Caprylyl Glycol, Ethyl Linoleate, Ethyl Oleate, Crambe Abyssinica Seed Oil, Helianthus Annuus (Sunflower) Seed Oil, Avocado (Persea Gratissima) Oil, CI 14720, Tilia Tomentosa Bud Extra..",https://www.sociolla.com/conditioner/92387-bring-me-to-life-volume-and-repair-conditioner,3/2/2026
P170,Organic Hair Growth / Hair Loss Treatment Conditioner,EUCALIE,Conditioner,190ml,Rp79.000 - Rp189.000 Rp79.000 - Rp154.980,"Aqua, Glycerin, Brassicamidopropyl Dimethylamine, Rosmarinus Officinalis Leaf Oil*, Niacinamide, Cetearyl Alcohol, Polyquaternium-7, Phenoxyethanol, Cetyl Alcohol, Centella Asiatica Extract, Citric Acid, Glutamic Acid, Salicylic Acid, Mentha Piperita Oil*, Panax Ginseng Root Extract, Panthenol, Cocos Nucifera Oil, Calophyllum Tacamahaca Seed Oil, Tocopherol, Hydroxypropyl Methylcellulose, Tetrasodium Edta, Hydrolyzed Soy Protein, Propanediol, Zinc PCA, Glucose, Ornithine Hcl, Arginine Hcl, Citrulline, Glucosamine Hcl, Onion (Allium Cepa) Extract, Biotin",https://www.sociolla.com/conditioner/88816-organic-hair-growth-hair-loss-treatment-conditioner,3/2/2026
P171,Premium Volume & Repair Treatment,TSUBAKI,Conditioner,160gr,Rp131.900 Rp114.753,"INGREDIENTS : AQUA, GLYCERIN, STEARYL ALCOHOL, BEHENYL ALCOHOL, STEARTRIMONIUM CHLORIDE, SORBITOL, ISOPROPYL MYRISTATE, HYDROGENATED POLYDECENE, FRAGRANCE, ISOPROPYL ALCOHOL, AMODIMETHICONE, PHENOXYETHANOL, METHYLPARABEN, PPG-2-DECETH-12, LAURTRIMONIUM CHLORIDE, SQUALANE, CAMELLIA JAPONICA SEED OIL, POLYQUATERNIUM-11, LACTIC ACID, ASPARTIC ACID, CITRIC ACID, BUTYLENE GLYCOL, SODIUM DILAURAMIDOGLUTAMIDE LYSINE, PHYTOSTERYL/OCTYLDODECYL LAUROYL GLUTAMATE, PHYTOSTERYL MACADAMIATE, TAURINE, GLYCINE SOJA (SOYBEAN) SEED EXTRACT, TOCOPHEROL, HYDROXYPROPYL ARGININE LAURYL/MYRISTYL ETHER HCL, ALCOHOL.",https://www.sociolla.com/conditioner/47980-premium-volume-and-repair-treatment,3/2/2026
P172,Premium Moist & Repair Treatment,TSUBAKI,Conditioner,160gr,Rp131.900 Rp112.115,"INGREDIENTS: AQUA, GLYCERIN, DIMETHICONE, ISOPENTYLDIOL, HYDROGENATED RAPESEED ALCOHOL, BEHENTRIMONIUM CHLORIDE, STEARYL ALCOHOL, SORBITOL, ISOPROPYL ALCOHOL, CETYL ALCOHOL, FRAGRANCE, AMINOPROPYL DIMETHICONE, PHENOXYETHANOL, HYDROXYETHYL UREA, HYDROXYPROPYL ARGININE LAURYL/MYRISTYL ETHER HCL, SODIUM BENZOATE, OCTYLDODECANOL, STEARTRIMONIUM CHLORIDE, ALCOHOL, LACTIC ACID, CITRIC ACID, AMMONIUM LACTATE, LAURTRIMONIUM CHLORIDE, SQUALANE, CAMELLIA JAPONICA SEED OIL, BUTYLENE GLYCOL, SODIUM DILAURAMIDOGLUTAMIDE LYSINE, DIPROPYLENE GLYCOL, PHYTOSTERYL/OCTYLDODECYL LAUROYL GLUTAMATE, PHYTOSTERYL MACADAMIATE, AMINOMETHYL PROPANOL, AMODIMETHICONE, GLYCINE SOJA (SOYBEAN) SEED E..",https://www.sociolla.com/conditioner/47978-premium-moist-and-repair-treatment,3/2/2026
P173,Drop Dead Growgeous! Hair Densifying Conditioner,WONDERLUX,Conditioner,160 ml,Rp69.000 Rp65.550,"Aqua, Cetearyl Alcohol, Glycerin, Mineral Oil, Fragrance (Parfum) Components and Finished Fragrances, Stearamidopropyl Dimethylamine, Dimethiconol, Behentrimonium Chloride, Dimethicone, Propanediol, Ceteareth-22, Phenoxyethanol, Cetrimonium Chloride, Hydrolyzed Jojoba Esters, Citric Acid, Dipropylene Glycol, Amodimethicone, Chlorphenesin, Bisamino PEG/PPG-41/3 Aminoethyl PG-Propyl Dimethicone, Laureth-4, Laureth-5, Laureth-23, PEG-55 Stearate, Disodium EDTA, BHT, Xanthan Gum, Caprylyl Glycol, Butylene Glycol, CI 19140, CI 42090, PEG-26-Buteth-26, PEG-40 Hydrogenated Castor Oil, Magnesium Ascorbyl Phosphate, Hydrolyzed Corn Protein, Sodium Benzoate, Arginine, Glycine, ..",https://www.sociolla.com/conditioner/92385-drop-dead-growgeous-hair-densifying-conditioner,3/2/2026
P174,Perfect Day Perfume Silky Conditioner,HAIROIC,Conditioner,180 gr,Rp42.560 Rp19.152,,https://www.sociolla.com/conditioner/91173-perfect-day-perfume-silky-conditioner,3/2/2026
P175,Hair-Activating Conditioner,AEPURA,Conditioner,180ml,Rp79.000 Rp67.150,,https://www.sociolla.com/conditioner/94420-aepura-hair-activating-conditioner,3/2/2026
P176,Texture Experience Conditioner Mint Sorbet,MAKARIZO PROFESSIONAL,Conditioner,250 ml,Rp88.800 Rp72.816,"Aqua/Water, Sodium Laureth Sulfate, Cocamidopropyl Betaine, Glycerin, Polyquaternium-7, Sodium chloride, Fragrance; Parfum; Aroma, Lauryl Lactyl Lactate, Silicone Quaternium-18, PEG-120 Methyl Glucose Trioleate, DMDM Hydantoin, Deceth-7, Trideceth-6, Dipropylene Glycol, Propanediol, Etidronic Acid, Menthol, Butylene Glycol, Menthyl Lactate, Iodopropynyl Butylcarbamate, Magnesium Nitrate, CMIT; Methylchloroisothiazolinone, Magnesium Chloride, MIT; Methylisothiazolinone",https://www.sociolla.com/conditioner/28174-texture-experience-conditioner-mint-sorbet,3/2/2026
P177,Dreamy Hour Perfume Silky Conditioner,HAIROIC,Conditioner,180 gr,Rp42.560 Rp19.152,,https://www.sociolla.com/conditioner/91172-dreamy-hour-perfume-silky-conditioner,3/2/2026
P178,MK3 Repair and Revive Conditioner,MAKARIZO PROFESSIONAL,Conditioner,250ml,Rp256.200 Rp210.084,"Aqua, Cetearyl Alcohol, Glycerin, Parfum, C12-15 Alkyl Benzoate, Behentrimonium Chloride, Phenoxyethanol, Cetrimonium Chloride, Ethylhexylglycerin, Sodium PCA, Ceteareth-20, Sodium Lactate, Polysilicone-15, Arginine, Aspartic Acid, PCA, Tetrasodium EDTA, Argania Spinosa Kernel Oil, Helianthus Annuus Seed Oil, Ethyl Macadamiate, Glycine, Alanine, Serine, Valine, Isoleucine, Proline, Threonine, Histidine, Phenylalanine, Tocopherol",https://www.sociolla.com/conditioner/84321-mk3-repair-and-revive-conditioner,3/2/2026
P179,Daikin Conditioner,O'SWEET SINGAPORE,Conditioner,450 ml,Rp139.999 - Rp359.999 Rp131.599 - Rp323.999,"Hydrolyzed Wheat Protein, Lactic Acid, Propylparaben, Sodium Lauroyl Hydrolyzed Silk, Trideceth-12, Aqua, Behentrimonium chloride, Cetearyl Alcohol, Cetrimonium Chloride, Cetyl Alcohol, Hydroxyethylcellulose, Methylisothiazolinone, Methylparaben, Parfum, Snail Secretion Filtrate, Zingiber Officinale Extract, Hyaluronic Acid",https://www.sociolla.com/conditioner/58773-daikin-conditioner,3/2/2026
P180,Euphoria Perfume Silky Conditioner,HAIROIC,Conditioner,180 gr,Rp42.560 Rp19.152,,https://www.sociolla.com/conditioner/91174-euphoria-perfume-silky-conditioner,3/2/2026
P181,Hold Me Tight Pro Conditioner Spring Wonder,LAVOJOY,Conditioner,280ml,Rp100.900 Rp92.828,"Water, Cetearyl Alcohol, Stearamidopropyl Dimethylamine Lactate, Behentrimonium Chloride, Betaine, Trimethylolpropane Tricaprylate/Tricaprate, Phenoxyethanol, Fragrance, Insonoyl Isononanoate, Isopropyl Alcohol, Sodium Benzoate, Distearyldimonium Chloride, Guar Hydroxypropyltrimonium Chloride, Menthol, Citric Acid, Disodium EDTA, Butylene Glycol, Panthenol, Argania Spinosa Kernel Oil, Camellia Japonica Seed Oil, Sclerocarya Birrea Seed Oil, Zinger Officinale (Ginger) Root Extract, Anemarrhena Asphodeloides Root Extract, Panax Ginseng Root Extract, Propylene Glycol, Diaminopyrimidine Oxide, Propanediol, 1,2-Hexanediol, Angelica Polymorpha Multiflorum Root Extract, Biota Orientalis Leaf Ext..",https://www.sociolla.com/conditioner/77588-hold-me-tight-pro-conditioner-spring-wonder,3/2/2026
P182,Real Intensive ACID Conditioner,LA'DOR,Conditioner,900ml,Rp255.000 Rp204.000,"Water, Cetearyl Alcohol, Dimethicone, Isopropyl Myristate, Glycerin, Steartrimonium Chloride, Propylen Glycol, Lactobacilus/Fermentasi Ekstrak Kulit Lemon, Ekstrak Daun Rosmarinus Officonalis (Rosemary), Ekstrak Daun Eucalyptus Globulus (Eukaliptus Globulus), Ekstrak Buah Citrus Limon (Lemon), Ekstrak Buah Citrus Aurantifolia (Lime), Gliceryl Stearate SE, Hydroxyethylcellulose, Salicylic Acid, Cetrimonium Chloride, Capryril Glycol, Laureth-20, Laureth-3, Butylene Glycol, Disodium Phosphate, Sodium Citrate, Polisorbate 60, 1,2-Hexanediol, Citric Acid, Sodium Phosphate, Ethylhexylglycerin, Phenoxyethanol, CI 42090, CI 17200, Fragrance.",https://www.sociolla.com/conditioner/86414-lador-real-intensive-acid-conditioner,3/2/2026
P183,Elseve Glycolic Gloss Conditioner,LOREAL PARIS,Conditioner,265 ml,Rp79.900,"Aqua / Water, Cetearyl Alcohol, Cocos Nucifera Oil / Coconut Oil, Brassicamidopropyl Dimethylamine, Hydroxycitronellal, Benzoic Acid, Linalool, Caprylyl Glycol, Tartaric Acid, Octyldodecanol, Glyceryl Stearate, Parfum / Fragrance, Ethylhexyl Salicylate, Xylose, Limonene, Glycolic Acid, Hexyl Cinnamal.",https://www.sociolla.com/conditioner/94973-elseve-glycolic-gloss-conditioner,3/2/2026
P184,Collagen Repair Conditioner 250ml,CBD PROFESSIONAL,Conditioner,250ml,Rp72.000 Rp54.000,"Aqua, Cetearyl Alcohol, Perfume, Glycerin, Behentrimonium Chloride,, Cetyl Alcohol, Dimethicone, Phenoxyethanol, Glyceryl Stearate, Isopropanol, Cetrimonium Chloride, PEG-100 Stearate, Benzotriazolyl Dodecyl p-Cresol, BHT, Disodium EDTA, Sodium Metabisulfite, Rubus Idaeus Fruit Extract, Propylene Glycol, Collagen, Panthenol, Citric Acid, DMDM Hydantoin",https://www.sociolla.com/conditioner/76000-collagen-repair-conditioner-250ml,3/2/2026
P185,Premium EX Hair Fall Care & Repair Conditioner Treatment,TSUBAKI,Conditioner,450ml,Rp179.900 Rp161.910,"AQUA, STEARYL ALCOHOL, ISOPENTYLDIOL, BEHENTRIMONIUM CHLORIDE, GLYCERIN, DIMETHICONE, SORBITOL, CETYL ALCOHOL, DIPROPYLENE GLYCOL, ISOPROPYL ALCOHOL, FRAGRANCE, AMINOPROPYL DIMETHICONE, ISOPROPYL MYRISTATE, SODIUM METHYLTAURATE, PEG-2 LAURATE, SALICYLIC ACID, SODIUM BENZOATE, PHENOXYETHANOL, C13-16 ISOPARAFFIN, POLYSILICONE-13, STEARTRIMONIUM CHLORIDE, LAURTRIMONIUM CHLORIDE, C10-13 ISOPARAFFIN, SQUALANE, DISODIUM EDTA, CAMELLIA JAPONICA SEED OIL, BUTYLENE GLYCOL, CETRIMONIUM CHLORIDE, SODIUM DILAURAMIDOGLUTAMIDE LYSINE, AMODIMETHICONE, BIS-ETHYLHEXYLOXYPHENOL METHOXYPHENYL TRIAZINE, PHYTOSTERYL MACADAMIATE, PPG-2-DECETH-12, CITRUS UNSHIU PEEL EXTRACT, EUCHEUMA SERRA/GRATELOUPIA SPARSA/SA..",https://www.sociolla.com/conditioner/89478-premium-ex-hair-fall-care-and-repair-conditioner-treatment,3/2/2026
P186,Damage Repair Treatment,MOIST DIANE,Conditioner,450 ml,Rp136.000 Rp106.080,,https://www.sociolla.com/conditioner/27122-damage-repair-treatment,3/2/2026
P187,T1 Intensive Care System Equalizer Conditioner,MAKARIZO,Conditioner,180 ml,Rp56.500 Rp53.110,"Water (Aqua), Cyclotetrasiloxane, Cetearyl Alcohol, Behentrimonium Chloride, Dimethicone, Amodimethicone, Glyceryl Stearate , Phenoxyethanol, Fragrance (Parfum), Polyquaternium-47, Ceteareth-20, Ethylhexyl Palmitate, Cyclopentasiloxane ,Hydroxyethylcellulose, Guar Hydroxypropyltrimonium Chloride, Tetrasodium EDTA, Panthenol, Ethylhexylglycerin, Hydrolyzed Silk Pg-Propyl Methylsilanediol Crosspolymer, Cetrimonium Chloride, Sodium Benzoate, Phytantriol.",https://www.sociolla.com/conditioner/76962-t1-intensive-care-system-equalizer-conditioner,3/2/2026
P188,Conditioner with Cinnamon & Amino Acid,REE DERMA WELLNESS,Conditioner,250ml,Rp150.000 Rp135.000,"Aqua, Cetearyl alcohol, Cetyl ester, Behentrimonium chlroide, Glycerine, Lauryl acid, Rosmarinus officinalis flower extract, Glycine soja extract, Eugenia carophyllus bud oil, Phenoxyethanol, Illicium verum extract, Cinnamomum casia bark extract, Isopropanol, Sodium benzoate, Myristic acid, Pimpinella anisum fruit extract, Cetrimonium chloride, Niacinamide, Palmitic acid, Caprylic acid, Lechitin, Oleic acid, Capric acid, Lechitin, Oleic acid, Capric acid, L(+) lactic acid, Arginine, Stearic acid, Linoleic acid, Caproic acid, Ethyl lauroyl arginate HCl, Tetrasodium glutamate diacetate.",https://www.sociolla.com/conditioner/63188-conditioner-with-cinnamon-and-amino-acid,3/2/2026
P189,Elseve Hyaluron Pure Conditioner,LOREAL PARIS,Conditioner,265ml,Rp87.000 - Rp189.000,"AQUA / WATER, GLYCERIN, CETEARYL ALCOHOL, DISTARCH PHOSPHATE, QUATERNIUM-87, DIMETHICONE, CI 17200 / RED 33, CI 42090 / BLUE 1, LACTIC ACID, SODIUM HYALURONATE, PHENOXYETHANOL, STEARETH-6, ACETIC ACID, PEG-150/DECYL ALCOHOL/SMDI COPOLYMER, PEG-100 STEARATE, BEHENTRIMONIUM CHLORIDE, TRIDECETH-10, TRIDECETH-3, CHLORHEXIDINE DIGLUCONATE, SALICYLIC ACID, PROPYLENE GLYCOL, AMODIMETHICONE, ISOPROPYL ALCOHOL, PARFUM / FRAGRANCE",https://www.sociolla.com/conditioner/89820-elseve-hyaluron-pure-conditioner,3/2/2026
P190,Keratin Pro Daily Conditioner,CBD PROFESSIONAL,Conditioner,250ml,Rp63.000 - Rp158.000 Rp47.250 - Rp118.500,"Aqua, Cetearyl Alcohol, Glycerin, Dimethicone, Behentrimonium Chloride, Glyceryl Stearate, Perfume, Hydroxypropyl Starch Phosphate, Phenoxyethanol, Cetrimonium Chloride, PEG-100 Stearate, Isopropanol, Sodium Metabisulfite, BHT, Disodium EDTA, Panthenol, Aminomethyl Propanol, Hydrolyzed Keratin, Citric Acid",https://www.sociolla.com/conditioner/67658-keratin-pro-daily-conditioner-1000ml,3/2/2026
P191,Texture Experience Conditioner Black Chocolate,MAKARIZO PROFESSIONAL,Conditioner,250 ml,Rp88.800 Rp71.928,"Aqua/Water, Cetearyl Alcohol, Behentrimonium Chloride, Glyceryl Stearates, Polyquaternium-47, Cyclotetrasiloxane, Amodimethicone, Ceteareth-20, Dimethicone, Fragrance; Parfum; Aroma, Ceteareth-12, Ethylhexyl Palmitate, Hydroxyethylcellulose, Isopropyl Alcohol, Cyclopentasiloxane, Guar Hydroxypropyltrimonium Chloride, CI 19140; ACID YELLOW 23; Yellow 5 Lake; Yellow no.4, DMDM Hydantoin, CI 14720; Red 3, Sodium Sulfate, Theobroma Cacao (Cocoa) Extract, Steartrimonium Chloride; Quaternium-10, Trideceth-12, CI 42090; BLUE NO. 1 BLUE NO. 4, Butylene Glycol, Iodopropynyl Butylcarbamate, Magnesium Nitrate, CMIT; Methylchloroisothiazolinone, Magnesium Chloride, MIT; Methylisothiazolinone",https://www.sociolla.com/conditioner/28172-texture-experience-conditioner-black-chocolate,3/2/2026
P192,Intensive Care+Repair Conditioner,CREME AND TONIC,Conditioner,200ml,Rp115.000 - Rp209.000,"Aqua, Cetyl Alcohol, Glycerin, Behentrimonium Chloride, Butyrospermum parkii (Shea) Butter, Cetrimonium Chloride, Amodimethicone, Trideceth-6, Cetearyl Alcohol, Hydrolyzed Vegetable Protein pg-propyl Silanetriol, Fragrance, Hydroxyethylcellulose, Phenoxyethanol, Dimethicone, Laureth-23, Polyquaternium-10, Laureth-4, Macrocystis Pyrifera (Kelp) Extract, Chlorphenesin, Citric Acid, Butylene Glycol, PPG-26-buteth-26, PEG-40 Hydrogenated Castor Oil, Biotinoyl Tripeptide-1, Ceramide 2, Apigenin, Oleanolic Acid",https://www.sociolla.com/conditioner/89052-intensive-care-repair-conditioner,3/2/2026
P193,ELSEVE Hyaluron Moisture Conditioner,LOREAL PARIS,Conditioner,265ml,Rp87.000 - Rp189.000,"INGREDIENTS / BAHAN-BAHAN: AQUA / WATER, CETEARYL ALCOHOL, DIMETHICONE, GLYCERIN, BEHENTRIMONIUM CHLORIDE, CI 17200 / RED 33, CI 42090 / BLUE 1, LACTIC ACID, SODIUM LAURETH SULFATE, SODIUM HYDROXIDE, SODIUM HYALURONATE, PHENOXYETHANOL, LIMONENE, AMODIMETHICONE, ISOPROPYL ALCOHOL, CETRIMONIUM CHLORIDE, PARFUM / FRAGRANCE. (F.I.L. T70011643/1).",https://www.sociolla.com/conditioner/71767-elseve-hyaluron-moisture-conditioner,3/2/2026
P194,Premium Cool & Repair Conditioner,TSUBAKI,Conditioner,450ml,Rp149.900 Rp134.910,"AQUA, ISOPENTYLDIOL, BEHENTRIMONIUM CHLORIDE, GLYCERIN, STEARYL ALCOHOL, DIMETHICONE, BEHENYL ALCOHOL, CETYL ALCOHOL, ISOPROPYL ALCOHOL, FRAGRANCE, DIPROPYLENE GLYCOL, MENTHOL, ISOPROPYL MYRISTATE, PEG-2 LAURATE, SODIUM BENZOATE, PHENOXYETHANOL, AMODIMETHICONE, SODIUM METHYLTAURATE, SALICYLIC ACID, HYDROXYETHYL UREA, AMINOPROPYL DIMETHICONE, PPG-2-DECETH-12, STEARTRIMONIUM CHLORIDE, C13-16 ISOPARAFFIN, LACTIC ACID, POLYSILICONE-13, DISODIUM EDTA, SQUALANE, CAMELLIA JAPONICA SEED OIL, C10-13 ISOPARAFFIN, AMMONIUM LACTATE, BUTYLENE GLYCOL, SODIUM DILAURAMIDOGLUTAMIDE LYSINE, ETHYLHEXYL PALMITATE, BIS-ETHYLHEXYLOXYPHENOL METHOXYPHENYL TRIAZINE, CETRIMONIUM CHLORIDE, PHYTOSTERYL/OCTYLDODECYL ..",https://www.sociolla.com/conditioner/90638-premium-cool-and-repair-conditioner,3/2/2026
P195,Texture Experience Conditioner Vanilla Milk,MAKARIZO PROFESSIONAL,Conditioner,250 ml,Rp88.800 Rp72.816,"Aqua/Water, Cetearyl Alcohol, Behentrimonium Chloride, Glyceryl Stearates, Polyquaternium-47, Cyclotetrasiloxane, Amodimethicone, Ceteareth-20, Dimethicone, Fragrance; Parfum; Aroma, Ceteareth-12, Ethylhexyl Palmitate, Hydroxyethylcellulose, Isopropyl Alcohol, Cyclopentasiloxane, Guar Hydroxypropyltrimonium Chloride, CI 19140; ACID YELLOW 23; Yellow 5 Lake; Yellow no.4, DMDM Hydantoin, CI 14720; Red 3, Sodium Sulfate, Theobroma Cacao (Cocoa) Extract, Steartrimonium Chloride; Quaternium-10, Trideceth-12, CI 42090; BLUE NO. 1 BLUE NO. 4, Butylene Glycol, Iodopropynyl Butylcarbamate, Magnesium Nitrate, CMIT; Methylchloroisothiazolinone, Magnesium Chloride, MIT; Methylisothiazolinone",https://www.sociolla.com/conditioner/28176-texture-experience-conditioner-vanilla-milk,3/2/2026
P196,Color Shield Conditioner 250ml,CBD PROFESSIONAL,Conditioner,250ml,Rp66.000 Rp49.500,"Aqua, cetearyl Alcohol, Dimethicone, Behentrimonium, Chloride, Glycerin, Glyceryl Stearate, Hydroxypropyl Starch Phosphate, Perfume, Phenoxyethanol, Cetrimonium Chloride, PEG-100 Strearate, Isopropanol, Benzotriazolyl Dodecyl p-Cresol, BHT, Disodium EDTA, Panthenol, Sodium Metabisulfite, Punica Granatum Fruit Extract, Propylene Glycol, Aminomethyl Propanol, Citric Acid, Alcohol, PEG-40 Hydrogenated Castor Oil, Tocopherol, DMDM Hydantoin, Vitis vinifera Seed Extract",https://www.sociolla.com/conditioner/67661-color-shield-conditioner-250ml,3/2/2026
P197,Hold My Strands! Hair Fall Treatment Conditioner,WONDERLUX,Conditioner,160 ml,Rp69.000 Rp65.550,"Aqua, Cetearyl Alcohol, Glycerin, Mineral Oil, Fragrance (Parfum) Components and Finished Fragrances, Stearamidopropyl Dimethylamine, Dimethiconol, Behentrimonium Chloride, Dimethicone, Propanediol, Ceteareth-22, Phenoxyethanol, Sodium PCA, Cetrimonium Chloride, Hydrolyzed Jojoba Esters, Citric Acid, Dipropylene Glycol, Amodimethicone, Chlorphenesin, Bisamino PEG/PPG-41/3 Aminoethyl PG-Propyl Dimethicone, Laureth-4, Laureth-5, Laureth-23, PEG-55 Stearate, Disodium EDTA, BHT, Xanthan Gum, Caprylyl Glycol, Tetrasodium Disuccinoyl Cystine, Hydroxypropylgluconamide, Hydroxypropylammonium Gluconate, CI 14720, CI 18965, Tartaric Acid, Arginine, Glycine, Sodium Benzoa..",https://www.sociolla.com/conditioner/92386-hold-my-strands-hair-fall-treatment-conditioner,3/2/2026
P198,Extra Fresh & Hydrate Treatment,MOIST DIANE,Conditioner,450 ml,Rp136.000 Rp106.080,,https://www.sociolla.com/conditioner/27123-extra-fresh-and-hydrate-treatment,3/2/2026
P199,Out of My Head Conditioner,LAVOJOY,Conditioner,300ml,Rp71.900 Rp66.867,"Water, Cetearyl Alcohol, Glycerin, Dimethicone, Behentrimonium Chloride, Bis-Aminopropyl Dimethicone, Phenoxyethanol, Aroma, Isopropyl Alcohol, Hydroxyethylcellulose, Chlorphenesin, Dimethiconol, Acrylamidopropyltrimonium Chloride/Acrylamide Copolymer, Disodium EDTA, Citric Acid, Squalane, Polysorbate 60, Disodium Phosphate, Keratin, Hydrolyzed Keratin, Oxidized Keratin, Salicylic Acid, Sodium Phosphate, Yeast Extract, Phragmites Communis Extract, Zea Mays (Corn) Silk Extract, Oryza Sativa (Rice) Extract, Aloe Barbadensis Leaf Extract, 1,2-Hexanediol, Butylene Glycol, Malva Sylvestris (Mallow) Flower/Leaf/Stem Extract, Ethylhexylglycerin.",https://www.sociolla.com/conditioner/82403-out-of-my-head-conditioner,3/2/2026
P200,ACV Vinegar Treatment,LA'DOR,Conditioner,150ml,Rp135.000 - Rp300.000 Rp108.000 - Rp240.000,,https://www.sociolla.com/conditioner/63807-acv-vinegar-treatment,3/2/2026
P201,Lavender Biotin Purple Conditioner,BEAMARRY NEW YORK,Conditioner,380ml,Rp229.501 Rp149.176,"CYCLOPENTASILOXANE, ISODODECANE ETHYLHEXYL PALMITATE, DIMETHICONOL, DIMETHICONE PARFUM, OLEA EUROPEA (OLIVE) FRUIT OIL ARGANIA SPINOSA KERNEL OIL, ORBIGNYA OLEIFERA SEED OIL TOCOPHERYL ACETATE, CI 15985, SIMMONDSIA CHINENSIS (J0JOBA) SEED OIL BUTYROSPERMUM PARKII (SHEA BUTTER), COCOS NUCIFERA (COCONUT) OIL HELIANTHUS ANNUUS (SUNFLOWER) SEED OIL",https://www.sociolla.com/conditioner/85235-lavender-biotin-purple-conditioner,3/2/2026
P202,Hello Bubble All Star Strengthening Conditioner,MISE EN SCÈNE,Conditioner,500ml,Rp159.000 Rp143.100,"[INGREDIENTS] WATER / AQUA / EAU, GLYCERIN, DIPROPYLENE GLYCOL, DIMETHICONE, CETYL ALCOHOL, STEARYL ALCOHOL, BEHENTRIMONIUM CHLORIDE, FRAGRANCE / PARFUM, CAPRYLYL GLYCOL, DISODIUM EDTA, ETHYLHEXYLGLYCERIN, HEXYL CINNAMAL, BENZYL SALICYLATE, BUTYLENE GLYCOL, PUNICA GRANATUM FRUIT EXTRACT, BIOTIN, TOCOPHEROL, CAMELLIA SINENSIS LEAF EXTRACT",https://www.sociolla.com/conditioner/83540-hello-bubble-all-star-strengthening-conditioner,3/2/2026
P203,Tea Tree Calming Scalp Treatment,LA'DOR,Conditioner,330ml,Rp230.000 Rp172.500,"aqua, cetearyl alcohol, propylene glycol, dimethicone, steartrimonium chloride, amodimethicone, glycerin, glyceryl stearate se, mineral oil, menthol, peg-45m, hydroxyacetophenone, olea europaea fruit oil, sodium pca, fragrance, trideceth-12, betaine, ethylhexyl methoxycinnamate, laureth-20, laureth-3, limonene, linalool, cetrimonium chloride, disodium edta, silica, silica, citric acid, phenoxyethanol, 1,2-hexanediol, dipropylene glycol, benzyl benzoate, citronellol, pentylene glycol, geraniol, hexyl cinnamal, melaleuca alternifolia leaf extract, piroctone olamine, centella asiatica extract, ci 19140, citrus unshiu peel extract, bht, origanum vulgare leaf extract, melissa officinalis extra..",https://www.sociolla.com/conditioner/94776-lador-tea-tree-calming-scalp-treatment,3/2/2026
P204,Ciara Hair Conditioner Repair Treatment With Kerascalp,CIARA,Conditioner,275 ml,Rp79.000 Rp61.620,"Hero Ingredient : Horse Chesnut Seed Extract, Protein, Multivitamin (A, E, B5, B7, F, H)",https://www.sociolla.com/conditioner/89028-ciara-hair-conditioner-repair-treatment-with-kerascalp,3/2/2026
P205,Premium Moist & Repair Conditioner Twinpack (NEW),TSUBAKI,Conditioner,Quantity,Rp299.800 Rp254.830,"AQUA, STEARYL ALCOHOL, ISOPENTYLDIOL, BEHENTRIMONIUM CHLORIDE, GLYCERIN, DIMETHICONE, CETYL ALCOHOL, ISOPROPYL ALCOHOL, FRAGRANCE, DIPROPYLENE GLYCOL, ISOPROPYL MYRISTATE, AMINOPROPYL DIMETHICONE, PEG-2 LAURATE, SODIUM BENZOATE, PHENOXYETHANOL, SODIUM METHYLTAURATE, SALICYLIC ACID, C13-16 ISOPARAFFIN, POLYSILICONE-13, STEARTRIMONIUM CHLORIDE, LAURTRIMONIUM CHLORIDE, C10-13 ISOPARAFFIN, DISODIUM EDTA, SQUALANE, CAMELLIA JAPONICA SEED OIL, CETRIMONIUM CHLORIDE, BUTYLENE GLYCOL, SODIUM DILAURAMIDOGLUTAMIDE LYSINE, AMODIMETHICONE, PHYTOSTERYL/OCTYLDODECYL LAUROYL GLUTAMATE, PHYTOSTERYL MACADAMIATE, PPG-2-DECETH-12, GLYCINE SOJA (SOYBEAN) SEED EXTRACT, BIS-ETHYLHEXYLOXYPHENOL METHOXYPHENYL TRI..",https://www.sociolla.com/conditioner/90593-premium-moist-and-repair-conditioner-twinpack-new,3/2/2026
P206,Rosemary Tea Tree Energy Conditioner,BEAMARRY NEW YORK,Conditioner,380ml,Rp227.184 Rp147.670,"AQUA, CETEARYL ALCOHOL, ETHYLHEXYL PALMITATE, STEARTRIMONIUM CHLORIDE, DIMETHICONE. GLYCERYL STEARATE, HYDROXYETHYL CELLULOSE, DMDM HYDANTOIN, PARFUM, GLYCERIN, PROPYLENE GLYCOL PHENOXYETHANOL, KÉRATIN, PANTHENOL, MACADAMIA TERNIFOLIA SEED OIL ARGANIA SPINOSA KERNEL OIL, HYDROLYZED KERATIN, OXIDIZE D KERATIN, CI 19140, SERICIN,.CI 75470",https://www.sociolla.com/conditioner/85222-rosemary-tea-tree-energy-conditioner,3/2/2026
P207,Serum Original Conditioner,MISE EN SCÈNE,Conditioner,530mL,Rp149.000 Rp134.100,"INGREDIENTS : WATER / AQUA / EAU, GLYCERIN, DIPROPYLENE GLYCOL, CETYL ALCOHOL, STEARYL ALCOHOL, DIMETHICONE, BEHENTRIMONIUM CHLORIDE, ISOPROPYL ALCOHOL, FRAGRANCE / PARFUM, HYDROXYETHYLCELLULOSE, ETHYLHEXYLGLYCERIN, DISODIUM EDTA, YELLOW 5 (CI 19140), YELLOW 6 (CI 15985), TOCOPHEROL, SIMMONDSIA CHINENSIS (JOJOBA) SEED OIL, OLEA EUROPAEA (OLIVE) FRUIT OIL, PRUNUS ARMENIACA (APRICOT) KERNEL OIL, ARGANIA SPINOSA KERNEL OIL, CAMELLIA JAPONICA SEED OIL, COCOS NUCIFERA (COCONUT) OIL, RED 33 (CI 17200), BLUE 1 (CI 42090), COCO-CAPRYLATE/CAPRATE, SCLEROCARYA BIRREA SEED OIL, GLYCOLIPIDS",https://www.sociolla.com/conditioner/83503-serum-original-conditioner,3/2/2026
P208,Hair Expert Hair Conditioner,SAFI,Conditioner,160 gr,Rp49.900,"Aqua/Water, Dimethicone, Stearyl Alcohol, Cetearyl Alcohol, Propylene Glycol, Behentrimonium Chloride, Cetrimonium Chloride, Amodimethicone, Bis-aminopropyl Dimethicone, Olea Europaea (Olive) Fruit Oil, BHT (Butylated hydroxytoluene), Tetrasodium EDTA, Citric Acid, Nigella Sativa (Black Cumin) Seed Oil, Niacinamide; Nicotinamide, Charcoal Powder, Maltodextrin, Calcium Pantothenate, Sodium Ascorbyl Phosphate, Amylodextrin, Tocopheryl Acetate, Pyridoxine HCL, Silica, Fragrance; Parfum; Aroma, DMDM Hydantoin, CI 19140; ACID YELLOW 23; Yellow 5 Lake; Yellow no.4, CI 15985; YELLOW 6, Silicone Quaternium-16, PEG-14m, Sodium Hydroxide, Argania Spinosa (Argan) Kernel Oil, Sodium chloride",https://www.sociolla.com/conditioner/25184-hair-expert-hair-conditioner,3/2/2026
P209,Tresemme Conditioner For Bleached Hair Color Radiance & Repair 250Ml,TRESEMMÉ,Conditioner,250 ml,Rp124.200,"Water, Cetearyl Alcohol, Dimethicone, Behentrimonium Chloride, Perfume, Dipropylene Glycol, Strearamidopropyl Dimethylamine, Amodimethicone, Sodium Chloride, Lactic Acid Disodium Edta, Phenoxyethanol, Peg-7 Propylheptyl Ether, Cetrimonium Chloride, Cyclotetrasiloxane, Magnesium Nitrate, Helianthus Annuus (Sunflower) Seed Oil, Glycine Soja (Soybean) Phytoplacenta Extract, Sodium Sulfate, Methylchloroisothiazolinone, Magnesium Chloride, Methylisothiazolinone, Glycerin, Acetic Acid, Calcium Chloride, Ci 60730",https://www.sociolla.com/conditioner/48649-kem-xa-color-radiance-and-repair-toc-tay,3/2/2026
P210,Premium Ex Hair Fall Care & Repair Conditioner Treatment Twinpack,TSUBAKI,Conditioner,Quantity,Rp359.800 Rp313.026,"AQUA, STEARYL ALCOHOL, ISOPENTYLDIOL, BEHENTRIMONIUM CHLORIDE, GLYCERIN, DIMETHICONE, SORBITOL, CETYL ALCOHOL, DIPROPYLENE GLYCOL, ISOPROPYL ALCOHOL, FRAGRANCE, AMINOPROPYL DIMETHICONE, ISOPROPYL MYRISTATE, SODIUM METHYLTAURATE, PEG-2 LAURATE, SALICYLIC ACID, SODIUM BENZOATE, PHENOXYETHANOL, C13-16 ISOPARAFFIN, POLYSILICONE-13, STEARTRIMONIUM CHLORIDE, LAURTRIMONIUM CHLORIDE, C10-13 ISOPARAFFIN, SQUALANE, DISODIUM EDTA, CAMELLIA JAPONICA SEED OIL, BUTYLENE GLYCOL, CETRIMONIUM CHLORIDE, SODIUM DILAURAMIDOGLUTAMIDE LYSINE, AMODIMETHICONE, BIS-ETHYLHEXYLOXYPHENOL METHOXYPHENYL TRIAZINE, PHYTOSTERYL MACADAMIATE, PPG-2-DECETH-12, CITRUS UNSHIU PEEL EXTRACT, EUCHEUMA SERRA/GRATELOUPIA SPARSA/SA..",https://www.sociolla.com/conditioner/90601-premium-ex-hair-fall-care-and-repair-conditioner-treatment-twinpack,3/2/2026
P211,Helichrysum Revitalizing Conditioner (For Dry/Damaged Hair),DANCOLY,Conditioner,400 ml,Rp239.000 Rp212.710,,https://www.sociolla.com/conditioner/9710-helichrysum-revitalizing-conditioner-for-dry-damaged-hair,3/2/2026
P212,Conditioner Nutri Shine,WARDAH,Conditioner,170 ml,Rp27.500,"Fragrance, Disodium EDTA, Ethylhexylglycerin, Butylene Glycol, Argania Spinosa Kernel Oil, Phytosteryl/Octyldodecyl Lauroyl Glutamate, Vitis Vinifera (Grape) Seed Extract.",https://www.sociolla.com/conditioner/9620-conditioner-nutri-shine,3/2/2026
P213,Herbalism Treatment,LA'DOR,Conditioner,150ml,Rp135.000 - Rp255.000 Rp108.000 - Rp204.000,"Purified Water, Cetearyl Alcohol, Propylene Glycol, Aminopropyl Dimethicone, C13-15 Alkane, Steartrimonium Chloride, Dimethicone, Cetrimonium Chloride, Cetyl Alcohol, Stearamidopropyl Dimethylamine, C12-14 Sec-Pareth-7, Amodimethicone, Trideceth-12, Camellia Japonica Seed Oil, Vitis Vinifera (Grape) Seed Oil, Argania Spinosa Kernel Oil, Glyceryl Stearate SE, Hydroxyethylcellulose, 1,2-Hexanediol, Hamamelis Virginiana (Witch Hazel) Leaf Extract, Salvia Officinalis (Sage) Leaf Extract, Melissa Officinalis Leaf Extract, Mentha Piperita (Peppermint) Extract, Lavandula Angustifolia (Lavender) Extract, Houttuynia Cordata Extract, Eucalyptus Globulus Leaf Extract, Arginine, Leucine, Tryptophan, ..",https://www.sociolla.com/conditioner/59453-lador-herbalism-treatment,3/2/2026
P214,Diane Be True Damage Repair Healthy Treatment 400ml,MOIST DIANE,Conditioner,400ML,Rp155.000 Rp127.100,"aqua, cetearyl alcohol, Dimethicone, ricinus communis seed oil, polyepsilon-lysine, Glucose, butylene glycol, Hydrolyzed Pea protein, ocimum sanctum leaf extract, Persea Gratissima (Avocado) Oil, Argania Spinosa Kernel Oil, Butyrospermum Parkii (Shea) Butter, Ethylhexyl palmitate, Bis-Behenyl/Isostearyl/Phytosteryl Dimer Dilinoleyl Dimer Dilinoleate, OPUNTIA FICUS-INDICA SEED OIL, Hydrogenated castor Oil Isostearate, Dimethiconol, Sodium lactate, Hydroxyethylcellulose, glyceryl tri-hydrogenated rosinate, Steartrimonium chloride, cetrimonium chloride, dicocodimonium chloride, Isopropyl alcohol, Lactic acid, Disodium edta, Phenoxyethanol, Fragrance (Parfum) Components and Finished Fragrance..",https://www.sociolla.com/conditioner/80757-diane-be-true-damage-repair-healthy-treatment-400ml,3/2/2026
P215,Extra Volume & Scalp Treatment,MOIST DIANE,Conditioner,450 ml,Rp136.000 Rp115.600,,https://www.sociolla.com/conditioner/27119-extra-volume-and-scalp-treatment,3/2/2026
P216,Rose Oil Orchid Nourish Conditioner,BEAMARRY NEW YORK,Conditioner,380ml,Rp227.184 Rp147.670,"AQUA CETEARYL ALCOHOL, AMODIMETHICONE PEG-100 STEARATE, ISOPROPYL MYRISTATE, HYDROXYETHYLCELLULOSE GLYCERYL STEARATE, DMDM HYDANTOIN, PARFUM, GLYCERIN, PROPYLENE GLYCOL, LACTIC ACID, PHENOXYETHANOL TRIDECETH-10, C 60730, CETRIMONIUM CHLORIDE, MACADAMIA TERNIFOLIA SEED OIL ARGANIA SPINOSA KERNEL OIL, PANTHENOL, BIOTIN, LAVANDULA ANGUSTIFOLIA EXTRACT, KERATIN, HYDROLYZED KERATIN, OXIDIZED KERATIN, AVEN SATIA (OAT) KERNEL EXTRACT, TREMELLA FUCIFORMIS EXTRACT, OPUNTIA STREPTACANTHA STEM EXTRACT, CENTELLA ASIATICA EXTRACT",https://www.sociolla.com/conditioner/85226-rose-oil-orchid-nourish-conditioner,3/2/2026
P217,Extra Vital Treatment,MOIST DIANE,Conditioner,450 ml,Rp136.000 Rp115.600,"AQUA, CETEARYL ALCOHOL, DIMETHICONE, STEARTRIMONIUM CHLORIDE, PARFUM,PHENOXYETHANOL, BIS-BEHENYL/ISOSTERYL/PHYTOSTERYL DIMER DILINOLEYL DIME DILINOLEATE, HYDROGENATED CASTOR OIL ISOSTEARATE, ETHYLHEXYL PALMITATE, RICINUS COMMUNIS SEED OIL,ISOPROPYL ALCOHOL, CETRIMONIUM CHLORIDE, HYDROXYETHYLCELLULOSE, DIMETHICONOL, GLUCOSE, DICOCODIMONIUM CHLORIDE, GLYCERYL TRI-HYDROGENATED ROSINATE [C] HYDROGENATED GLYCERYL DEHYDROABIETATE/TETRAHYDROABIETATE,DISODIUM EDTA ,CARAMEL, HYDROLYZED SILK PG-PROPYL METHYLSILANEDIOL, ARGANIA SPINOSA CALLUS CULTURE EXTRACT, BUTYLENE GLYCOL, ALCOHOL, PISUM SATIVUM (PEA) SPROUT EXTRACT, HYDROXYPROPYLTRIMONIUM HYDROLYZED KERATIN, ISOMALT, PANA..",https://www.sociolla.com/conditioner/72040-extra-vital-treatment,3/2/2026
P218,JMELLA Disney In France Sparkling Rosé No. 05 Hair Treatment,JMELLA,Conditioner,500ml,Rp154.000 Rp92.400,"Aqua, Stearyl Alcohol, Cetyl Alcohol, Stearamidopropyl Dimethylamine, Parfum, Cyclopentasiloxane, Behentrimonium Chloride (Hair Conditioning), Dimethicone, Glycerin, Steartrimonium Chloride (Hair Conditioning), Phenoxyethanol, Isopropyl Alcohol, Chlorphenesin, Propylene Glycol, Amodimethicone, Cetrimonium Chloride (Emulsifying), Disodium EDTA, Trideceth-12, Arachidyl Alcohol, Butylene Glycol, Myristyl Alcohol, Cyclotetrasiloxane, Trehalose, Panthenol, Lauryl Alcohol, Dipropylene Glycol, 1,2-Hexanediol, Citric Acid, Fragaria Vesca Leaf Extract, Hydrolyzed Collagen, Glycine, Serine, Glutamic Acid, Aspartic Acid, Leucine, Alanine, Lysine, Arginine, Tyrosine, Phenylalanine, Proline, Threonine..",https://www.sociolla.com/conditioner/85296-jmella-disney-in-france-sparkling-rose-no-05-hair-treatment,3/2/2026
P219,KUNDAL Barley Yeast Scalp Care Treatment,KUNDAL,Conditioner,200ml,Rp169.000 Rp126.750,"Water, Stearyl Alcohol, Dipropylene Glycol, Cetyl Alcohol, Behentrimonium Chloride, Caprylic/Capric Triglyceride, Hydrogenated Coconut Oil, Sorbitol, Stearamidopropyl Dimethylamine, Saccharomyces Cerevisiae Extract, Butylene Glycol, Menthol, Alcohol, Caprylyl Glycol, Aspartic Acid, Ethylhexylglycerin, Polyglyceryl-4 Caprate, Propanediol, Glycine Soja (Soybean) Germ Extract, Polyglyceryl-10 Isostearate, Polyglyceryl-6 Caprylate, 1,2-Hexanediol, Polyglyceryl-10 Oleate, Maltodextrin, Moringa Oleifera Seed Extract, Tocopherol, Glycerin, Biotin, Camellia Sinensis Seed Oil, Carthamus Tinctorius (Safflower) Seed Oil, Galactomyces Ferment Filtrate, Hydroxypropyltrimonium Hyaluronate, Plukenetia V..",https://www.sociolla.com/conditioner/83877-kundal-barley-yeast-scalp-care-treatment,3/2/2026
P220,Serum Styling Conditioner,MISE EN SCÈNE,Conditioner,530mL,Rp149.000 Rp134.100,"INGREDIENTS : WATER / AQUA / EAU, GLYCERIN, DIPROPYLENE GLYCOL, CETYL ALCOHOL, STEARYL ALCOHOL, CETYL ETHYLHEXANOATE, BEHENTRIMONIUM CHLORIDE, DIMETHICONE, ISOPROPYL ALCOHOL, FRAGRANCE / PARFUM, HYDROXYETHYLCELLULOSE, DISODIUM EDTA, LINALOOL, BENZYL BENZOATE, ARGANIA SPINOSA KERNEL OIL, SIMMONDSIA CHINENSIS (JOJOBA) SEED OIL, OLEA EUROPAEA (OLIVE) FRUIT OIL, PRUNUS ARMENIACA (APRICOT) KERNEL OIL, CAMELLIA JAPONICA SEED OIL, COCOS NUCIFERA (COCONUT) OIL, COCO-CAPRYLATE/CAPRATE, SCLEROCARYA BIRREA SEED OIL, GLYCOLIPIDS",https://www.sociolla.com/conditioner/83505-serum-styling-conditioner,3/2/2026
P221,Nutra-Therapy Conditioner 250ml,SHRD,Conditioner,250ml,Rp275.000 Rp265.000,,https://www.sociolla.com/conditioner/76285-nutra-therapy-conditioner-250ml,3/2/2026
P222,Orange Flower Shining Color Conditioner (For Colored Hair),DANCOLY,Conditioner,400 ml,Rp239.000 Rp212.710,"Aqua/Water, PEG-4 Sorbitan Stearate, Glyceryl Stearates, Polyoxyethylene Cetyl-Stearyl Ether, Dimethicone/Silsesquioxane Copolymer, Cetrimonium Chloride, Hyaluronic Acid, Hydroxypropyl Guar, Simmondsia Chinensis (Jojoba) Oil PEG-8 Esters, Vitis Vinifera (Grape) Seed Oil, Citrus Aurantium Amara Flower Extract, Pelargonium Graveolens (Geranium) Extract, Rosa Rugosa Flower Extract, Phenoxyethanol",https://www.sociolla.com/conditioner/9713-orange-flower-shining-color-conditioner-for-colored-hair,3/2/2026
P223,Premium Moist & Repair Treatment Twinpack (NEW),TSUBAKI,Conditioner,Quantity,Rp263.800 Rp216.316,"AQUA, GLYCERIN, DIMETHICONE, ISOPENTYLDIOL, HYDROGENATED RAPESEED ALCOHOL, BEHENTRIMONIUM CHLORIDE, STEARYL ALCOHOL, SORBITOL, ISOPROPYL ALCOHOL, CETYL ALCOHOL, FRAGRANCE, AMINOPROPYL DIMETHICONE, PHENOXYETHANOL, HYDROXYETHYL UREA, HYDROXYPROPYL ARGININE LAURYL/MYRISTYL ETHER HCL, SODIUM BENZOATE, OCTYLDODECANOL, STEARTRIMONIUM CHLORIDE, ALCOHOL, LACTIC ACID, CITRIC ACID, AMMONIUM LACTATE, LAURTRIMONIUM CHLORIDE, SQUALANE, CAMELLIA JAPONICA SEED OIL, BUTYLENE GLYCOL, SODIUM DILAURAMIDOGLUTAMIDE LYSINE, DIPROPYLENE GLYCOL, PHYTOSTERYL/OCTYLDODECYL LAUROYL GLUTAMATE, PHYTOSTERYL MACADAMIATE, AMINOMETHYL PROPANOL, AMODIMETHICONE, GLYCINE SOJA (SOYBEAN) SEED EXTRACT, PPG-2-DECETH-12, SODIUM A..",https://www.sociolla.com/conditioner/90594-premium-moist-and-repair-treatment-twinpack-new,3/2/2026
P224,So So So Smooth Conditioner,LAVOJOY,Conditioner,300ml,Rp71.900 Rp66.867,"Water, Cetearyl Alcohol, Glycerin, Dimethicone, Behentrimonium Chloride, Bis-Aminopropyl Dimethicone, Phenoxyethanol, Isopropyl Alcohol, Aroma, Chlorphenesin, Hydroxyethylcellulose, Dimethiconol, Acrylamidopropyltrimonium Chloride / Acrylamide Copolymer, Disodium EDTA, Citric Acid, Limnanthes Alba (Meadowfoam) Seed Oil, Simsmondsia Chinensis (Jojoba) Seed Oil, Squalane, Olea Europaea (Olive) Fruit Oil, Polysorbate 60, Disodium Phosphate, Sodium Hyaluronate, Sodium Phosphate.",https://www.sociolla.com/conditioner/82866-so-so-so-smooth-conditioner,3/2/2026
P225,Keratin Protein Repair Conditioner,BEAMARRY NEW YORK,Conditioner,380ml,Rp227.184 Rp147.670,"AQUA, CETEARYL ALCOHOL, ETHYLHEXYL PALMITATE, STEARTRIMONIUM CHLORIDE, DIMETHICONE, GLYCERYL STEARATE, HYDROXYETHYLCELLULOSE, DMDM HYDANTOIN, PARFUM, GLYCERIN, PROPYLENE GLYCOL PHENOXYETHANOL PANTHENOL MACADAMIA TERNIFOLIA SEED OIL, ARGANIA SPINOSA KERNEL OIL, CI 19140, KERATIN, HYDROLYZED KERATIN, OXIDIZED KERATIN, ROSMARINUS OFFICINALIS (ROSEMARY) LEAF OIL, ROSA RUGOSA FLOWER EXTRACT, ROSA RUGOSA FLOWER OIL, MICHELIA ALBA FLOWER OIL CYMBIDIUM GRANDIFLORUM (ORCHID) ROOT EXTRACT, CI 75470, ROSA CENTIFOLIA FLOWER EXTRACT. JASMINUM OFFICINALE (JASMINE) EXTRACT, BELLIS PERENNIS (DAISY) FLOWER EXTRACT, XANTHAN GUM",https://www.sociolla.com/conditioner/85225-keratin-protein-repair-conditioner,3/2/2026
P226,Ultimate Repair Leave-in Cream,BEAMARRY NEW YORK,Conditioner,220 ml,Rp278.784 Rp181.210,"AQUA, DIMETHICONE, MINERAL OIL, CYCLO PENTASILOXANE, DIMETHICONOL, GLYCERIN, POLYACRYLAMIDE, CYCLOHEXASILOXANE, PHENOXYETHANOL, HYDROXYETHYLCELLULOSE, DMDM HYNDANTON, C13-14 ISOPARAFFIN, PARFUM, OLEA EUROPAEA (OLIVE) FRUIT OIL, PEG-14M, PANTHENOL, LAURETH-7, ARGANIA SPINOSA KERNEL OIL, KERATIN, HYDROLYZED KERATIN, OXIDIZED KERATIN, PRUNUS AMYGDALUSDULCIS (SWEET ALMOND) OIL, SIMMONDSIA CHINESIS (JOJOBA) SEED OIL, BUTYROSPERMUM PARKIL (SHEA BUTTER), COCOS NUCIFERA (COCONUT) OIL, HEALIANTHUS ANNUUS (SUNFLOWER) SEED OIL",https://www.sociolla.com/conditioner/85246-ultimate-repair-leave-in-cream,3/2/2026
P227,SOS Nourishing Conditioner Lazy Sunday,LAVOJOY,Conditioner,300 ml,Rp29.000 - Rp139.000,"Spesial ingredients: Tir-Oil : Argan Oil: Membantu menghidrasi tahan lama Jojoba Seed Oil: Mengunci kelembapan, lebih halus, dan bebas kusut Grape Seed Oil: Menambah kilau, mengurangi keriting, dan mencegah kerusakan Sericin : Untuk memelihara dan membantu mencegah kerusakan B5 : Membantu menguatkan akar rambut Full ingredients: Water, Cetearyl Alcohol, Glycerin, Dimethicone, Steartrimonium Chloride, Phenoxyethanol, Isopropyl Alcohol, Cocodimonium Hydroxypropyl Hydrolyzed Wheat Protein, Fragrance, Bis-Aminopropyl Dimethicone, Behentrimonium Chloride, Hydroxyethylcellulose, Panthenol, Simmondsia Chinensis (Jojoba) Seed Oil, Vitis Vinifera (Grape) Seed Oil, Capryly..",https://www.sociolla.com/conditioner/68756-sos-nourishing-conditioner-lazy-sunday,3/2/2026
P228,Conditioner Twin Pack,WOSHDAY,Conditioner,Quantity,Rp498.000,"CONDITIONER: Water, Cetearyl Alcohol, Cetyl Alcohol, Glycerin, Isopropyl Palmitate, Fragrance, Cetyl Esters, Behentrimonium Chloride, Brassicyl Valinate Esylate, Stearamidopropyl Dimethylamine, Phenoxyethanol, Brassica Alcohol, Citric Acid, Isopropyl Alcohol, Cetrimonium Chloride, Chlorphenesin, Calcium Gluconate, Colloidal Oatmeal, Guar Hydroxypropyltrimonium Chloride, Panthenol, Simmondsia Chinensis Seed Oil, Vitis Vinifera Seed Oil, Lactic Acid, Leuconostoc/Radish Root Ferment Filtrate, Dihydroxypropyl Arginine Hcl, Polyquaternium-7, Tocopheryl Acetate, Aloe Barbadensis Leaf Juice, Sodium Benzoate, Camellia Sinensis Leaf Extract, Potassium Sorbate.",https://www.sociolla.com/conditioner/95008-conditioner-twin-pack,3/2/2026
P229,Premium Ex Damage Care & Repair Conditioner Twinpack (NEW),TSUBAKI,Conditioner,Quantity,Rp359.800 Rp313.026,"AQUA, STEARYL ALCOHOL, ISOPENTYLDIOL, BEHENTRIMONIUM CHLORIDE, GLYCERIN, DIMETHICONE, SORBITOL, CETYL ALCOHOL, DIPROPYLENE GLYCOL, ISOPROPYL ALCOHOL, FRAGRANCE, AMINOPROPYL DIMETHICONE, ISOPROPYL MYRISTATE, SODIUM METHYLTAURATE, PEG-2 LAURATE, SALICYLIC ACID, SODIUM BENZOATE, PHENOXYETHANOL, C13-16 ISOPARAFFIN, POLYSILICONE-13, STEARTRIMONIUM CHLORIDE, LAURTRIMONIUM CHLORIDE, C10-13 ISOPARAFFIN, SQUALANE, DISODIUM EDTA, CAMELLIA JAPONICA SEED OIL, BUTYLENE GLYCOL, CETRIMONIUM CHLORIDE, SODIUM DILAURAMIDOGLUTAMIDE LYSINE, AMODIMETHICONE, BIS-ETHYLHEXYLOXYPHENOL METHOXYPHENYL TRIAZINE, PHYTOSTERYL MACADAMIATE, PPG-2-DECETH-12, CITRUS UNSHIU PEEL EXTRACT, EUCHEUMA SERRA/GRATELOUPIA SPARSA/SA..",https://www.sociolla.com/conditioner/90596-premium-ex-damage-care-and-repair-conditioner-twinpack-new,3/2/2026
P230,Total Repair 5 Conditioner,LOREAL PARIS,Conditioner,170 ml,Rp50.500,,https://www.sociolla.com/conditioner/68857-total-repair-5-conditioner,3/2/2026
P231,JMELLA Disney In France Blooming Peony No. 01 Hair Treatment,JMELLA,Conditioner,500ml,Rp154.000 Rp92.400,"Aqua, Stearyl Alcohol, Cetyl Alcohol, Stearamidopropyl Dimethylamine, Parfum, Cyclopentasiloxane, Behentrimonium Chloride (Hair Conditioning), Dimethicone, Glycerin, Steartrimonium Chloride (Hair Conditioning), Phenoxyethanol, Isopropyl Alcohol, Chlorphenesin, Propylene Glycol, Amodimethicone, Cetrimonium Chloride (Emulsifying), Disodium EDTA, Trideceth-12, Arachidyl Alcohol, Butylene Glycol, Myristyl Alcohol, Cyclotetrasiloxane, Trehalose, Panthenol, Lauryl Alcohol, Dipropylene Glycol, 1,2-Hexanediol, Citric Acid, Fragaria Vesca Leaf Extract, Hydrolyzed Collagen, Glycine, Serine, Glutamic Acid, Aspartic Acid, Leucine, Alanine, Lysine, Arginine, Tyrosine, Phenylalanine, Proline, Threonine..",https://www.sociolla.com/conditioner/85293-jmella-disney-in-france-blooming-peony-no-01-hair-treatment,3/2/2026
P232,Hair Volumizing Conditioner,WOSHDAY,Conditioner,340ml,Rp249.000 Rp236.550,"Water, Cetearyl Alcohol, Cetyl Alcohol, Glycerin, Isopropyl Palmitate, Fragrance, Cetyl Esters, Behentrimonium Chloride, Brassicyl Valinate Esylate, Stearamidopropyl Dimethylamine, Phenoxyethanol, Brassica Alcohol, Citric Acid, Isopropyl Alcohol, Cetrimonium Chloride, Chlorphenesin, Calcium Gluconate, Colloidal Oatmeal, Guar Hydroxypropyltrimonium Chloride, Panthenol, Simmondsia Chinensis Seed Oil, Vitis Vinifera Seed Oil, Lactic Acid, Leuconostoc/Radish Root Ferment Filtrate, Dihydroxypropyl Arginine Hcl, Polyquaternium-7, Tocopheryl Acetate, Aloe Barbadensis Leaf Juice, Sodium Benzoate, Camellia Sinensis Leaf Extract, Potassium Sorbate.",https://www.sociolla.com/conditioner/91716-hair-volumizing-conditioner,3/2/2026
P233,Premium Volume & Repair Conditioner Twinpack (NEW),TSUBAKI,Conditioner,Quantity,Rp299.800 Rp260.826,"AQUA, GLYCERIN, STEARYL ALCOHOL, BEHENYL ALCOHOL, STEARTRIMONIUM CHLORIDE, SORBITOL, ISOPROPYL MYRISTATE, HYDROGENATED POLYDECENE, FRAGRANCE, ISOPROPYL ALCOHOL, AMODIMETHICONE, PHENOXYETHANOL, METHYLPARABEN, PPG-2-DECETH-12, LAURTRIMONIUM CHLORIDE, SQUALANE, CAMELLIA JAPONICA SEED OIL, POLYQUATERNIUM-11, LACTIC ACID, ASPARTIC ACID, CITRIC ACID, BUTYLENE GLYCOL, SODIUM DILAURAMIDOGLUTAMIDE LYSINE, PHYTOSTERYL/OCTYLDODECYL LAUROYL GLUTAMATE, PHYTOSTERYL MACADAMIATE, TAURINE, GLYCINE SOJA (SOYBEAN) SEED EXTRACT, TOCOPHEROL, HYDROXYPROPYL ARGININE LAURYL/MYRISTYL ETHER HCL, ALCOHOL.",https://www.sociolla.com/conditioner/90598-premium-volume-and-repair-conditioner-twinpack-new,3/2/2026
P234,Silver Screen Conditioner 250ml,CBD PROFESSIONAL,Conditioner,250ml,Rp120.300 Rp90.225,"Aqua, Polyquaternium-7, Behentrimonium Chloride, Dimethicone, Cetearyl Alcohol, Perfume, Glycerin, Dioleyl Phosphate, Oleth-5 Phosphate, Caprylic/Capric Triglyceride, Hydroxyethylcellulose, Phenoxyethanol, Isopropyl Alcohol, Polyquaternium-10, Cetrimonium Chloride, BHT, Panthenol, Disodium EDTA, Sodium Metabisulfite, Citric Acid, Sunflower Oil, Tocopheryl Acetate, 1,2-Hexanediol, Sodium Hyaluronate, Hyaluronic Acid, Hydrolyzed Hyaluronic Acid, Hydrolyzed Sodium Hyaluronate, Hydroxypropyltrimonium Hyaluronate, Potassium Hyaluronate, , PEG-9 Diglycidyl Ether/Sodium Hyaluronate Crosspolymer, Sodium Acetylated Hyaluronate, CI 60730",https://www.sociolla.com/conditioner/79469-silver-screen-conditioner-250ml,3/2/2026
P235,Extra Night Repair Treatment,MOIST DIANE,Conditioner,450ml,Rp136.000 Rp106.080,"aqua, cetearyl alcohol, dimethicone, Triethyl Citrate, PROPANEDIOL, GAMMA-DOCOSALACTONE, Quaternium-33, Mannitol, Glucose, Keratin, Ethylhexyl palmitate, POUTERIA SAPOTA SEED OIL, mangifera indica seed oil, bis-ethoxydiglycol cyclohexane 1,4-dicarboxylate, Isononyl isononanoate, Isostearoyl Hydrolyzed Keratin, GLYCINE SOJA STEROLS, Ceramide NG, Argania Spinosa Kernel Oil, Ceramide AS, Ceramide NP, Ceramide AP, Ceramide EOP, Bis-Behenyl/Isostearyl/Phytosteryl Dimer Dilinoleyl Dimer Dilinoleate, carapa guaianensis seed oil, OPUNTIA FICUS-INDICA SEED OIL, Hydrogenated castor Oil Isostearate, Cellulose, Sodium lactate, Cholesterol, Hydrolyzed keratin, Hydroxyethylcellulose, Hydroxypropyl meth..",https://www.sociolla.com/conditioner/75980-extra-night-repair-treatment,3/2/2026
P236,Argan Repair Conditioner,DANCOLY,Conditioner,300 ml,Rp239.000 Rp212.710,,https://www.sociolla.com/conditioner/9722-argan-repair-conditioner,3/2/2026
P237,Perfumed Hair Treatment,LA'DOR,Conditioner,380ml,Rp245.000 Rp196.000,"aqua, butylene glycol, glycerin, dimethicone, cetearyl alcohol, propylene glycol, behentrimonium chloride, dipropylene glycol, hydrogenated polydecene, fragrance, phenoxyethanol, sodium benzoate, polyquaternium-7, glycine soja oil, disodium edta, avena sativa protein extract, linalool, limonene, caramel, coumarin, 1,2-hexanediol, gardenia florida fruit extract, citronellol, dextrin, hydroxycitronellal, hydrogenated lechitin, tocopherol, polyglyceryl-10 laurate, polyglyceryl-4 caprate, stearic acid, elastin, keratin, capryl glycol, gelatin, quaternium-33, cholesterol, caprylic/capric triglyceride, ceramide np, adansonia digitata seed oil, ceramide as, ceramide ns, ceramide ap, ceramide eop..",https://www.sociolla.com/conditioner/94779-lador-perfumed-hair-treatment,3/2/2026
P238,Black Bean Anti Hair Loss Treatment,NATURE REPUBLIC,Conditioner,200ml,Rp300.000 Rp228.000,"Water, Glycerin, Dipropylene Glycol, Cetyl Alcohol, Propylene Glycol, Stearamidopropyl Dimethylamine, Glyceryl Stearate, Polysorbate 60, Isoamyl Laurate, Cetyl Ethylhexanoate, Behentrimonium Chloride (Hair Conditioning), Stearyl Alcohol, PPG-3 Caprylyl Ether, Steartrimonium Chloride (Hair Conditioning), Panthenol, Caprylyl Glycol, Zinc Pyrithione (Hair Conditioning), Mentha Piperita (Peppermint) Oil, Polyquaternium-10, Citrus Aurantifolia (Lime) Oil, Salicylic Acid (Hair Conditioning), Limonene, Niacinamide, Menthol, Betaine, Acacia Senegal Gum, Citric Acid, Hydroxypropyl Methylcellulose, Peat water, Butylene Glycol, Centella Asiatica Leaf Extract, 1,2-Hexanediol, Potassium Sorbate, Glyci..",https://www.sociolla.com/conditioner/77128-black-bean-anti-hair-loss-treatment,3/2/2026
P239,Hydrating Conditioner,SUKIN,Conditioner,500 ml,Rp215.000 Rp172.000,"Olive Oil, Vit. E, Shea Butter, Coconut Oil & Extract, Sesame Oil, Coconut, Lime",https://www.sociolla.com/conditioner/28970-hydrating-conditioner,3/2/2026
P240,Tsubaki Premium Cool & Repair Conditioner 450ml Twinpack,TSUBAKI,Conditioner,Quantity,Rp299.800 Rp260.826,"AQUA, ISOPENTYLDIOL, BEHENTRIMONIUM CHLORIDE, GLYCERIN, STEARYL ALCOHOL, DIMETHICONE, BEHENYL ALCOHOL, CETYL ALCOHOL, ISOPROPYL ALCOHOL, FRAGRANCE, DIPROPYLENE GLYCOL, MENTHOL, ISOPROPYL MYRISTATE, PEG-2 LAURATE, SODIUM BENZOATE, PHENOXYETHANOL, AMODIMETHICONE, SODIUM METHYLTAURATE, SALICYLIC ACID, HYDROXYETHYL UREA, AMINOPROPYL DIMETHICONE, PPG-2-DECETH-12, STEARTRIMONIUM CHLORIDE, C13-16 ISOPARAFFIN, LACTIC ACID, POLYSILICONE-13, DISODIUM EDTA, SQUALANE, CAMELLIA JAPONICA SEED OIL, C10-13 ISOPARAFFIN, AMMONIUM LACTATE, BUTYLENE GLYCOL, SODIUM DILAURAMIDOGLUTAMIDE LYSINE, ETHYLHEXYL PALMITATE, BIS-ETHYLHEXYLOXYPHENOL METHOXYPHENYL TRIAZINE, CETRIMONIUM CHLORIDE, PHYTOSTERYL/OCTYLDODECYL ..",https://www.sociolla.com/conditioner/91027-tsubaki-premium-cool-and-repair-conditioner-450ml-twinpack,3/2/2026
P241,In France Queen 5' No. 04 Hair Treatment,JMELLA,Conditioner,500ml,Rp139.000 Rp97.300,"Aqua, Stearyl Alcohol, Cetyl Alcohol, Stearamidopropyl Dimethylamine, Parfum, Cyclopentasiloxane, Behentrimonium Chloride (Hair Conditioning), Dimethicone, Glycerin, Steartrimonium Chloride (Hair Conditioning), Phenoxyethanol, Isopropyl Alcohol, Chlorphenesin, Propylene Glycol, Amodimethicone, Cetrimonium Chloride (Emulsifying), Disodium EDTA, Trideceth-12, Arachidyl Alcohol, Butylene Glycol, Myristyl Alcohol, Cyclotetrasiloxane, Trehalose, Panthenol, Lauryl Alcohol, Dipropylene Glycol, 1,2-Hexanediol, Citric Acid, Fragaria Vesca Leaf Extract, Hydrolyzed Collagen, Glycine, Serine, Glutamic Acid, Aspartic Acid, Leucine, Alanine, Lysine, Arginine, Tyrosine, Phenylalanine, Proline, Threonine..",https://www.sociolla.com/conditioner/73318-jmella-in-france-queen-5-no-04-hair-treatment,3/2/2026
P242,KUNDAL Protein Damage Care Treatment,KUNDAL,Conditioner,Variant Violet Muguet Leather Iris,Rp189.000 Rp141.750,"Water, Glycerin, Cetyl Alcohol, Dimethicone, Behentrimonium Chloride, Stearyl Alcohol, Alcohol Denat., Behenyl Alcohol, Behentrimonium Methosulfate, Stearamidopropyl Dimethylamine, Steartrimonium Chloride, Amodimethicone, Propylene Glycol, Caprylyl Glycol, Lactic Acid, Rose Extract, Butylene Glycol, Ethylhexylglycerin, Disodium EDTA, Trideceth-12, Myristyl Alcohol, Cetrimonium Chloride, Arachidyl Alcohol, Tulipa Gesneriana Flower Extract, Hibiscus Sabdariffa Flower Extract, Chlorella Ferment, Arginine, Argania Spinosa Kernel Oil, Camellia Japonica Seed Oil, Calophyllum Inophyllum Seed Oil, Olea Europaea (Olive) Fruit Oil, Persea Gratissima (Avocado) Oil, Ricinus Communis (Castor) Seed Oil..",https://www.sociolla.com/conditioner/82461-kundal-protein-damage-care-treatment,3/2/2026
P243,Conditioner Hair Fall,WARDAH,Conditioner,170 ml,Rp27.500,"Aqua, Cetyl Alcohol, Dimethicone, Bis-Aminopropyl Dimethicone, Stearyl Alcohol, Behentrimonium Methosulfate, Phenoxyethanol, Octamethylcyclotetrasiloxane, Fragrance, Hydrolyzed Keratin, Disodium EDTA, Ethylhexylglycerin, Propylene Glycol, Rosmarinus Officinalis (Rosemarry) Oil, PEG-40 Hydrogenated Castor Oil, Trideceth-9, Glucose, Lactic Acid, Panax Ginseng Root Extract, Sodium Benzoate, Potassium Sorbate, Caramel",https://www.sociolla.com/conditioner/9621-conditioner-hair-fall,3/2/2026
P244,Pomelo Hair Conditioner,COCOON,Conditioner,310ml,Rp160.000 Rp152.000,"Aqua/Water, Cetearyl Alcohol, Cetyl Alcohol, Cocos Nucifera (Coconut) Oil, Caprylic/Capric Triglyceride, Glycereth-26, Dipalmitoylethyl Dimonium Chloride, Citrus Grandis Peel Oil, Panthenol, Sodium PCA, Sodium Lactate, Arginine, Aspartic Acid, PCA, Glycine, Alanine, Serine, Valine, Proline, Threonine, Isoleucine, Histidine, Phenylalanine, Xylitylglucoside, Anhydroxylitol, Maltitol, Xylitol, Pelvetia Canaliculata Extract, Epilobium Angustifolium Flower/Leaf/Stem Extract, Thymus Vulgaris (Thyme) Extract, Triticum Vulgare (Wheat) Seed Extract, Calcium Pantothenate, Pyridoxine Hcl, Tocopherol, Mentha Piperita Oil, Dimethicone, Amodimethicone, Laureth-23, Polyquaternium-10, Laureth-4, Bis-(Iso..",https://www.sociolla.com/conditioner/59693-pomelo-hair-conditioner,3/2/2026
P245,KUNDAL Refreshing Anti-Dandruff Conditioner,KUNDAL,Conditioner,240ml,Rp130.000 Rp97.500,"Water, Stearyl Alcohol, Cetyl Alcohol, Behentrimonium Chloride, Dipropylene Glycol, Sorbitol, Stearamidopropyl Dimethylamine, Caprylic/Capric Triglyceride, Hydrogenated Coconut Oil, Alcohol, Caprylyl Glycol, Aspartic Acid, Climbazole, Menthol, Ethylhexylglycerin, Polyglyceryl-4 Caprate, Propanediol, Polyglyceryl-10 Isostearate, Polyglyceryl-6 Caprylate, Malt Extract, Polyglyceryl-10 Oleate, Tocopherol, Maltodextrin, Biotin, Melaleuca Alternifolia (Tea Tree) Leaf Oil, Panthenol, Piroctone Olamine, Moringa Oleifera Seed Oil, Butyl Avocadate, Dextrin, Moringa Oleifera Seed Extract, Hydrolyzed Hibiscus Esculentus Extract, Lepidium Meyenii Root Extract, Butylene Glycol, Houttuynia Cordata Extr..",https://www.sociolla.com/conditioner/81320-kundal-refreshing-anti-dandruff-conditioner,3/2/2026
P246,Marula Repair Conditioner,DANCOLY,Conditioner,400 ml,Rp249.000 Rp221.610,"Aqua (water), vinifera (grape) seed oil, cetearyl acohol, glycerin, cetylalcohol, ceteareth-33, marula oil (sclerocarya birrea seed oil), hydroxypropyl guar, dimethicone / silsequioxane copolymer, cetrimonium chloride, macadamia ternifolia seed oil, pelargonium graveolens extract, parfum/ fragrance, iris florentina root extract, phenoxyethanol, citric acid",https://www.sociolla.com/conditioner/52713-marula-repair-conditioner,3/2/2026
P247,JMELLA Disney In France Queen 5' No. 04 Hair Treatment,JMELLA,Conditioner,500ml,Rp154.000 Rp92.400,"Aqua, Stearyl Alcohol, Cetyl Alcohol, Stearamidopropyl Dimethylamine, Parfum, Cyclopentasiloxane, Behentrimonium Chloride (Hair Conditioning), Dimethicone, Glycerin, Steartrimonium Chloride (Hair Conditioning), Phenoxyethanol, Isopropyl Alcohol, Chlorphenesin, Propylene Glycol, Amodimethicone, Cetrimonium Chloride (Emulsifying), Disodium EDTA, Trideceth-12, Arachidyl Alcohol, Butylene Glycol, Myristyl Alcohol, Cyclotetrasiloxane, Trehalose, Panthenol, Lauryl Alcohol, Dipropylene Glycol, 1,2-Hexanediol, Citric Acid, Fragaria Vesca Leaf Extract, Hydrolyzed Collagen, Glycine, Serine, Glutamic Acid, Aspartic Acid, Leucine, Alanine, Lysine, Arginine, Tyrosine, Phenylalanine, Proline, Threonine..",https://www.sociolla.com/conditioner/85295-jmella-disney-in-france-queen-5-no-04-hair-treatment,3/2/2026
P248,In France Lime & Basil No. 03 Hair Treatment,JMELLA,Conditioner,500ml,Rp139.000 Rp69.500,"Aqua, Stearyl Alcohol, Cetyl Alcohol, Stearamidopropyl Dimethylamine, Parfum, Cyclopentasiloxane, Behentrimonium Chloride (Hair Conditioning), Dimethicone, Glycerin, Steartrimonium Chloride (Hair Conditioning), Phenoxyethanol, Isopropyl Alcohol, Chlorphenesin, Propylene Glycol, Amodimethicone, Cetrimonium Chloride (Emulsifying), Disodium EDTA, Trideceth-12, Arachidyl Alcohol, Butylene Glycol, Myristyl Alcohol, Cyclotetrasiloxane, Trehalose, Panthenol, Lauryl Alcohol, Dipropylene Glycol, 1,2-Hexanediol, Citric Acid, Fragaria Vesca Leaf Extract, Hydrolyzed Collagen, Glycine, Serine, Glutamic Acid, Aspartic Acid, Leucine, Alanine, Lysine, Arginine, Tyrosine, Phenylalanine, Proline, Threonine..",https://www.sociolla.com/conditioner/73312-jmella-in-france-lime-and-basil-no-03-hair-treatment,3/2/2026
P249,Rose Elastic Conditioner (For Curly Hair),DANCOLY,Conditioner,400 ml,Rp239.000 Rp212.710,"aqua (watrer), rosa centifola flower extract, aloe leaf extract, glyceryl strearate, vitis vinifera (grape) seed oil, ginko biloba leaf extract, peg-4 sorbitan stearate, polyoxyethylene cetyl-stearyl ether, dimethicone/ silsesquioxane copolymer, cetrimonium cholride, hyaluronic acid, hydroxypropyl guar, jojoba oil peg-8 esters, phenoxyethanol.",https://www.sociolla.com/conditioner/58215-rose-elastic-conditioner-for-curly-hair,3/2/2026
P250,Deep Cleanse Conditioner,SUKIN,Conditioner,500 ml,Rp215.000 Rp172.000,"Avocado Oil, Algae, Vitamin E, Lemon Myrtle, Wheat Protein",https://www.sociolla.com/conditioner/61247-deep-cleanse-conditioner,3/2/2026
P251,Veggie Pro Conditioner,THE BATH BOX,Conditioner,200ml,Rp249.000 Rp161.850,"Bahan Utama: 1. Amino Acid Complex 2% 2. Keravis 3% 3. Orange, Rosemary, Lavender, Ylang-Ylang, dan Geranium Essential Oils Bebas SLS Bebas Silicone Bebas Paraben",https://www.sociolla.com/conditioner/84339-veggie-pro-conditioner,3/2/2026
P252,In France Sparkling Rosé No. 05 Hair Treatment,JMELLA,Conditioner,500ml,Rp139.000 Rp41.700,"Aqua, Stearyl Alcohol, Cetyl Alcohol, Stearamidopropyl Dimethylamine, Parfum, Cyclopentasiloxane, Behentrimonium Chloride (Hair Conditioning), Dimethicone, Glycerin, Steartrimonium Chloride (Hair Conditioning), Phenoxyethanol, Isopropyl Alcohol, Chlorphenesin, Propylene Glycol, Amodimethicone, Cetrimonium Chloride (Emulsifying), Disodium EDTA, Trideceth-12, Arachidyl Alcohol, Butylene Glycol, Myristyl Alcohol, Cyclotetrasiloxane, Trehalose, Panthenol, Lauryl Alcohol, Dipropylene Glycol, 1,2-Hexanediol, Citric Acid, Fragaria Vesca Leaf Extract, Hydrolyzed Collagen, Glycine, Serine, Glutamic Acid, Aspartic Acid, Leucine, Alanine, Lysine, Arginine, Tyrosine, Phenylalanine, Proline, Threonine..",https://www.sociolla.com/conditioner/73320-jmella-in-france-sparkling-rose-no-05-hair-treatment,3/2/2026
P253,Moist Pro Conditioner,THE BATH BOX,Conditioner,200ml,Rp219.000 Rp120.450,"Bahan Utama: 1. Real Honey ex Bunga Randu 2. Vegetable Protein & Pea Protein 3. Japanese Gentian, Chinese Knotweed, Simpleleaf Chastetree Extract Bebas SLS Bebas Silicone Bebas Paraben 84,2% Natural",https://www.sociolla.com/conditioner/84341-moist-pro-conditioner,3/2/2026
P254,Ciara Conditioner Perfector with Loquat Leaf,CIARA,Conditioner,275 ml,Rp95.000 Rp76.000,"Hero Ingredients : Loquoat Leaf, Caffeine, Gingseng Toot Extract, Baicapil, Biotin",https://www.sociolla.com/conditioner/89033-ciara-conditioner-perfector-with-loquat-leaf,3/2/2026
P255,Hello Bubble All Star Smoothing Conditioner,MISE EN SCÈNE,Conditioner,500ml,Rp159.000,"[INGREDIENTS] WATER / AQUA / EAU, GLYCERIN, DIPROPYLENE GLYCOL, DIMETHICONE, CETYL ALCOHOL, STEARYL ALCOHOL, BEHENTRIMONIUM CHLORIDE, CAPRYLIC/CAPRIC TRIGLYCERIDE, FRAGRANCE / PARFUM, HYDROXYETHYLCELLULOSE, DISODIUM EDTA, ETHYLHEXYLGLYCERIN, LIMONENE, BUTYLENE GLYCOL, PUNICA GRANATUM FRUIT EXTRACT, ROSA DAMASCENA FLOWER EXTRACT, 1,2-HEXANEDIOL, TOCOPHEROL, CAMELLIA SINENSIS LEAF EXTRACT",https://www.sociolla.com/conditioner/83538-hello-bubble-all-star-smoothing-conditioner,3/2/2026
P256,JMELLA In France Do Tyque No. 07 Hair Treatment,JMELLA,Conditioner,500ml,Rp236.000 Rp141.600,"Aqua, Stearyl Alcohol, Cetyl Alcohol, Stearamidopropyl Dimethylamine, Parfum, Cyclopentasiloxane, Behentrimonium Chloride (Hair Conditioning), Dimethicone, Glycerin, Steartrimonium Chloride (Hair Conditioning), Phenoxyethanol, Isopropyl Alcohol, Chlorphenesin, Propylene Glycol, Amodimethicone, Cetrimonium Chloride (Emulsifying), Disodium EDTA, Trideceth-12, Arachidyl Alcohol, Butylene Glycol, Myristyl Alcohol, Cyclotetrasiloxane, Trehalose, Panthenol, Lauryl Alcohol, Dipropylene Glycol, 1,2-Hexanediol, Persea Gratissima (Avocado) Oil, Olea Europaea (Olive) Fruit Oil, Argania Spinosa Kernel Oil, Camellia Japonica Seed Oil, Citric Acid, Fragaria Vesca Leaf Extract, Hydrolyzed Collagen, Glyc..",https://www.sociolla.com/conditioner/85268-jmella-in-france-do-tyque-no-07-hair-treatment,3/2/2026
P257,Tresemme Color Gloss Conditioner Light Brunette Perawatan Rambut Berwarna 228g?,TRESEMMÉ,Conditioner,228 gr,Rp188.000,"Water, Cetearyl Alcohol, Dimethicone, Behentrimonium Chloride, Fragrance, Dipropylene Glycol, Stearamidopropyl Dimethylamine, Amodimethicone, Sodium chloride, Lactic acid, Disodium EDTA, Phenoxyethanol, PEG-7 Propylheptyl Ether, Cetrimonium Chloride, Magnesium Nitrate, Hydrolyzed Keratin, Lysine HCl, Gluconolactone, Sodium sulfate, Trehalose",https://www.sociolla.com/conditioner/73493-tresemme-color-gloss-conditioner-light-brunette-perawatan-rambut-berwarna-228g,3/2/2026
P258,JMELLA Disney In France Femme Fatale No. 02 Hair Treatment,JMELLA,Conditioner,500ml,Rp92.400,"Aqua, Stearyl Alcohol, Cetyl Alcohol, Stearamidopropyl Dimethylamine, Parfum, Cyclopentasiloxane, Behentrimonium Chloride (Hair Conditioning), Dimethicone, Glycerin, Steartrimonium Chloride (Hair Conditioning), Phenoxyethanol, Isopropyl Alcohol, Chlorphenesin, Propylene Glycol, Amodimethicone, Cetrimonium Chloride (Emulsifying), Disodium EDTA, Trideceth-12, Arachidyl Alcohol, Butylene Glycol, Myristyl Alcohol, Cyclotetrasiloxane, Trehalose, Panthenol, Lauryl Alcohol, Dipropylene Glycol, 1,2-Hexanediol, Citric Acid, Fragaria Vesca Leaf Extract, Hydrolyzed Collagen, Glycine, Serine, Glutamic Acid, Aspartic Acid, Leucine, Alanine, Lysine, Arginine, Tyrosine, Phenylalanine, Proline, Threonine..",https://www.sociolla.com/conditioner/85294-jmella-disney-in-france-femme-fatale-no-02-hair-treatment,3/2/2026
P259,Diane Be True Smooth Repair Relax Treatment 400ml,MOIST DIANE,Conditioner,400ML,Rp155.000 Rp134.850,"aqua, cetearyl alcohol, Dimethicone, ricinus communis seed oil, polyepsilon-lysine, Glucose, butylene glycol, Hydrolyzed Pea protein, brassica oleracea acephala leaf extract, hydrolyzed quinoa, Hydrolyzed corn protein, PRUNUS AMYGDALUS DULCIS (SWEET ALMOND) OIL, Argania Spinosa Kernel Oil, Simmondsia Chinensis (Jojoba) Seed Oil, Ethylhexyl palmitate, Bis-Behenyl/Isostearyl/Phytosteryl Dimer Dilinoleyl Dimer Dilinoleate, Hydrogenated castor Oil Isostearate, Dimethiconol, Sodium lactate, Hydroxyethylcellulose, glyceryl tri-hydrogenated rosinate, Steartrimonium Chloride, cetrimonium chloride, dicocodimonium chloride, Isopropyl alcohol, Glycerin, Disodium edta, Phenoxyethanol, Fragrance (Parf..",https://www.sociolla.com/conditioner/80755-diane-be-true-smooth-repair-relax-treatment-400ml,3/2/2026
P260,So So So Smooth Conditioner Over The Rainbow,LAVOJOY,Conditioner,300 ml,Rp29.000 - Rp139.000,"Water, Cetearyl Alcohol, Behentrimonium Chloride, Dimethicone, Phenoxyethanol, Aroma, Sodium Benzoate, Bis-Aminopropyl Dimethicone, Isopropyl Alcohol, Argania Spinosa Kernel Oil, Sclerocarya Birrea Seed Oil, Squalane, Camellia Japonica Seed Oil, Hydroxyethylcellulose, Disodium Edta, Panthenol, Disodium Phosphate, Polysorbate 60, Glycerin, Sodium Phosphate, Terminalia Ferdinandiana Fruit Extract, Glycine Soja (Soybean) Germ Extract, Citric Acid, Potassium Sorbate",https://www.sociolla.com/conditioner/72631-so-so-so-smooth-conditioner-over-the-rainbow,3/2/2026
P261,Argan Essential Deep Care Conditioner,NATURE REPUBLIC,Conditioner,300 ml,Rp275.000 Rp209.000,"Water, Glycerin, Butyrospermum Parkii (Shea) Butter, Ethylhexyl Stearate, Cetearyl Alcohol, Glyceryl Stearate SE, Hydrogenated Coco-Glycerides, 1,2-Hexanediol, Dimethicone, Fragrance(Parfum), Glyceryl Stearate, PEG-100 Stearate, Carbomer, Phenoxyethanol, Tromethamine, Palmitic Acid, Stearic Acid, Caprylyl Glycol, Caprylic/Capric Triglyceride, Prunus Serrulata Flower Extract, Ethyl Hexanediol, Butylene Glycol, Aloe Barbadensis Leaf Juice, Lauroyl Lysine, Sodium Phytate, Hydrogenated Lecithin, Cholesterol, Ethylhexylglycerin",https://www.sociolla.com/conditioner/77153-argan-essential-deep-care-conditioner,3/2/2026
P262,Hair Energy Scentsations Hair Fragrance,MAKARIZO,Hair Mist,100 ml,Rp17.300 - Rp38.400 Rp14.186 - Rp32.256,,https://www.sociolla.com/hair-mist/28154-hair-energy-scentsations-hair-fragrance,3/2/2026
P263,Wonder Pic,LA'DOR,Hair Mist,100 ml,Rp170.000 Rp127.500,,https://www.sociolla.com/hair-mist/56918-lador-wonder-pic,3/2/2026
P264,Volumize & Textured Hair Perfume,HAIRMONY,Hair Mist,Variant Magnificent Daydream,Rp79.000 Rp56.090 - Rp63.200,"Magnificent: Aqua, Ethanol, Glycerin, Butylene Glycol, PEG-40 Hydrogenated Castor Oil, Propylene Glycol, Parfum, Betaine, Phenoxyethanol, Hydrolyzed Keratin, Aloe Barbadensis Leaf Extract, Panthenol, Disodium EDTA, Camellia Sinensis Leaf Extract, PEG-12 Dimethicone, Caprylyl Glycol, CI 14720, Methylparaben, Ethylparaben. Daydream: Aqua, Ethanol, Glycerin, Butylene Glycol, PEG-40 Hydrogenated Castor Oil, Propylene Glycol, Betaine, Parfum, Phenoxyethanol, Hydrolyzed Keratin, Aloe Barbadensis Leaf Extract, Panthenol, Disodium EDTA, Camellia Sinensis Leaf Extract, PEG-12 Dimethicone, Caprylyl Glycol, Sodium Chloride, CI 19140, Dextrin, CI 14720, ..",https://www.sociolla.com/hair-mist/88798-volumize-and-textured-hair-perfume,3/2/2026
P265,HMNS Nourishing Hair Perfume Another Rose,HMNS,Hair Mist,250 ml,Rp195.000 Rp185.250,"Alcohol, Water, Fragrance, PEG-40 Hydrogenated Castor Oil, PEG-12 Dimethicone, Trehalose, Glycerine, Propylene Glycol, Phenoxyethanol.",https://www.sociolla.com/hair-mist/91685-hmns-nourishing-hair-perfume-another-rose,3/2/2026
P266,Hair Mist Sweet&Silky,ELLIPS,Hair Mist,100ml,Rp34.000 Rp31.620,,https://www.sociolla.com/hair-mist/78052-ellips-hair-mist-sweet-and-silky-100ml,3/2/2026
P267,HMNS Nourishing Hair Perfume Darker Shade O,HMNS,Hair Mist,250 ml,Rp195.000 Rp185.250,"Alcohol, Water, Fragrance, PEG-40 Hydrogenated Castor Oil, PEG-12 Dimethicone, Trehalose, Glycerine, Propylene Glycol, Phenoxyethanol.",https://www.sociolla.com/hair-mist/91687-hmns-nourishing-hair-perfume-darker-shade-o,3/2/2026
P268,Hair Mist Fresh & Smooth,ELLIPS,Hair Mist,100ml,Rp34.000 Rp31.620,,https://www.sociolla.com/hair-mist/78053-ellips-hair-mist-fresh-and-smooth-100ml,3/2/2026
P269,Hair Mistion! Eternal Bloom,WONDERLUX,Hair Mist,50 ml,Rp75.000 Rp71.250,"Water, Trideceth-9, Fragnance (Parfum) Components and Finished Fragrance, PEG-40 Hydrogenated Castor Oil, Propanediol, Phenoxyethanol, Caprylic/Capric Triglyceride, Ethoxydiglycol, Pentaclethra Macroloba Seed oil, Polysorbate 20, Sodium PCA, Chlorphenesin, D-Panthenol, Disodium EDTA, o-Cymen-5-OL, Hydroxypropyl Gluconamide, Hydroxypropyl Ammonium Gluconate, Polyquaternium-7, Glycerin, Magnolia Officinalis Bark Extract, Zingiber Officinale Root Extract, Hydrolyzed Jojoba Esters, Tartaric Acid, Benzyl Alcohol, Sodium Benzoate, Potassium Sorbate",https://www.sociolla.com/hair-mist/87300-eternal-bloom-smooth-nourishment-hair-mist,3/2/2026
P270,Dreamy Hour Perfume Hair Vitamin Mist,HAIROIC,Hair Mist,50gr,Rp28.000 Rp12.600,,https://www.sociolla.com/hair-mist/91175-dreamy-hour-perfume-hair-vitamin-mist,3/2/2026
P271,Perfect Day Perfume Hair Vitamin Mist,HAIROIC,Hair Mist,50gr,Rp28.000 Rp12.600,,https://www.sociolla.com/hair-mist/91176-perfect-day-perfume-hair-vitamin-mist,3/2/2026
P272,Daisy Hair Vitamin Mist,GRACE AND GLOW,Hair Mist,100 ml,Rp61.813,,https://www.sociolla.com/hair-mist/69343-daisy-hair-vitamin-mist,3/2/2026
P273,Kelaya Hair Revitalizer,KELAYA,Hair Mist,100 ml,Rp42.000 Rp36.960,"Alcohol, Aqua, Fragrance (Parfum) Components and Finished Fragrances, PEG 40 Hydrogenate Castor Oil, Sodium PCA, Betaine, Ethylhexyl Methoxycinnamate, Hexamethylindanopyran, Lactobacillus/Ginseng Root Ferment Filtrate, Benzophenone-4",https://www.sociolla.com/hair-mist/88877-kelaya-hair-revitalizer,3/2/2026
P274,[EXCLUSIVE] Makarizo Hair Energy Scentsations Hair Fragrance,MAKARIZO,Hair Mist,100ml,Rp68.800 Rp50.912 - Rp54.352,"Alcohol, Aqua, Parfum, PEG-40 Hydrogenated Castor Oil, Soyethyl Morpholinium Ethosulfate, PEG-12 Dimethicone, Panthenyl Ethyl Ether, Phytantriol, Tocopheryl Acetate, Benzophenone-4, Glycine Soja Oil, Niacinamide, Aesculus Hippocastanum Seed Extract, Yeast Extract, Ammonium Glycyrrhizate, Retinyl Palmitate, Panthenol, Zinc Gluconate, Caffeine, Ascorbyl Palmitate, Biotin",https://www.sociolla.com/hair-mist/88553-exclusive-makarizo-hair-energy-scentsations-hair-fragrance,3/2/2026
P275,Hair Mist,TUMBUH LAB,Hair Mist,100ml,Rp130.000,"Rosewater, Rosemary Essential Oil, Green Tea Essential Oil, Ylang Ylang Essential Oil, Cedarwood Essential Oil",https://www.sociolla.com/hair-mist/75452-hair-mist,3/2/2026
P276,Keratin Layered Oil Mist,LA'DOR,Hair Mist,130ml,Rp230.000 Rp184.000,"Water, Siklopentasiloksan, Sikloheksasiloksan, C12-15 Alkil Benzoat, Coco- caprilat/caprate, Parfum, Alkohol, Argania Spinosa Kernel Oil (Minyak Argan), Sodium Benzoat, Sodium Klorida, Tokoferol Asetat, Etilheksilgliserin, Persea Gratissima Oil (Minyak Alpukat), Elastin Terhidrolisis, Butilen Glikol, Hexyl cinnamal, Limonene, Asam Sitrat, Disodium EDTA, Keratin Terhidrolisis, Sodium Sitrat, Ethylhexyl methoxycinnamate, 1,2-hexanediol, Hydroxycitronellal, Alpha-isomethyl ionone, Ekstrak Daun Melia Azadirachta (Mindi), Silk Terhidrolisis, Ekstrak Bunga Melia Azadirachta (Mindi), Citronellol, Linalool, Ekstrak Buah Coccinia indica (Kemarungan), Phenoxyethanol, Geraniol, Ekstrak Bung..",https://www.sociolla.com/hair-mist/83394-keratin-layered-oil-mist,3/2/2026
P277,Silky & Protect Care Hair Mist,GRACE AND GLOW,Hair Mist,100 ml,Rp61.813,"Aqua/Water, Glycerin, PEG-40 Hydrogenated Castor Oil, Fragrance; Parfum; Aroma, Phenoxyethanol, Silk Extract, Chlorphenesin, Panthenol; Dexpanthenol, Ethylhexylglycerin, Disodium EDTA, Butylene Glycol, Propylene Glycol, Anthemis Nobilis Flower Extract, Sclerocarya Birrea Fruit Extract, Butyrospermum Parkii (Shea) Butter, Olea Europaea (Olive) Fruit Oil, Helianthus Annuus (Sunflower) Seed Oil, Hydroxyacetophenone, Calendula Officinalis Flower Extract, Hydrolyzed Keratin",https://www.sociolla.com/hair-mist/69344-silky-hair-mist,3/2/2026
P278,Euphoria Hair Perfume Hair Vitamin Mist,HAIROIC,Hair Mist,50gr,Rp28.000 Rp12.600,,https://www.sociolla.com/hair-mist/91177-euphoria-hair-perfume-hair-vitamin-mist,3/2/2026
P279,Hair Mistion! Enchanted Floral,WONDERLUX,Hair Mist,50 ml,Rp75.000 Rp71.250,"Water, Trideceth-9, Fragnance (Parfum) Components and Finished Fragrance, PEG-40 Hydrogenated Castor Oil, Propanediol, Phenoxyethanol, Caprylic/Capric Triglyceride, Ethoxydiglycol, Pentaclethra Macroloba Seed oil, Polysorbate 20, Sodium PCA, Chlorphenesin, D-Panthenol, Disodium EDTA, o-Cymen-5-OL, Hydroxypropyl Gluconamide, Hydroxypropyl Ammonium Gluconate, Polyquaternium-7, Glycerin, Magnolia Officinalis Bark Extract, Zingiber Officinale Root Extract, Hydrolyzed Jojoba Esters, Tartaric Acid, Benzyl Alcohol, Sodium Benzoate, Potassium Sorbate",https://www.sociolla.com/hair-mist/87297-enchanted-floral-smooth-nourishment-hair-mist,3/2/2026
P280,SPRAYED 3 in 1 Hair Spray - Hair Sanitizer | Hair Mist | Quick Dry Hair Spray,HANDDUK BY TODAY,Hair Mist,100 ml,Rp76.590 - Rp154.290,"Alcohol, Cyclopentasiloxane, Cyclohexasiloxane, PEG-8, PEG-32, Perfume, PVP, Moringa Oleifera Seed Oil.",https://www.sociolla.com/hair-mist/69256-sprayed-3-in-1-hair-spray,3/2/2026
P281,Peony Mist,GRACE AND GLOW,Hair Mist,100 ml,Rp61.813,,https://www.sociolla.com/hair-mist/69347-peony-mist,3/2/2026
P282,"WonderMist! Hair, Body and Everything Mist",ROLLOVER REACTION,Hair Mist,Variant Neroli+iris,Rp169.000,"Heat protectant agent, anti pollution agent, hyaluronic acid, argan oil, honey, anti uv agent",https://www.sociolla.com/hair-mist/87617-wondermist-hair-body-and-everything-mist,3/2/2026
P283,Collagen Repair Hair Serum 100ml,CBD PROFESSIONAL,Hair Serum,100ml,Rp106.500 Rp78.810,"Cyclopentasiloxane, Isohexadecane, Dimethiconol, Dimethicone, Caprylic/Capric Triglyceride, Isopropyl Myristate, Perfume, Aqua, Carthamus Tinctorius Seed Oil, Rubus Idaeus Fruit Extract, Hydrolyzed Collagen, Phenoxyethanol",https://www.sociolla.com/hair-serum/76003-collagen-repair-hair-serum-100ml,3/2/2026
P284,Coconut Milk Hair Serum,BEAMARRY NEW YORK,Hair Serum,110ml,Rp283.949 Rp184.567,"CYCLOPENTASILOXANEISODODECANE ETHYLHEXYL PALMITATE, DIMETHICONOL DIMETHICONE PARFUM, OLEA EUROPAEA JOLIVE FRUIT OIL ARGANIA SPINOSA KERNEL OIL ORBIGNYA OLEIFERA SEED OIL, TOCOPHERYL ACETATE, Ci 15985, SIMMONDSIA CHINENSIS (JOJOBA) SEED OIL BUTYROSPERMUM PARKII (SHEA BUTTER), VITIS VINIFERA (GRAPE) SEED OIL, PRUNUS AMYGDALUS DULCIS (SWEET ALMOND) OIL, KERATIN, HYDROLYZED KERATIN, OXIDIZED KERATIN",https://www.sociolla.com/hair-serum/85240-coconut-milk-hair-serum,3/2/2026
P285,Hair Vitamin Moroccan Oil Vitality Blister,ELLIPS,Hair Serum,Blister,Rp18.000 Rp16.920,"Moroccan Oil, Ginseng and Honey Oil ,Vitamin A,C,E & Pro Vit B-5",https://www.sociolla.com/hair-serum/28586-hair-vitamin-moroccan-oil-vitality-blister,3/2/2026
P286,TRESEMME Keratin Smooth Keratinbond+ No 4 Serum,TRESEMMÉ,Hair Serum,100 ml,Rp210.050,"Cyclopentasiloxane, Cyclohexasiloxane, Dimethiconol, Phenyl Trimethicone, Perfume, Aminopropyl Dimethicone, Dimethicone Crosspolymer, Cyclomethicone, Sclerocarya Birrea Seed Oil, Glycine Soja (Soybean) Phytoplacenta Extract",https://www.sociolla.com/hair-serum/73476-tresemme-keratin-smooth-keratinbond-no-4-serum,3/2/2026
P287,Lador Dermatical Active Ampoule,LA'DOR,Hair Serum,250ml,Rp385.000 Rp308.000,,https://www.sociolla.com/hair-serum/59449-lador-dermatical-active-ampoule,3/2/2026
P288,MK3 Restructuring Serum Bottle,MAKARIZO PROFESSIONAL,Hair Serum,50ml,Rp301.400 Rp226.050,"Aqua, Diglycerin, PEG-40 Hydrogenated Castor Oil, Parfum, Polyquaternium-47, Cetrimonium Chloride, Phenoxyethanol, Panthenol, Actinidia Chinensis (Kiwi) Fruit Extract, Ethylhexylglycerin, Sodium PCA, Sodium Lactate, Arginine, Tetrasodium EDTA, Aspartic Acid, PCA, Sodium Benzoate, Cocos Nucifera Oil, Ethyl Macadamiate, Glycine, Alanine, Serine, Valine, Isoleucine, Proline, Threonine, Histidine, Phenylalanine, Tocopherol, CI 42090.",https://www.sociolla.com/hair-serum/84323-mk3-restructuring-serum-bottle,3/2/2026
P289,Drop Dead Growgeous! Densifying Hair Scalp Serum,WONDERLUX,Hair Serum,75ml,Rp185.000 Rp166.500,"aqua, BUTYLENE GLYCOL, 2,4-diamino-pyrimidine-3-oxide (cas no 74638-76-9)), ammonium polyacryloyldimethyl taurate, Niacinamide, PROPANEDIOL, ORYZA SATIVA BRAN WATER, Glycerin, Panthenol, zingiber officinale extract, Phenoxyethanol, chlorphenesin, nasturtium officinale flower/leaf extract, ppg-26-buteth-26, PEG-40 Hydrogenated Castor Oil, Aloe Barbadensis Extract, Pisum Sativum Sprout Extract, Sodium Benzoate, magnesium ascorbyl phosphate, Hydrolyzed corn protein, Glycine, Apigenin, adenosine, SERINE, Glutamic Acid, oleanolic acid, Aspartic Acid, Leucine Active Ingredient 0.00071, Biotinoyl Tripeptide-1, Alanine, Arginine, tyrosine, phenylalanine, Threonine, Proline, valine, isoleucine, ca.. See More",https://www.sociolla.com/hair-serum/78251-drop-dead-growgeous-densifying-hair-scalp-serum,3/2/2026
P290,5In1 Hair Vitamin Milkshake,ELLIPS,Hair Serum,45ml,Rp59.200 Rp55.648,"Aqua, Dimethicone / Vinyl Dimethicone Crosspolymer, Cyclopentasiloxane, Phenyl Trimethicone, Cetrimonium Chloride, Isopropyl Alcohol, Cocamide DEA, PEG-8, Fragrance, C12-14 Pareth-12, Sodium Chloride, Polyquaternium-16, DMDM Hydantoin, Cyclotetrasiloxane, Methylparaben, Panthenol, Lactic Acid, Chlorphenesin, Phenoxyethanol, Phenyl Trimethicone, Hydrolyzed Wheat Protein, Benzoic Acid, C12-15 Alkyl Benzoate, Dimethiconol, Dimethicone Crosspolymer, Hydrolyzed Wheat Starch, Benzophenone-4, Potassium Sorbate, Hydrolyzed Milk Protein, Butylene Glycol, Ethylparaben, Propylparaben, Butylparaben",https://www.sociolla.com/hair-serum/77149-5in1-hair-vitamin-milkshake,3/2/2026
P291,Detangling Perfume Hair Mist,RATED GREEN,Hair Serum,1 L,Rp169.000 Rp143.650 - Rp160.550,"#1 Lemon, Freesia, dan Musk yang lembut dan segar. Water, Rosmarinus Officinalis (Rosemary) Leaf Water, Butylene Glycol, Pentylene Glycol, Chlorella Vulgaris Extract, Glycine Soja (Soybean) Seed Extract, Cocos Nucifera (Coconut) Fruit Extract, Cynanchum Atratum Extract, Althaea Rosea Flower Extract, Octyldodeceth-16, PEG-60 Hydrogenated Castor Oil, 1,2-Hexanediol, Glycerin, Methylpropanediol, Polyquaternium-11, Ethylhexylglycerin, Glucose, Fructooligosaccharides, Fructose, Panthenol, Cetrimonium Chloride, Citric Acid, Sodium Citrate, Octanediol, Tocopherol, Alcohol Denat., Fragrance(Parfum), Linalool, Hexyl Cinnamal, Alpha- Isomethyl Ionone, Limonene, Citronellol, Geraniol, Benzyl Sali.. See More",https://www.sociolla.com/hair-serum/80044-detangling-perfume-hair-mist,3/2/2026
P292,Real Grow Anti-Hair Loss Stimulating Scalp Spray,RATED GREEN,Hair Serum,120 ml,Rp235.000 Rp188.000,"Rosmarinus Officinalis (Rosemary) Leaf Water, Water, Alcohol, Dipropylene Glycol, Glycerin, Methylpropanediol, Rosmarinus Officinalis (Rosemary) Leaf Oil, Pinus Sylvestris Leaf Oil, Glycine Soja (Soybean) Seed Extract, Citrus Aurantium Dulcis (Orange) Peel Oil, Cocos Nucifera (Coconut) Fruit Extract, Octyldodeceth-16, 1,2-Hexanediol, Menthol, Salicylic Acid, Panthenol, Tromethamine, Zinc Lactate, Ethylhexylglycerin, Pentylene Glycol, Butylene Glycol, Octanediol, Biotin, Hydrogenated Lecithin, Polyglyceryl-10 Stearate, Sodium Ascorbyl Phosphate, Tocopheryl Acetate, Glyceryl Arachidonate, Glyceryl Linolenate, Retinyl Palmitate, Caffeine, Limonene, Linalool, Geranio",https://www.sociolla.com/hair-serum/56919-real-grow-anti-hair-loss-stimulating-scalp-spray,3/2/2026
P293,Makarizo VitaGlitz Hair Serum,MAKARIZO,Hair Serum,Variant Shine Reflect Enhancer Strength Booster Revitalizing Care,Rp19.700 Rp16.154,"Cyclotetrasiloxane, Cyclopentasiloxane, Dimethiconol, Phenyl Trimethicone, Parfum, Helianthus Annuus Seed Oil, Polysilicone-15, Glycine Soja Oil, Honey Extract, Actinidia Chinensis Fruit Extract, Tocopheryl Acetate, Hydrolyzed Silk Pg-Propyl Methylsilanediol Crosspolymer, Panthenyl Ethyl Ether, Retinyl Palmitate, Ascorbyl Palmitate, CI 60725.",https://www.sociolla.com/hair-serum/87790-makarizo-vitaglitz-hair-serum,3/2/2026
P294,TRESemmé Color Vibrancy Serum,TRESEMMÉ,Hair Serum,100ml,Rp210.050,"Cyclopentasiloxane, Cyclohexasiloxane, Dimethiconol, Phenyl Trimethicone, Perfume, Aminopropyl Dimethicone, Dimethicone Crosspolymer, Cyclomethicone, Sclerocarya Birrea Seed Oil, Glycine Soja (Soybean) Phytoplacenta Extract",https://www.sociolla.com/hair-serum/84021-tresemme-color-vibrancy-serum,3/2/2026
P295,Scalp Care Organic Hair Serum,EUCALIE,Hair Serum,30ml,Rp259.000 Rp212.380,"Aqua, Methyl Propanediol, Panthenol, Pseudoalteromonas Ferment Extract, Sorbitan Caprylate, Sodium Lactate, Propanediol, Benzoic Acid, Disodium Edta, Mentha Piperita Oil *, Melaleuca Alternifolia Leaf Oil *, Sodium Citrate, Phragmites Karka Extract, Poria Cocos Extract, Citric Acid, Sodium Benzoate, Sodium Salicylate.",https://www.sociolla.com/hair-serum/94068-eucalie-scalp-care-organic-hair-serum,3/2/2026
P296,Real Argan Smoothing Hair Serum,RATED GREEN,Hair Serum,150ml,Rp289.000 Rp260.100,"Cyclopentasiloxane, Dimethiconol, Dimethicone, Argania Spinosa Kernel Oil, C12-15 Alkyl Benzoate, Water, Glycolipids, Alcohol Denat., Fragrance (Parfum)",https://www.sociolla.com/hair-serum/69202-real-argan-smoothing-hair-serum,3/2/2026
P297,Perfect Serum Super Rich,MISE EN SCÈNE,Hair Serum,80ml,Rp179.000 Rp161.100,"INGREDIENTS : CYCLOPENTASILOXANE, DIMETHICONOL, DISILOXANE, ISODODECANE, C12-15 ALKYL BENZOATE, COCOS NUCIFERA (COCONUT) OIL, FRAGRANCE / PARFUM, ARGANIA SPINOSA KERNEL OIL, CAMELLIA JAPONICA SEED OIL, COCO-CAPRYLATE/CAPRATE, LINALOOL, BENZYL BENZOATE, PRUNUS ARMENIACA (APRICOT) KERNEL OIL, OLEA EUROPAEA (OLIVE) FRUIT OIL, SIMMONDSIA CHINENSIS (JOJOBA) SEED OIL, CITRONELLOL, GERANIOL, ALPHA-ISOMETHYL IONONE, COUMARIN, HEXYL CINNAMAL, ACRYLATES/POLYTRIMETHYLSILOXYMETHACRYLATE COPOLYMER, HYDROXYCITRONELLAL, GLYCOLIPIDS, SCLEROCARYA BIRREA SEED OIL",https://www.sociolla.com/hair-serum/84162-perfect-serum-super-rich,3/2/2026
P298,Pomelo Hair Tonic,COCOON,Hair Serum,140ml,Rp120.000 Rp114.000,"Water, Isododecane, C15-19 Alkane, Glycerin, Citrus Grandis Peel Oil, Xylitylglucoside, Anhydroxylitol, Maltitol, Xylitol, Pelvetia Canaliculata Extract, Propanediol, Arginine, Lactic Acid, Glycine Soja Germ Extract, Triticum Vulgare Germ Extract, Scutellaria Baicalensis Root Extract, Bisabolol, Gluconolactone, Calcium Gluconate, Panthenol, Betaine, Citrus Aurantium Dulcis Peel Oil, Mentha Piperita Oil, Sodium Polyacrylate Starch, Glycereth-26, Phenyl Trimethicone, Caprylyl Methicone, Trisodium Ethylenediamine Disuccinate, Ethyhexylglycerin, Bht, Phenoxyethanol, Sodium Benzoate.",https://www.sociolla.com/hair-serum/75608-pomelo-hair-tonic,3/2/2026
P299,Extraordinary Oil Pink Hair Serum,LOREAL PARIS,Hair Serum,100 ml,Rp184.000,"AQUA / WATER,SODIUM LAURETH SULFATE,COCO-BETAINE,COCAMIDE MIPA,SODIUM CHLORIDE,CI 17200 / RED 33,COCOS NUCIFERA OIL / COCONUT OIL,LACTIC ACID,TOCOPHEROL,SODIUM BENZOATE,HYDROXYCITRONELLAL,HYDROLYZED SILKSODIUM ACETATESODIUM HYDROXIDE,PPG-5-CETETH-20, PEG-55 PROPYLENE GLYCOL OLEATE,POLYQUATERNIUM-10,SALICYLIC ACID,BENZYL SALICYLATE,BENZYL ALCOHOL,LINALOOL,LINUM USITATISSIMUM,FLOWEREXTRACT /LINSEED FLOWER EXTRACT,AMODIMETHICONE,PROPYLENE GLYCOL,ISOPROPYL ALCOHOL,CAPRYLIC/CAPRIC TRIGLYCERIDE,GERANIOL,GARDENIA TAHITENSIS FLOWER EXTRACT,ROSA CANINA FLOWER EXTRACT,DISODIUM EDTA,CITRIC ACID,CITRONELLOL,LAURETH-5 CARBOXYLIC ACID,HEXYL CINNAMAL,GLYCOLIC ACID,PARFUM / FRAGRANCE",https://www.sociolla.com/hair-serum/8691-extraordinary-oil-pink,3/2/2026
P300,Marula Oil Hair Serum,DANCOLY,Hair Serum,60 ml,Rp309.000 Rp275.010,"helianthus annuus (sunflower) seed oil, cyclopentasiloxane, dimethicone/silsesquioxane copolymer, marula oil, macadamie ternifolia seed oil, parfum/fragrance.",https://www.sociolla.com/hair-serum/52711-marula-oil-hair-serum,3/2/2026
P301,Honey Dew Nutriv Serum Dusset,MAKARIZO PROFESSIONAL,Hair Serum,5 ml,Rp104.200 Rp85.444,"Cyclopentasiloxane, Cyclohexasiloxane, Dimethiconol, Dimethicone, Vegetable Oil; Olus Oil, Honey, Tocopheryl Acetate, Fragrance; Parfum; Aroma, Polysilicone-15, Hydrogenated Soybean Oil, CI 14700; RED 4, Retinyl Palmitate; Vit A, CI 26100; RED 17; SOLVENT RED 23, Ascorbyl Palmitate (Vitamin C Palmitate)",https://www.sociolla.com/hair-serum/28182-honey-dew-nutriv-serum-dusset,3/2/2026
P302,TRESemmé Bond Repair Serum,TRESEMMÉ,Hair Serum,100ml,Rp210.050,"Cyclopentasiloxane, Cyclohexasiloxane, Dimethiconol, Phenyl Trimethicone, Perfume, Aminopropyl Dimethicone, Dimethicone Crosspolymer, Cyclomethicone, Sclerocarya Birrea Seed Oil, Glycine Soja (Soybean) Phytoplacenta Extract.",https://www.sociolla.com/hair-serum/84020-tresemme-bond-repair-serum,3/2/2026
P303,Vitamin Rambut Hair Treatment Jar New,ELLIPS,Hair Serum,Jar,Rp121.700 Rp113.181,"Moroccan oil, Jojoba oil, Vitamin A,C,E ,Pro Vit B-5",https://www.sociolla.com/hair-serum/28576-vitamin-rambut-hair-treatment-jar-new,3/2/2026
P304,Calm it Down! Sensitive & Dry Care Scalp Serum,WONDERLUX,Hair Serum,75ml,Rp135.000 Rp121.500,"aqua, Lactobacillus ferment, BUTYLENE GLYCOL, Lactococcus ferment, Saccharomyces ferment, PROPANEDIOL Maltodextrin, Panthenol, chlorphenesin, Phenoxyethanol, Polyacrylate Crosspolymer-6, madecassoside, Propylene Glycol, 1,2-hexanediol schinus terebinthifolius seed extract, glycerin, pelvetia canaliculata extract, pogostemon cablin leaf extract, Aloe Barbadensis Extract, Laminaria Digitata Extract, ceramide 3, Glycine, SERINE, Glutamic Acid, Aspartic Acid, Leucine, Alanine, Lysine, Arginine, Tyrosine, Phenylalanine, Threonine, Proline, Valine, Isoleucine, histidine",https://www.sociolla.com/hair-serum/79840-calm-it-down-sensitive-and-dry-care-scalp-serum,3/2/2026
P305,Keratin Protein Hair Serum,BEAMARRY NEW YORK,Hair Serum,110 ML,Rp283.949 Rp184.567,"CYCLOPENTASILOXANEISODODECANE ETHYLHEXYL PALMITATE, DIMETHICONOL DIMETHICONE PARFUM, OLEA EUROPAEA JOLIVE FRUIT OIL ARGANIA SPINOSA KERNEL OIL ORBIGNYA OLEIFERA SEED OIL, TOCOPHERYL ACETATE, Ci 15985, SIMMONDSIA CHINENSIS (JOJOBA) SEED OIL BUTYROSPERMUM PARKII (SHEA BUTTER), VITIS VINIFERA (GRAPE) SEED OIL, PRUNUS AMYGDALUS DULCIS (SWEET ALMOND) OIL, KERATIN, HYDROLYZED KERATIN, OXIDIZED KERATIN",https://www.sociolla.com/hair-serum/85244-keratin-protein-hair-serum,3/2/2026
P306,ERHAIR HairGrow Kopexil & Panax Ginseng Extract Serum Twin Pack,ERHA,Hair Serum,Quantity,Rp512.960,"Kopexil™, Biotin, Niacinamide, Arginine, Castor Oil, Zinc Gluconate, Copper Gluconate, Aquaxyl, Panthenol",https://www.sociolla.com/hair-serum/88969-erhair-hairgrow-kopexil-and-panax-ginseng-extract-serum-twin-pack,3/2/2026
P307,Ultimate Repair Hair Serum,BEAMARRY NEW YORK,Hair Serum,110ml,Rp283.949 Rp184.567,"CYCLOPENTASILOXANE, ISODODECANE ETHYLHEXYL PALMITATE, DIMETHICONOL, DIMETHICONE PARFUM, OLEA EUROPAEA (OLIVE) FRUIT OIL, ARGANIA SPINOSA KERNEL OIL, ORBIGNYA OLEIFERA SEED OIL TOCOPHERYL ACETATE, COCOS NUCIFERA (COCONUT OIL MILK EXTRACT. SIMMONDSIA CHINENSIS (JOJOBA) SEED OIL BUTVROSPERMUM PARKILISHEA BUTTER HELIANTHUS ANNUUS (SUNFLOWER) SEED OIL, BUTYL AVOCADATE",https://www.sociolla.com/hair-serum/85237-ultimate-repair-hair-serum,3/2/2026
P308,L’Oreal Paris Elseve Aminexil (Fall Resist Serum Anti Hair-Fall),LOREAL PARIS,Hair Serum,102ml,Rp149.000,,https://www.sociolla.com/hair-serum/93866-l-oreal-paris-elseve-aminexil-fall-resist-serum-anti-hair-fall,3/2/2026
P309,Hair Vitamin Pro - Keratin Silky Black Blister,ELLIPS,Hair Serum,Blister,Rp16.016 Rp15.055,,https://www.sociolla.com/hair-serum/28602-hair-vitamin-pro-keratin-silky-black-blister,3/2/2026
P310,Hair Vitamin Pro - Keratin Smooth & Silky Blister,ELLIPS,Hair Serum,Blister,Rp18.000 Rp16.920,"Cyclopentasiloxane, Cyclotetrasiloxane, Dimethiconol, Fragrance; Parfum; Aroma, Tocopheryl Acetate, Glycine Soja (Soybean) Oil, Ethylhexyl Methoxycinnamate; Octinoxate, Panthenyl Ethyl Ether, Aloe Barbadensis Leaf Extract, Retinyl Palmitate; Vit A, Caprylic/Capric Triglyceride, Ascorbyl Palmitate (Vitamin C Palmitate), Pistacia Lentiscus (Mastic) Gum, BHT (Butylated hydroxytoluene)",https://www.sociolla.com/hair-serum/28600-hair-vitamin-pro-keratin-smooth-and-silky-blister,3/2/2026
P311,Serum Original,MISE EN SCÈNE,Hair Serum,80ml,Rp179.000 Rp161.100,"INGREDIENTS : CYCLOPENTASILOXANE, DIMETHICONOL, DISILOXANE, C12-15 ALKYL BENZOATE, FRAGRANCE / PARFUM, ARGANIA SPINOSA KERNEL OIL, SIMMONDSIA CHINENSIS (JOJOBA) SEED OIL, COCOS NUCIFERA (COCONUT) OIL, LIMONENE, PRUNUS ARMENIACA (APRICOT) KERNEL OIL, SCLEROCARYA BIRREA SEED OIL, OLEA EUROPAEA (OLIVE) FRUIT OIL, CAMELLIA JAPONICA SEED OIL, COCO-CAPRYLATE/CAPRATE, LINALOOL, CITRONELLOL, CAPRYLIC/CAPRIC TRIGLYCERIDE, GERANIOL, CAPSICUM ANNUUM EXTRACT, BETA-CAROTENE, TOCOPHEROL, GLYCOLIPIDS",https://www.sociolla.com/hair-serum/83501-serum-original,3/2/2026
P312,Serum Styling,MISE EN SCÈNE,Hair Serum,80ml,Rp179.000 Rp161.100,"INGREDIENTS : CYCLOPENTASILOXANE, DIMETHICONOL, DISILOXANE, ISODODECANE, C12-15 ALKYL BENZOATE, COCOS NUCIFERA (COCONUT) OIL, FRAGRANCE / PARFUM, ARGANIA SPINOSA KERNEL OIL, CAMELLIA JAPONICA SEED OIL, COCO-CAPRYLATE/CAPRATE, LINALOOL, BENZYL BENZOATE, PRUNUS ARMENIACA (APRICOT) KERNEL OIL, OLEA EUROPAEA (OLIVE) FRUIT OIL, SIMMONDSIA CHINENSIS (JOJOBA) SEED OIL, CITRONELLOL, GERANIOL, ALPHA-ISOMETHYL IONONE, COUMARIN, HEXYL CINNAMAL, ACRYLATES/POLYTRIMETHYLSILOXYMETHACRYLATE COPOLYMER, HYDROXYCITRONELLAL, GLYCOLIPIDS, SCLEROCARYA BIRREA SEED OIL",https://www.sociolla.com/hair-serum/83498-serum-styling,3/2/2026
P313,Hair Vitamin Pro - Keratin Hair Repair Blister,ELLIPS,Hair Serum,Blister,Rp18.000 Rp16.920,,https://www.sociolla.com/hair-serum/28597-hair-vitamin-pro-keratin-hair-repair-blister,3/2/2026
P314,ERHAIR HairGrow Kopexil & Panax Ginseng Extract Serum,ERHA,Hair Serum,8 ml,Rp315.500,"Kopexil™, Biotin, Niacinamide, Arginine, Castor Oil, Zinc Gluconate, Copper Gluconate, Aquaxyl, Panthenol",https://www.sociolla.com/hair-serum/9345-erha-hairgrow-serum-,3/2/2026
P315,Kundal Hair Serum,KUNDAL,Hair Serum,100 ml,Rp161.000 Rp120.750,,https://www.sociolla.com/hair-serum/58011-kundal-hair-serum,3/2/2026
P316,Elseve Glycolic Gloss Acidifer,LOREAL PARIS,Hair Serum,100 ml,Rp109.000,,https://www.sociolla.com/hair-serum/94974-elseve-glycolic-gloss-acidifer,3/2/2026
P317,Serum,LAE SA LUAY,Hair Serum,50ml,Rp137.000 Rp123.300,"KERATIN, CHARCOAL EXTRACT, AQUA, GLYCOL DISTEARATE",https://www.sociolla.com/hair-serum/64113-serum,3/2/2026
P318,ERHAIR Scalperfect Allantoin & Silk Protein Scalp Soothing Serum,ERHA,Hair Serum,30 ml,Rp110.000 Rp96.800,"Allantoin, Hydrolyzed Silk Protein, Piroctone Olamine, Zinc Gluconate, Niacinamide, Salicylic Acid (BHA), Menthol",https://www.sociolla.com/hair-serum/53680-erhair-scalperfect-allantoin-and-silk-protein-scalp-soothing-serum,3/2/2026
P319,Hair Vitamin Moroccan Oil Smooth & Shiny Blister,ELLIPS,Hair Serum,Blister,Rp18.000 Rp16.920,"Moroccan Oil, Aloe Vera Oil, Vitamin A,C,E, Pro Vit B-5",https://www.sociolla.com/hair-serum/28568-hair-vitamin-moroccan-oil-smooth-and-shiny-blister,3/2/2026
P320,Organic Brightening Serum-Tranexamic Peptide Postbiotic,EUCALIE,Hair Serum,20 ml,Rp299.000 Rp239.200,"• Niacinamide Also known as a vitamin B3 which is also an anti-oxidant. Effective to reduce blemishes and brighten the skin and has also been shown to improve skin elasticity, reduce fine lines and hyperpigmentation. • Tranexamic Peptide A more powerful form of Tranexamic that is effective in brighten skin, reduce dark spots, improve skin texture, and protect skin from pollution & environmental damage • Marine Postbiotic Proven clinallly to signifantly reduce dark spots, brighten complexion, protect from pollution, inhibit melanin production, and increase skin's defense mechanism & skin barrier against environmental damage • Organic Phragmites Kharka<.. See More",https://www.sociolla.com/hair-serum/62556-organic-brightening-serum-tranexamic-peptide-postbiotic,3/2/2026
P321,Advisor Vitamax,MAKARIZO,Hair Serum,50 ml,Rp69.900 Rp62.910,"Cyclotetrasiloxane , Cyclopentasiloxane, Dimethiconol, Phenyl Trimethicone, Tocopheryl Acetate, Perfume, Hydrolyzed Silk PG-Propyl , Hydrogenated Soya Bean Oil, Retinyl Palmitate, Ascorbyl Palmitate. Formulated by : Crowne Solution., LLC 720 14th Street Sacramento CA95814",https://www.sociolla.com/hair-serum/28157-advisor-vitamax,3/2/2026
P322,Hair Vitamin Moroccan Oil Nutri Color Blister,ELLIPS,Hair Serum,Blister,Rp18.000 Rp16.920,"Cyclopentasiloxane, Cyclotetrasiloxane, Dimethiconol, Fragrance; Parfum; Aroma, Tocopheryl Acetate, Glycine Soja (Soybean) Oil, Ascorbyl Palmitate (Vitamin C Palmitate), Retinyl Palmitate; Vit A, Helianthus Annuus (Sunflower) Seed Oil, Polysilicone-15, Panthenyl Ethyl Ether, Argania Spinosa (Argan) Kernel Oil, Amodimethicone",https://www.sociolla.com/hair-serum/28579-hair-vitamin-moroccan-oil-nutri-color-blister,3/2/2026
P323,Vitamin Rambut Nutricolor Jar New,ELLIPS,Hair Serum,Jar,Rp121.700 Rp114.398,"Cyclopentasiloxane, Cyclotetrasiloxane, Dimethiconol, Fragrance; Parfum; Aroma, Tocopheryl Acetate, Glycine Soja (Soybean) Oil, Ascorbyl Palmitate (Vitamin C Palmitate), Retinyl Palmitate; Vit A, Helianthus Annuus (Sunflower) Seed Oil, Polysilicone-15, Panthenyl Ethyl Ether, Argania Spinosa (Argan) Kernel Oil, Amodimethicone",https://www.sociolla.com/hair-serum/28578-vitamin-rambut-nutricolor-jar-new,3/2/2026
P324,Real Mary Energizing Scalp Spray,RATED GREEN,Hair Serum,120 ml,Rp225.000 Rp213.750,"Alcohol, Rosmarinus Officinalis (Rosemary) Leaf Water, Glycerin, Water, Methylpropanediol, Rosmarinus Officinalis (Rosemary) Leaf Oil, Menthol, Glycine Soja (Soybean) Seed Extract, Glycine Soja (Black Soybean) Seed Extract, Anthemis Nobilis Flower Extract, Zingiber Officinale (Ginger) Root Extract, Lavandula Angustifolia (Lavender) Extract, Origanum Vulgare Flower/Leaf/Stem Extract, Rosmarinus Officinalis (Rosemary) Extract, Thymus Vulgaris (Thyme) Extr act, Biotin, Melaleuca Alternifolia (Tea Tree) Leaf Oil, Mentha Piperita (Peppermint) Oil, Helianthus Annuus (Sunflower) Seed Oil, Citrus Paradisi (Grapefruit) Fruit Extract, Citrus Limon (Lemon) Peel Oil, Oryza Sativa (Rice) Extract, Sesa.. See More",https://www.sociolla.com/hair-serum/14648-real-mary-energizing-scalp-spray,3/2/2026
P325,Hair Vitamin Moroccan Oil Hair Treatment Blister,ELLIPS,Hair Serum,Blister,Rp18.000 Rp16.920,"Moroccan oil, Jojoba oil, Vitamin A,C,E ,Pro Vit B-5",https://www.sociolla.com/hair-serum/28577-hair-vitamin-moroccan-oil-hair-treatment-blister,3/2/2026
P326,Intensive Scalp Serum,DJAMUJAMU,Hair Serum,45 ml,Rp245.000 Rp208.250,"Tunas Kacang; Kemangi ; Ginseng; Jahe Water, Alcohol, Pisum Sativum Sprout Extract, Ocimum Basilicum Hairy Root Culture Extract, PEG-40 Hydrogenated Castor Oil, Panax Ginseng Root Extract, Menthyl Lactate, Hydroxyethylcellulose, Sodium Benzoate, Zingiber Officinale Root Oil, Salicylic Acid, Santalum Austrocaledonicum Wood Oil",https://www.sociolla.com/hair-serum/74234-intensive-scalp-serum,3/2/2026
P327,Hold My Strands! Hair Fall Treatment Scalp Serum,WONDERLUX,Hair Serum,75ml,Rp185.000 Rp166.500,"Aqua, Butylene Glycol, Tetrasodium, Disuccinoyl Cystine, Propanediol, Ammonium Polyacryloyldimethyl Taurate, Hydroxypropylgluconamide, Niacinamide, Aloe Barbadensis Extract, Oryza Sativa Bran Water, Hydroxypropylammonium Gluconate, Glycerin, Ethanol, Pathenol, Chlorphenesin, Phenoxyethanol, Zingiber Officinale Extract, PPG-26-buteth-26, PEG-40 Hydrogenated Castor Oil, Phyllanthus Emblica Fruit Extract, Bioflavonoids, Glycine, Apigenin, Serine, Glutamic Acid, Oleanolic Acid, Aspartic Acid, Leucine, Biotinoyl Tripeptide-1, Alanine, Lysine, Arginine, Tyrosine, Phenylalanine, Threonine, Proline, Valine, Isoleucine, Histidine",https://www.sociolla.com/hair-serum/82735-hold-my-strands-hair-fall-treatment-scalp-serum,3/2/2026
P328,Grev Peptide Organic Grey Hair Serum untuk Uban,EUCALIE,Hair Serum,30ml,Rp299.000 Rp245.180,"Greyverse, Acetyl Tetrapeptide-3, Trifolium Pratense (Clover) Flower Extract, Organic Castor Oil",https://www.sociolla.com/hair-serum/82739-grev-peptide-organic-grey-hair-serum-untuk-uban,3/2/2026
P329,Set The Oil Free! Sensitive & Oily Care Scalp Serum,WONDERLUX,Hair Serum,75ml,Rp135.000 Rp121.500,"aqua, Caprylic/Capric Triglyceride, Lactobacillus ferment, butylene glycol, Lactococcus ferment, Saccharomyces ferment, PROPANEDIOL, Maltodextrin, Farnesyl acetate, Farnesol, Panthenyl triacetate, Panthenol, chlorphenesin, Phenoxyethanol, Polyacrylate Crosspolymer-6, Propylene Glycol, 1,2-hexanediol, schinus terebinthifolius seed extract, Pelvetia canaliculata extract, Aloe Barbadensis Extract, Laminaria Digitata Extract, ceramide 3, Glycine, Tocopherol, Parfum, apium graveolens seed extract, Serine, Glutamic Acid, Aspartic Acid, Leucine, Alanine, Lysine, Arginine, Tyrosine, phenylalanine, Threonine, Proline, Valine, Isoleucine, Histidine",https://www.sociolla.com/hair-serum/78250-set-the-oil-free-sensitive-and-oily-care-scalp-serum,3/2/2026
P330,Honey Dew Restructuring Serum,MAKARIZO PROFESSIONAL,Hair Serum,5 ml,Rp104.200 Rp85.444,"Lauryl Alcohol, Myristyl Alcohol, Cetrimonium Chloride, Propylene Glycol, Dimethicone Copolyol, Diglycerin, Panthenyl Ethyl Ether, Alcohol; Ethanol, Sodium PCA, Sodium Lactate, Arginine, Aspartic Acid, PCA, Glycine, Alanine, Serine, Valine, Proline, Threonine, Isoleucine, Histidine, Phenylalanine, CI 42090; BLUE NO. 1 BLUE NO. 4, Fragrance; Parfum; Aroma, Aqua/Water",https://www.sociolla.com/hair-serum/28184-honey-dew-restructuring-serum,3/2/2026
P331,CBD Bio+Peptide Cmplx Serum 10,CBD PROFESSIONAL,Hair Serum,10ml,Rp45.000 Rp33.750,,https://www.sociolla.com/hair-serum/90016-cbd-bio-peptide-cmplx-serum-10,3/2/2026
P332,Ciara Hair Perfector Protein Cream,CIARA,Hair Serum,60g,Rp115.000 Rp86.250,,https://www.sociolla.com/hair-serum/85953-ciara-hair-perfector-protein-cream,3/2/2026
P333,Wonder Pic,LA'DOR,Hair Mist,100 ml,Rp170.000 Rp127.500,,https://www.sociolla.com/hair-mist/56918-lador-wonder-pic,3/2/2026
P334,Peony Mist,GRACE AND GLOW,Hair Mist,100 ml,Rp61.813,,https://www.sociolla.com/hair-mist/69347-peony-mist,3/2/2026
P335,Daisy Hair Vitamin Mist,GRACE AND GLOW,Hair Mist,100 ml,Rp61.813,,https://www.sociolla.com/hair-mist/69343-daisy-hair-vitamin-mist,3/2/2026
P336,Hair Mist Sweet&Silky,ELLIPS,Hair Mist,100ml,Rp34.000 Rp31.620,,https://www.sociolla.com/hair-mist/78052-ellips-hair-mist-sweet-and-silky-100ml,3/2/2026
P337,Hair Mist,TUMBUH LAB,Hair Mist,100ml,Rp130.000,"Rosewater, Rosemary Essential Oil, Green Tea Essential Oil, Ylang Ylang Essential Oil, Cedarwood Essential Oil",https://www.sociolla.com/hair-mist/75452-hair-mist,3/2/2026
P338,Hair Mist Fresh & Smooth,ELLIPS,Hair Mist,100ml,Rp34.000 Rp31.620,,https://www.sociolla.com/hair-mist/78053-ellips-hair-mist-fresh-and-smooth-100ml,3/2/2026
P339,HMNS Nourishing Hair Perfume Another Rose,HMNS,Hair Mist,250 ml,Rp195.000 Rp185.250,"Alcohol, Water, Fragrance, PEG-40 Hydrogenated Castor Oil, PEG-12 Dimethicone, Trehalose, Glycerine, Propylene Glycol, Phenoxyethanol.",https://www.sociolla.com/hair-mist/91685-hmns-nourishing-hair-perfume-another-rose,3/2/2026
P340,HMNS Nourishing Hair Perfume Darker Shade O,HMNS,Hair Mist,250 ml,Rp195.000 Rp185.250,"Alcohol, Water, Fragrance, PEG-40 Hydrogenated Castor Oil, PEG-12 Dimethicone, Trehalose, Glycerine, Propylene Glycol, Phenoxyethanol.",https://www.sociolla.com/hair-mist/91687-hmns-nourishing-hair-perfume-darker-shade-o,3/2/2026
P341,Hair Mistion! Enchanted Floral,WONDERLUX,Hair Mist,50 ml,Rp75.000 Rp71.250,"Water, Trideceth-9, Fragnance (Parfum) Components and Finished Fragrance, PEG-40 Hydrogenated Castor Oil, Propanediol, Phenoxyethanol, Caprylic/Capric Triglyceride, Ethoxydiglycol, Pentaclethra Macroloba Seed oil, Polysorbate 20, Sodium PCA, Chlorphenesin, D-Panthenol, Disodium EDTA, o-Cymen-5-OL, Hydroxypropyl Gluconamide, Hydroxypropyl Ammonium Gluconate, Polyquaternium-7, Glycerin, Magnolia Officinalis Bark Extract, Zingiber Officinale Root Extract, Hydrolyzed Jojoba Esters, Tartaric Acid, Benzyl Alcohol, Sodium Benzoate, Potassium Sorbate",https://www.sociolla.com/hair-mist/87297-enchanted-floral-smooth-nourishment-hair-mist,3/2/2026
P342,Keratin Layered Oil Mist,LA'DOR,Hair Mist,130ml,Rp230.000 Rp184.000,"Water, Siklopentasiloksan, Sikloheksasiloksan, C12-15 Alkil Benzoat, Coco- caprilat/caprate, Parfum, Alkohol, Argania Spinosa Kernel Oil (Minyak Argan), Sodium Benzoat, Sodium Klorida, Tokoferol Asetat, Etilheksilgliserin, Persea Gratissima Oil (Minyak Alpukat), Elastin Terhidrolisis, Butilen Glikol, Hexyl cinnamal, Limonene, Asam Sitrat, Disodium EDTA, Keratin Terhidrolisis, Sodium Sitrat, Ethylhexyl methoxycinnamate, 1,2-hexanediol, Hydroxycitronellal, Alpha-isomethyl ionone, Ekstrak Daun Melia Azadirachta (Mindi), Silk Terhidrolisis, Ekstrak Bunga Melia Azadirachta (Mindi), Citronellol, Linalool, Ekstrak Buah Coccinia indica (Kemarungan), Phenoxyethanol, Geraniol, Ekstrak Bung..",https://www.sociolla.com/hair-mist/83394-keratin-layered-oil-mist,3/2/2026
P343,"WonderMist! Hair, Body and Everything Mist",ROLLOVER REACTION,Hair Mist,Variant Neroli+iris,Rp169.000,"Heat protectant agent, anti pollution agent, hyaluronic acid, argan oil, honey, anti uv agent",https://www.sociolla.com/hair-mist/87617-wondermist-hair-body-and-everything-mist,3/2/2026
P344,Dreamy Hour Perfume Hair Vitamin Mist,HAIROIC,Hair Mist,50gr,Rp28.000 Rp12.600,,https://www.sociolla.com/hair-mist/91175-dreamy-hour-perfume-hair-vitamin-mist,3/2/2026
P345,[EXCLUSIVE] Makarizo Hair Energy Scentsations Hair Fragrance,MAKARIZO,Hair Mist,100ml,Rp68.800 Rp50.912 - Rp54.352,"Alcohol, Aqua, Parfum, PEG-40 Hydrogenated Castor Oil, Soyethyl Morpholinium Ethosulfate, PEG-12 Dimethicone, Panthenyl Ethyl Ether, Phytantriol, Tocopheryl Acetate, Benzophenone-4, Glycine Soja Oil, Niacinamide, Aesculus Hippocastanum Seed Extract, Yeast Extract, Ammonium Glycyrrhizate, Retinyl Palmitate, Panthenol, Zinc Gluconate, Caffeine, Ascorbyl Palmitate, Biotin",https://www.sociolla.com/hair-mist/88553-exclusive-makarizo-hair-energy-scentsations-hair-fragrance,3/2/2026
P346,SPRAYED 3 in 1 Hair Spray - Hair Sanitizer | Hair Mist | Quick Dry Hair Spray,HANDDUK BY TODAY,Hair Mist,100 ml,Rp76.590 - Rp154.290,"Alcohol, Cyclopentasiloxane, Cyclohexasiloxane, PEG-8, PEG-32, Perfume, PVP, Moringa Oleifera Seed Oil.",https://www.sociolla.com/hair-mist/69256-sprayed-3-in-1-hair-spray,3/2/2026
P347,Perfect Day Perfume Hair Vitamin Mist,HAIROIC,Hair Mist,50gr,Rp28.000 Rp12.600,,https://www.sociolla.com/hair-mist/91176-perfect-day-perfume-hair-vitamin-mist,3/2/2026
P348,Euphoria Hair Perfume Hair Vitamin Mist,HAIROIC,Hair Mist,50gr,Rp28.000 Rp12.600,,https://www.sociolla.com/hair-mist/91177-euphoria-hair-perfume-hair-vitamin-mist,3/2/2026
P349,Volumize & Textured Hair Perfume,HAIRMONY,Hair Mist,Variant Magnificent Daydream,Rp79.000 Rp56.090 - Rp63.200,"Magnificent: Aqua, Ethanol, Glycerin, Butylene Glycol, PEG-40 Hydrogenated Castor Oil, Propylene Glycol, Parfum, Betaine, Phenoxyethanol, Hydrolyzed Keratin, Aloe Barbadensis Leaf Extract, Panthenol, Disodium EDTA, Camellia Sinensis Leaf Extract, PEG-12 Dimethicone, Caprylyl Glycol, CI 14720, Methylparaben, Ethylparaben. Daydream: Aqua, Ethanol, Glycerin, Butylene Glycol, PEG-40 Hydrogenated Castor Oil, Propylene Glycol, Betaine, Parfum, Phenoxyethanol, Hydrolyzed Keratin, Aloe Barbadensis Leaf Extract, Panthenol, Disodium EDTA, Camellia Sinensis Leaf Extract, PEG-12 Dimethicone, Caprylyl Glycol, Sodium Chloride, CI 19140, Dextrin, CI 14720, ..",https://www.sociolla.com/hair-mist/88798-volumize-and-textured-hair-perfume,3/2/2026
P350,Hair Energy Scentsations Hair Fragrance,MAKARIZO,Hair Mist,100 ml,Rp17.300 - Rp38.400 Rp14.186 - Rp32.256,,https://www.sociolla.com/hair-mist/28154-hair-energy-scentsations-hair-fragrance,3/2/2026
P351,Hair Mistion! Eternal Bloom,WONDERLUX,Hair Mist,50 ml,Rp75.000 Rp71.250,"Water, Trideceth-9, Fragnance (Parfum) Components and Finished Fragrance, PEG-40 Hydrogenated Castor Oil, Propanediol, Phenoxyethanol, Caprylic/Capric Triglyceride, Ethoxydiglycol, Pentaclethra Macroloba Seed oil, Polysorbate 20, Sodium PCA, Chlorphenesin, D-Panthenol, Disodium EDTA, o-Cymen-5-OL, Hydroxypropyl Gluconamide, Hydroxypropyl Ammonium Gluconate, Polyquaternium-7, Glycerin, Magnolia Officinalis Bark Extract, Zingiber Officinale Root Extract, Hydrolyzed Jojoba Esters, Tartaric Acid, Benzyl Alcohol, Sodium Benzoate, Potassium Sorbate",https://www.sociolla.com/hair-mist/87300-eternal-bloom-smooth-nourishment-hair-mist,3/2/2026
P352,Silky & Protect Care Hair Mist,GRACE AND GLOW,Hair Mist,100 ml,Rp61.813,"Aqua/Water, Glycerin, PEG-40 Hydrogenated Castor Oil, Fragrance; Parfum; Aroma, Phenoxyethanol, Silk Extract, Chlorphenesin, Panthenol; Dexpanthenol, Ethylhexylglycerin, Disodium EDTA, Butylene Glycol, Propylene Glycol, Anthemis Nobilis Flower Extract, Sclerocarya Birrea Fruit Extract, Butyrospermum Parkii (Shea) Butter, Olea Europaea (Olive) Fruit Oil, Helianthus Annuus (Sunflower) Seed Oil, Hydroxyacetophenone, Calendula Officinalis Flower Extract, Hydrolyzed Keratin",https://www.sociolla.com/hair-mist/69344-silky-hair-mist,3/2/2026
P353,Kelaya Hair Revitalizer,KELAYA,Hair Mist,100 ml,Rp42.000 Rp36.960,"Alcohol, Aqua, Fragrance (Parfum) Components and Finished Fragrances, PEG 40 Hydrogenate Castor Oil, Sodium PCA, Betaine, Ethylhexyl Methoxycinnamate, Hexamethylindanopyran, Lactobacillus/Ginseng Root Ferment Filtrate, Benzophenone-4",https://www.sociolla.com/hair-mist/88877-kelaya-hair-revitalizer,3/2/2026
P354,Collagen Repair Hair Serum 100ml,CBD PROFESSIONAL,Hair Serum,100ml,Rp106.500 Rp78.810,"Cyclopentasiloxane, Isohexadecane, Dimethiconol, Dimethicone, Caprylic/Capric Triglyceride, Isopropyl Myristate, Perfume, Aqua, Carthamus Tinctorius Seed Oil, Rubus Idaeus Fruit Extract, Hydrolyzed Collagen, Phenoxyethanol",https://www.sociolla.com/hair-serum/76003-collagen-repair-hair-serum-100ml,3/2/2026
P355,Coconut Milk Hair Serum,BEAMARRY NEW YORK,Hair Serum,110ml,Rp283.949 Rp184.567,"CYCLOPENTASILOXANEISODODECANE ETHYLHEXYL PALMITATE, DIMETHICONOL DIMETHICONE PARFUM, OLEA EUROPAEA JOLIVE FRUIT OIL ARGANIA SPINOSA KERNEL OIL ORBIGNYA OLEIFERA SEED OIL, TOCOPHERYL ACETATE, Ci 15985, SIMMONDSIA CHINENSIS (JOJOBA) SEED OIL BUTYROSPERMUM PARKII (SHEA BUTTER), VITIS VINIFERA (GRAPE) SEED OIL, PRUNUS AMYGDALUS DULCIS (SWEET ALMOND) OIL, KERATIN, HYDROLYZED KERATIN, OXIDIZED KERATIN",https://www.sociolla.com/hair-serum/85240-coconut-milk-hair-serum,3/2/2026
P356,Hair Vitamin Moroccan Oil Vitality Blister,ELLIPS,Hair Serum,Blister,Rp18.000 Rp16.920,"Moroccan Oil, Ginseng and Honey Oil ,Vitamin A,C,E & Pro Vit B-5",https://www.sociolla.com/hair-serum/28586-hair-vitamin-moroccan-oil-vitality-blister,3/2/2026
P357,TRESEMME Keratin Smooth Keratinbond+ No 4 Serum,TRESEMMÉ,Hair Serum,100 ml,Rp210.050,"Cyclopentasiloxane, Cyclohexasiloxane, Dimethiconol, Phenyl Trimethicone, Perfume, Aminopropyl Dimethicone, Dimethicone Crosspolymer, Cyclomethicone, Sclerocarya Birrea Seed Oil, Glycine Soja (Soybean) Phytoplacenta Extract",https://www.sociolla.com/hair-serum/73476-tresemme-keratin-smooth-keratinbond-no-4-serum,3/2/2026
P358,Lador Dermatical Active Ampoule,LA'DOR,Hair Serum,250ml,Rp385.000 Rp308.000,,https://www.sociolla.com/hair-serum/59449-lador-dermatical-active-ampoule,3/2/2026
P359,MK3 Restructuring Serum Bottle,MAKARIZO PROFESSIONAL,Hair Serum,50ml,Rp301.400 Rp226.050,"Aqua, Diglycerin, PEG-40 Hydrogenated Castor Oil, Parfum, Polyquaternium-47, Cetrimonium Chloride, Phenoxyethanol, Panthenol, Actinidia Chinensis (Kiwi) Fruit Extract, Ethylhexylglycerin, Sodium PCA, Sodium Lactate, Arginine, Tetrasodium EDTA, Aspartic Acid, PCA, Sodium Benzoate, Cocos Nucifera Oil, Ethyl Macadamiate, Glycine, Alanine, Serine, Valine, Isoleucine, Proline, Threonine, Histidine, Phenylalanine, Tocopherol, CI 42090.",https://www.sociolla.com/hair-serum/84323-mk3-restructuring-serum-bottle,3/2/2026
P360,Drop Dead Growgeous! Densifying Hair Scalp Serum,WONDERLUX,Hair Serum,75ml,Rp185.000 Rp166.500,"aqua, BUTYLENE GLYCOL, 2,4-diamino-pyrimidine-3-oxide (cas no 74638-76-9)), ammonium polyacryloyldimethyl taurate, Niacinamide, PROPANEDIOL, ORYZA SATIVA BRAN WATER, Glycerin, Panthenol, zingiber officinale extract, Phenoxyethanol, chlorphenesin, nasturtium officinale flower/leaf extract, ppg-26-buteth-26, PEG-40 Hydrogenated Castor Oil, Aloe Barbadensis Extract, Pisum Sativum Sprout Extract, Sodium Benzoate, magnesium ascorbyl phosphate, Hydrolyzed corn protein, Glycine, Apigenin, adenosine, SERINE, Glutamic Acid, oleanolic acid, Aspartic Acid, Leucine Active Ingredient 0.00071, Biotinoyl Tripeptide-1, Alanine, Arginine, tyrosine, phenylalanine, Threonine, Proline, valine, isoleucine, ca.. See More",https://www.sociolla.com/hair-serum/78251-drop-dead-growgeous-densifying-hair-scalp-serum,3/2/2026
P361,5In1 Hair Vitamin Milkshake,ELLIPS,Hair Serum,45ml,Rp59.200 Rp55.648,"Aqua, Dimethicone / Vinyl Dimethicone Crosspolymer, Cyclopentasiloxane, Phenyl Trimethicone, Cetrimonium Chloride, Isopropyl Alcohol, Cocamide DEA, PEG-8, Fragrance, C12-14 Pareth-12, Sodium Chloride, Polyquaternium-16, DMDM Hydantoin, Cyclotetrasiloxane, Methylparaben, Panthenol, Lactic Acid, Chlorphenesin, Phenoxyethanol, Phenyl Trimethicone, Hydrolyzed Wheat Protein, Benzoic Acid, C12-15 Alkyl Benzoate, Dimethiconol, Dimethicone Crosspolymer, Hydrolyzed Wheat Starch, Benzophenone-4, Potassium Sorbate, Hydrolyzed Milk Protein, Butylene Glycol, Ethylparaben, Propylparaben, Butylparaben",https://www.sociolla.com/hair-serum/77149-5in1-hair-vitamin-milkshake,3/2/2026
P362,Detangling Perfume Hair Mist,RATED GREEN,Hair Serum,1 L,Rp169.000 Rp143.650 - Rp160.550,"#1 Lemon, Freesia, dan Musk yang lembut dan segar. Water, Rosmarinus Officinalis (Rosemary) Leaf Water, Butylene Glycol, Pentylene Glycol, Chlorella Vulgaris Extract, Glycine Soja (Soybean) Seed Extract, Cocos Nucifera (Coconut) Fruit Extract, Cynanchum Atratum Extract, Althaea Rosea Flower Extract, Octyldodeceth-16, PEG-60 Hydrogenated Castor Oil, 1,2-Hexanediol, Glycerin, Methylpropanediol, Polyquaternium-11, Ethylhexylglycerin, Glucose, Fructooligosaccharides, Fructose, Panthenol, Cetrimonium Chloride, Citric Acid, Sodium Citrate, Octanediol, Tocopherol, Alcohol Denat., Fragrance(Parfum), Linalool, Hexyl Cinnamal, Alpha- Isomethyl Ionone, Limonene, Citronellol, Geraniol, Benzyl Sali.. See More",https://www.sociolla.com/hair-serum/80044-detangling-perfume-hair-mist,3/2/2026
P363,Real Grow Anti-Hair Loss Stimulating Scalp Spray,RATED GREEN,Hair Serum,120 ml,Rp235.000 Rp188.000,"Rosmarinus Officinalis (Rosemary) Leaf Water, Water, Alcohol, Dipropylene Glycol, Glycerin, Methylpropanediol, Rosmarinus Officinalis (Rosemary) Leaf Oil, Pinus Sylvestris Leaf Oil, Glycine Soja (Soybean) Seed Extract, Citrus Aurantium Dulcis (Orange) Peel Oil, Cocos Nucifera (Coconut) Fruit Extract, Octyldodeceth-16, 1,2-Hexanediol, Menthol, Salicylic Acid, Panthenol, Tromethamine, Zinc Lactate, Ethylhexylglycerin, Pentylene Glycol, Butylene Glycol, Octanediol, Biotin, Hydrogenated Lecithin, Polyglyceryl-10 Stearate, Sodium Ascorbyl Phosphate, Tocopheryl Acetate, Glyceryl Arachidonate, Glyceryl Linolenate, Retinyl Palmitate, Caffeine, Limonene, Linalool, Geranio",https://www.sociolla.com/hair-serum/56919-real-grow-anti-hair-loss-stimulating-scalp-spray,3/2/2026
P364,Makarizo VitaGlitz Hair Serum,MAKARIZO,Hair Serum,Variant Shine Reflect Enhancer Strength Booster Revitalizing Care,Rp19.700 Rp16.154,"Cyclotetrasiloxane, Cyclopentasiloxane, Dimethiconol, Phenyl Trimethicone, Parfum, Helianthus Annuus Seed Oil, Polysilicone-15, Glycine Soja Oil, Honey Extract, Actinidia Chinensis Fruit Extract, Tocopheryl Acetate, Hydrolyzed Silk Pg-Propyl Methylsilanediol Crosspolymer, Panthenyl Ethyl Ether, Retinyl Palmitate, Ascorbyl Palmitate, CI 60725.",https://www.sociolla.com/hair-serum/87790-makarizo-vitaglitz-hair-serum,3/2/2026
P365,TRESemmé Color Vibrancy Serum,TRESEMMÉ,Hair Serum,100ml,Rp210.050,"Cyclopentasiloxane, Cyclohexasiloxane, Dimethiconol, Phenyl Trimethicone, Perfume, Aminopropyl Dimethicone, Dimethicone Crosspolymer, Cyclomethicone, Sclerocarya Birrea Seed Oil, Glycine Soja (Soybean) Phytoplacenta Extract",https://www.sociolla.com/hair-serum/84021-tresemme-color-vibrancy-serum,3/2/2026
P366,Scalp Care Organic Hair Serum,EUCALIE,Hair Serum,30ml,Rp259.000 Rp212.380,"Aqua, Methyl Propanediol, Panthenol, Pseudoalteromonas Ferment Extract, Sorbitan Caprylate, Sodium Lactate, Propanediol, Benzoic Acid, Disodium Edta, Mentha Piperita Oil *, Melaleuca Alternifolia Leaf Oil *, Sodium Citrate, Phragmites Karka Extract, Poria Cocos Extract, Citric Acid, Sodium Benzoate, Sodium Salicylate.",https://www.sociolla.com/hair-serum/94068-eucalie-scalp-care-organic-hair-serum,3/2/2026
P367,Real Argan Smoothing Hair Serum,RATED GREEN,Hair Serum,150ml,Rp289.000 Rp260.100,"Cyclopentasiloxane, Dimethiconol, Dimethicone, Argania Spinosa Kernel Oil, C12-15 Alkyl Benzoate, Water, Glycolipids, Alcohol Denat., Fragrance (Parfum)",https://www.sociolla.com/hair-serum/69202-real-argan-smoothing-hair-serum,3/2/2026
P368,Perfect Serum Super Rich,MISE EN SCÈNE,Hair Serum,80ml,Rp179.000 Rp161.100,"INGREDIENTS : CYCLOPENTASILOXANE, DIMETHICONOL, DISILOXANE, ISODODECANE, C12-15 ALKYL BENZOATE, COCOS NUCIFERA (COCONUT) OIL, FRAGRANCE / PARFUM, ARGANIA SPINOSA KERNEL OIL, CAMELLIA JAPONICA SEED OIL, COCO-CAPRYLATE/CAPRATE, LINALOOL, BENZYL BENZOATE, PRUNUS ARMENIACA (APRICOT) KERNEL OIL, OLEA EUROPAEA (OLIVE) FRUIT OIL, SIMMONDSIA CHINENSIS (JOJOBA) SEED OIL, CITRONELLOL, GERANIOL, ALPHA-ISOMETHYL IONONE, COUMARIN, HEXYL CINNAMAL, ACRYLATES/POLYTRIMETHYLSILOXYMETHACRYLATE COPOLYMER, HYDROXYCITRONELLAL, GLYCOLIPIDS, SCLEROCARYA BIRREA SEED OIL",https://www.sociolla.com/hair-serum/84162-perfect-serum-super-rich,3/2/2026
P369,Pomelo Hair Tonic,COCOON,Hair Serum,140ml,Rp120.000 Rp114.000,"Water, Isododecane, C15-19 Alkane, Glycerin, Citrus Grandis Peel Oil, Xylitylglucoside, Anhydroxylitol, Maltitol, Xylitol, Pelvetia Canaliculata Extract, Propanediol, Arginine, Lactic Acid, Glycine Soja Germ Extract, Triticum Vulgare Germ Extract, Scutellaria Baicalensis Root Extract, Bisabolol, Gluconolactone, Calcium Gluconate, Panthenol, Betaine, Citrus Aurantium Dulcis Peel Oil, Mentha Piperita Oil, Sodium Polyacrylate Starch, Glycereth-26, Phenyl Trimethicone, Caprylyl Methicone, Trisodium Ethylenediamine Disuccinate, Ethyhexylglycerin, Bht, Phenoxyethanol, Sodium Benzoate.",https://www.sociolla.com/hair-serum/75608-pomelo-hair-tonic,3/2/2026
P370,Extraordinary Oil Pink Hair Serum,LOREAL PARIS,Hair Serum,100 ml,Rp184.000,"AQUA / WATER,SODIUM LAURETH SULFATE,COCO-BETAINE,COCAMIDE MIPA,SODIUM CHLORIDE,CI 17200 / RED 33,COCOS NUCIFERA OIL / COCONUT OIL,LACTIC ACID,TOCOPHEROL,SODIUM BENZOATE,HYDROXYCITRONELLAL,HYDROLYZED SILKSODIUM ACETATESODIUM HYDROXIDE,PPG-5-CETETH-20, PEG-55 PROPYLENE GLYCOL OLEATE,POLYQUATERNIUM-10,SALICYLIC ACID,BENZYL SALICYLATE,BENZYL ALCOHOL,LINALOOL,LINUM USITATISSIMUM,FLOWEREXTRACT /LINSEED FLOWER EXTRACT,AMODIMETHICONE,PROPYLENE GLYCOL,ISOPROPYL ALCOHOL,CAPRYLIC/CAPRIC TRIGLYCERIDE,GERANIOL,GARDENIA TAHITENSIS FLOWER EXTRACT,ROSA CANINA FLOWER EXTRACT,DISODIUM EDTA,CITRIC ACID,CITRONELLOL,LAURETH-5 CARBOXYLIC ACID,HEXYL CINNAMAL,GLYCOLIC ACID,PARFUM / FRAGRANCE",https://www.sociolla.com/hair-serum/8691-extraordinary-oil-pink,3/2/2026
P371,Marula Oil Hair Serum,DANCOLY,Hair Serum,60 ml,Rp309.000 Rp275.010,"helianthus annuus (sunflower) seed oil, cyclopentasiloxane, dimethicone/silsesquioxane copolymer, marula oil, macadamie ternifolia seed oil, parfum/fragrance.",https://www.sociolla.com/hair-serum/52711-marula-oil-hair-serum,3/2/2026
P372,Honey Dew Nutriv Serum Dusset,MAKARIZO PROFESSIONAL,Hair Serum,5 ml,Rp104.200 Rp85.444,"Cyclopentasiloxane, Cyclohexasiloxane, Dimethiconol, Dimethicone, Vegetable Oil; Olus Oil, Honey, Tocopheryl Acetate, Fragrance; Parfum; Aroma, Polysilicone-15, Hydrogenated Soybean Oil, CI 14700; RED 4, Retinyl Palmitate; Vit A, CI 26100; RED 17; SOLVENT RED 23, Ascorbyl Palmitate (Vitamin C Palmitate)",https://www.sociolla.com/hair-serum/28182-honey-dew-nutriv-serum-dusset,3/2/2026
P373,TRESemmé Bond Repair Serum,TRESEMMÉ,Hair Serum,100ml,Rp210.050,"Cyclopentasiloxane, Cyclohexasiloxane, Dimethiconol, Phenyl Trimethicone, Perfume, Aminopropyl Dimethicone, Dimethicone Crosspolymer, Cyclomethicone, Sclerocarya Birrea Seed Oil, Glycine Soja (Soybean) Phytoplacenta Extract.",https://www.sociolla.com/hair-serum/84020-tresemme-bond-repair-serum,3/2/2026
P374,Vitamin Rambut Hair Treatment Jar New,ELLIPS,Hair Serum,Jar,Rp121.700 Rp113.181,"Moroccan oil, Jojoba oil, Vitamin A,C,E ,Pro Vit B-5",https://www.sociolla.com/hair-serum/28576-vitamin-rambut-hair-treatment-jar-new,3/2/2026
P375,Calm it Down! Sensitive & Dry Care Scalp Serum,WONDERLUX,Hair Serum,75ml,Rp135.000 Rp121.500,"aqua, Lactobacillus ferment, BUTYLENE GLYCOL, Lactococcus ferment, Saccharomyces ferment, PROPANEDIOL Maltodextrin, Panthenol, chlorphenesin, Phenoxyethanol, Polyacrylate Crosspolymer-6, madecassoside, Propylene Glycol, 1,2-hexanediol schinus terebinthifolius seed extract, glycerin, pelvetia canaliculata extract, pogostemon cablin leaf extract, Aloe Barbadensis Extract, Laminaria Digitata Extract, ceramide 3, Glycine, SERINE, Glutamic Acid, Aspartic Acid, Leucine, Alanine, Lysine, Arginine, Tyrosine, Phenylalanine, Threonine, Proline, Valine, Isoleucine, histidine",https://www.sociolla.com/hair-serum/79840-calm-it-down-sensitive-and-dry-care-scalp-serum,3/2/2026
P376,Keratin Protein Hair Serum,BEAMARRY NEW YORK,Hair Serum,110 ML,Rp283.949 Rp184.567,"CYCLOPENTASILOXANEISODODECANE ETHYLHEXYL PALMITATE, DIMETHICONOL DIMETHICONE PARFUM, OLEA EUROPAEA JOLIVE FRUIT OIL ARGANIA SPINOSA KERNEL OIL ORBIGNYA OLEIFERA SEED OIL, TOCOPHERYL ACETATE, Ci 15985, SIMMONDSIA CHINENSIS (JOJOBA) SEED OIL BUTYROSPERMUM PARKII (SHEA BUTTER), VITIS VINIFERA (GRAPE) SEED OIL, PRUNUS AMYGDALUS DULCIS (SWEET ALMOND) OIL, KERATIN, HYDROLYZED KERATIN, OXIDIZED KERATIN",https://www.sociolla.com/hair-serum/85244-keratin-protein-hair-serum,3/2/2026
P377,ERHAIR HairGrow Kopexil & Panax Ginseng Extract Serum Twin Pack,ERHA,Hair Serum,Quantity,Rp512.960,"Kopexil™, Biotin, Niacinamide, Arginine, Castor Oil, Zinc Gluconate, Copper Gluconate, Aquaxyl, Panthenol",https://www.sociolla.com/hair-serum/88969-erhair-hairgrow-kopexil-and-panax-ginseng-extract-serum-twin-pack,3/2/2026
P378,Ultimate Repair Hair Serum,BEAMARRY NEW YORK,Hair Serum,110ml,Rp283.949 Rp184.567,"CYCLOPENTASILOXANE, ISODODECANE ETHYLHEXYL PALMITATE, DIMETHICONOL, DIMETHICONE PARFUM, OLEA EUROPAEA (OLIVE) FRUIT OIL, ARGANIA SPINOSA KERNEL OIL, ORBIGNYA OLEIFERA SEED OIL TOCOPHERYL ACETATE, COCOS NUCIFERA (COCONUT OIL MILK EXTRACT. SIMMONDSIA CHINENSIS (JOJOBA) SEED OIL BUTVROSPERMUM PARKILISHEA BUTTER HELIANTHUS ANNUUS (SUNFLOWER) SEED OIL, BUTYL AVOCADATE",https://www.sociolla.com/hair-serum/85237-ultimate-repair-hair-serum,3/2/2026
P379,L’Oreal Paris Elseve Aminexil (Fall Resist Serum Anti Hair-Fall),LOREAL PARIS,Hair Serum,102ml,Rp149.000,,https://www.sociolla.com/hair-serum/93866-l-oreal-paris-elseve-aminexil-fall-resist-serum-anti-hair-fall,3/2/2026
P380,Hair Vitamin Pro - Keratin Silky Black Blister,ELLIPS,Hair Serum,Blister,Rp16.016 Rp15.055,,https://www.sociolla.com/hair-serum/28602-hair-vitamin-pro-keratin-silky-black-blister,3/2/2026
P381,Hair Vitamin Pro - Keratin Smooth & Silky Blister,ELLIPS,Hair Serum,Blister,Rp18.000 Rp16.920,"Cyclopentasiloxane, Cyclotetrasiloxane, Dimethiconol, Fragrance; Parfum; Aroma, Tocopheryl Acetate, Glycine Soja (Soybean) Oil, Ethylhexyl Methoxycinnamate; Octinoxate, Panthenyl Ethyl Ether, Aloe Barbadensis Leaf Extract, Retinyl Palmitate; Vit A, Caprylic/Capric Triglyceride, Ascorbyl Palmitate (Vitamin C Palmitate), Pistacia Lentiscus (Mastic) Gum, BHT (Butylated hydroxytoluene)",https://www.sociolla.com/hair-serum/28600-hair-vitamin-pro-keratin-smooth-and-silky-blister,3/2/2026
P382,Serum Original,MISE EN SCÈNE,Hair Serum,80ml,Rp179.000 Rp161.100,"INGREDIENTS : CYCLOPENTASILOXANE, DIMETHICONOL, DISILOXANE, C12-15 ALKYL BENZOATE, FRAGRANCE / PARFUM, ARGANIA SPINOSA KERNEL OIL, SIMMONDSIA CHINENSIS (JOJOBA) SEED OIL, COCOS NUCIFERA (COCONUT) OIL, LIMONENE, PRUNUS ARMENIACA (APRICOT) KERNEL OIL, SCLEROCARYA BIRREA SEED OIL, OLEA EUROPAEA (OLIVE) FRUIT OIL, CAMELLIA JAPONICA SEED OIL, COCO-CAPRYLATE/CAPRATE, LINALOOL, CITRONELLOL, CAPRYLIC/CAPRIC TRIGLYCERIDE, GERANIOL, CAPSICUM ANNUUM EXTRACT, BETA-CAROTENE, TOCOPHEROL, GLYCOLIPIDS",https://www.sociolla.com/hair-serum/83501-serum-original,3/2/2026
P383,Serum Styling,MISE EN SCÈNE,Hair Serum,80ml,Rp179.000 Rp161.100,"INGREDIENTS : CYCLOPENTASILOXANE, DIMETHICONOL, DISILOXANE, ISODODECANE, C12-15 ALKYL BENZOATE, COCOS NUCIFERA (COCONUT) OIL, FRAGRANCE / PARFUM, ARGANIA SPINOSA KERNEL OIL, CAMELLIA JAPONICA SEED OIL, COCO-CAPRYLATE/CAPRATE, LINALOOL, BENZYL BENZOATE, PRUNUS ARMENIACA (APRICOT) KERNEL OIL, OLEA EUROPAEA (OLIVE) FRUIT OIL, SIMMONDSIA CHINENSIS (JOJOBA) SEED OIL, CITRONELLOL, GERANIOL, ALPHA-ISOMETHYL IONONE, COUMARIN, HEXYL CINNAMAL, ACRYLATES/POLYTRIMETHYLSILOXYMETHACRYLATE COPOLYMER, HYDROXYCITRONELLAL, GLYCOLIPIDS, SCLEROCARYA BIRREA SEED OIL",https://www.sociolla.com/hair-serum/83498-serum-styling,3/2/2026
P384,Hair Vitamin Pro - Keratin Hair Repair Blister,ELLIPS,Hair Serum,Blister,Rp18.000 Rp16.920,,https://www.sociolla.com/hair-serum/28597-hair-vitamin-pro-keratin-hair-repair-blister,3/2/2026
P385,ERHAIR HairGrow Kopexil & Panax Ginseng Extract Serum,ERHA,Hair Serum,8 ml,Rp315.500,"Kopexil™, Biotin, Niacinamide, Arginine, Castor Oil, Zinc Gluconate, Copper Gluconate, Aquaxyl, Panthenol",https://www.sociolla.com/hair-serum/9345-erha-hairgrow-serum-,3/2/2026
P386,Kundal Hair Serum,KUNDAL,Hair Serum,100 ml,Rp161.000 Rp120.750,,https://www.sociolla.com/hair-serum/58011-kundal-hair-serum,3/2/2026
P387,Elseve Glycolic Gloss Acidifer,LOREAL PARIS,Hair Serum,100 ml,Rp109.000,,https://www.sociolla.com/hair-serum/94974-elseve-glycolic-gloss-acidifer,3/2/2026
P388,Serum,LAE SA LUAY,Hair Serum,50ml,Rp137.000 Rp123.300,"KERATIN, CHARCOAL EXTRACT, AQUA, GLYCOL DISTEARATE",https://www.sociolla.com/hair-serum/64113-serum,3/2/2026
P389,ERHAIR Scalperfect Allantoin & Silk Protein Scalp Soothing Serum,ERHA,Hair Serum,30 ml,Rp110.000 Rp96.800,"Allantoin, Hydrolyzed Silk Protein, Piroctone Olamine, Zinc Gluconate, Niacinamide, Salicylic Acid (BHA), Menthol",https://www.sociolla.com/hair-serum/53680-erhair-scalperfect-allantoin-and-silk-protein-scalp-soothing-serum,3/2/2026
P390,Hair Vitamin Moroccan Oil Smooth & Shiny Blister,ELLIPS,Hair Serum,Blister,Rp18.000 Rp16.920,"Moroccan Oil, Aloe Vera Oil, Vitamin A,C,E, Pro Vit B-5",https://www.sociolla.com/hair-serum/28568-hair-vitamin-moroccan-oil-smooth-and-shiny-blister,3/2/2026
P391,Organic Brightening Serum-Tranexamic Peptide Postbiotic,EUCALIE,Hair Serum,20 ml,Rp299.000 Rp239.200,"• Niacinamide Also known as a vitamin B3 which is also an anti-oxidant. Effective to reduce blemishes and brighten the skin and has also been shown to improve skin elasticity, reduce fine lines and hyperpigmentation. • Tranexamic Peptide A more powerful form of Tranexamic that is effective in brighten skin, reduce dark spots, improve skin texture, and protect skin from pollution & environmental damage • Marine Postbiotic Proven clinallly to signifantly reduce dark spots, brighten complexion, protect from pollution, inhibit melanin production, and increase skin's defense mechanism & skin barrier against environmental damage • Organic Phragmites Kharka<.. See More",https://www.sociolla.com/hair-serum/62556-organic-brightening-serum-tranexamic-peptide-postbiotic,3/2/2026
P392,Advisor Vitamax,MAKARIZO,Hair Serum,50 ml,Rp69.900 Rp62.910,"Cyclotetrasiloxane , Cyclopentasiloxane, Dimethiconol, Phenyl Trimethicone, Tocopheryl Acetate, Perfume, Hydrolyzed Silk PG-Propyl , Hydrogenated Soya Bean Oil, Retinyl Palmitate, Ascorbyl Palmitate. Formulated by : Crowne Solution., LLC 720 14th Street Sacramento CA95814",https://www.sociolla.com/hair-serum/28157-advisor-vitamax,3/2/2026
P393,Hair Vitamin Moroccan Oil Nutri Color Blister,ELLIPS,Hair Serum,Blister,Rp18.000 Rp16.920,"Cyclopentasiloxane, Cyclotetrasiloxane, Dimethiconol, Fragrance; Parfum; Aroma, Tocopheryl Acetate, Glycine Soja (Soybean) Oil, Ascorbyl Palmitate (Vitamin C Palmitate), Retinyl Palmitate; Vit A, Helianthus Annuus (Sunflower) Seed Oil, Polysilicone-15, Panthenyl Ethyl Ether, Argania Spinosa (Argan) Kernel Oil, Amodimethicone",https://www.sociolla.com/hair-serum/28579-hair-vitamin-moroccan-oil-nutri-color-blister,3/2/2026
P394,Vitamin Rambut Nutricolor Jar New,ELLIPS,Hair Serum,Jar,Rp121.700 Rp114.398,"Cyclopentasiloxane, Cyclotetrasiloxane, Dimethiconol, Fragrance; Parfum; Aroma, Tocopheryl Acetate, Glycine Soja (Soybean) Oil, Ascorbyl Palmitate (Vitamin C Palmitate), Retinyl Palmitate; Vit A, Helianthus Annuus (Sunflower) Seed Oil, Polysilicone-15, Panthenyl Ethyl Ether, Argania Spinosa (Argan) Kernel Oil, Amodimethicone",https://www.sociolla.com/hair-serum/28578-vitamin-rambut-nutricolor-jar-new,3/2/2026
P395,Real Mary Energizing Scalp Spray,RATED GREEN,Hair Serum,120 ml,Rp225.000 Rp213.750,"Alcohol, Rosmarinus Officinalis (Rosemary) Leaf Water, Glycerin, Water, Methylpropanediol, Rosmarinus Officinalis (Rosemary) Leaf Oil, Menthol, Glycine Soja (Soybean) Seed Extract, Glycine Soja (Black Soybean) Seed Extract, Anthemis Nobilis Flower Extract, Zingiber Officinale (Ginger) Root Extract, Lavandula Angustifolia (Lavender) Extract, Origanum Vulgare Flower/Leaf/Stem Extract, Rosmarinus Officinalis (Rosemary) Extract, Thymus Vulgaris (Thyme) Extr act, Biotin, Melaleuca Alternifolia (Tea Tree) Leaf Oil, Mentha Piperita (Peppermint) Oil, Helianthus Annuus (Sunflower) Seed Oil, Citrus Paradisi (Grapefruit) Fruit Extract, Citrus Limon (Lemon) Peel Oil, Oryza Sativa (Rice) Extract, Sesa.. See More",https://www.sociolla.com/hair-serum/14648-real-mary-energizing-scalp-spray,3/2/2026
P396,Hair Vitamin Moroccan Oil Hair Treatment Blister,ELLIPS,Hair Serum,Blister,Rp18.000 Rp16.920,"Moroccan oil, Jojoba oil, Vitamin A,C,E ,Pro Vit B-5",https://www.sociolla.com/hair-serum/28577-hair-vitamin-moroccan-oil-hair-treatment-blister,3/2/2026
P397,Intensive Scalp Serum,DJAMUJAMU,Hair Serum,45 ml,Rp245.000 Rp208.250,"Tunas Kacang; Kemangi ; Ginseng; Jahe Water, Alcohol, Pisum Sativum Sprout Extract, Ocimum Basilicum Hairy Root Culture Extract, PEG-40 Hydrogenated Castor Oil, Panax Ginseng Root Extract, Menthyl Lactate, Hydroxyethylcellulose, Sodium Benzoate, Zingiber Officinale Root Oil, Salicylic Acid, Santalum Austrocaledonicum Wood Oil",https://www.sociolla.com/hair-serum/74234-intensive-scalp-serum,3/2/2026
P398,Hold My Strands! Hair Fall Treatment Scalp Serum,WONDERLUX,Hair Serum,75ml,Rp185.000 Rp166.500,"Aqua, Butylene Glycol, Tetrasodium, Disuccinoyl Cystine, Propanediol, Ammonium Polyacryloyldimethyl Taurate, Hydroxypropylgluconamide, Niacinamide, Aloe Barbadensis Extract, Oryza Sativa Bran Water, Hydroxypropylammonium Gluconate, Glycerin, Ethanol, Pathenol, Chlorphenesin, Phenoxyethanol, Zingiber Officinale Extract, PPG-26-buteth-26, PEG-40 Hydrogenated Castor Oil, Phyllanthus Emblica Fruit Extract, Bioflavonoids, Glycine, Apigenin, Serine, Glutamic Acid, Oleanolic Acid, Aspartic Acid, Leucine, Biotinoyl Tripeptide-1, Alanine, Lysine, Arginine, Tyrosine, Phenylalanine, Threonine, Proline, Valine, Isoleucine, Histidine",https://www.sociolla.com/hair-serum/82735-hold-my-strands-hair-fall-treatment-scalp-serum,3/2/2026
P399,Grev Peptide Organic Grey Hair Serum untuk Uban,EUCALIE,Hair Serum,30ml,Rp299.000 Rp245.180,"Greyverse, Acetyl Tetrapeptide-3, Trifolium Pratense (Clover) Flower Extract, Organic Castor Oil",https://www.sociolla.com/hair-serum/82739-grev-peptide-organic-grey-hair-serum-untuk-uban,3/2/2026
P400,Set The Oil Free! Sensitive & Oily Care Scalp Serum,WONDERLUX,Hair Serum,75ml,Rp135.000 Rp121.500,"aqua, Caprylic/Capric Triglyceride, Lactobacillus ferment, butylene glycol, Lactococcus ferment, Saccharomyces ferment, PROPANEDIOL, Maltodextrin, Farnesyl acetate, Farnesol, Panthenyl triacetate, Panthenol, chlorphenesin, Phenoxyethanol, Polyacrylate Crosspolymer-6, Propylene Glycol, 1,2-hexanediol, schinus terebinthifolius seed extract, Pelvetia canaliculata extract, Aloe Barbadensis Extract, Laminaria Digitata Extract, ceramide 3, Glycine, Tocopherol, Parfum, apium graveolens seed extract, Serine, Glutamic Acid, Aspartic Acid, Leucine, Alanine, Lysine, Arginine, Tyrosine, phenylalanine, Threonine, Proline, Valine, Isoleucine, Histidine",https://www.sociolla.com/hair-serum/78250-set-the-oil-free-sensitive-and-oily-care-scalp-serum,3/2/2026
P401,Honey Dew Restructuring Serum,MAKARIZO PROFESSIONAL,Hair Serum,5 ml,Rp104.200 Rp85.444,"Lauryl Alcohol, Myristyl Alcohol, Cetrimonium Chloride, Propylene Glycol, Dimethicone Copolyol, Diglycerin, Panthenyl Ethyl Ether, Alcohol; Ethanol, Sodium PCA, Sodium Lactate, Arginine, Aspartic Acid, PCA, Glycine, Alanine, Serine, Valine, Proline, Threonine, Isoleucine, Histidine, Phenylalanine, CI 42090; BLUE NO. 1 BLUE NO. 4, Fragrance; Parfum; Aroma, Aqua/Water",https://www.sociolla.com/hair-serum/28184-honey-dew-restructuring-serum,3/2/2026
P402,CBD Bio+Peptide Cmplx Serum 10,CBD PROFESSIONAL,Hair Serum,10ml,Rp45.000 Rp33.750,,https://www.sociolla.com/hair-serum/90016-cbd-bio-peptide-cmplx-serum-10,3/2/2026
P403,Ciara Hair Perfector Protein Cream,CIARA,Hair Serum,60g,Rp115.000 Rp86.250,,https://www.sociolla.com/hair-serum/85953-ciara-hair-perfector-protein-cream,3/2/2026
P404,,,Shampoo,170 ml,Rp27.500,"Aqua/Water, Sodium Laureth Sulfate, Cocamidopropyl Betaine, Dimethicone, Glycol Distearate, Fragrance; Parfum; Aroma, Sodium Lauryl Sulfate, Sodium chloride, Acrylates Copolymer, Polyquaternium-10, DMDM Hydantoin, Laureth-23, Laureth-3, Guar Hydroxypropyltrimonium Chloride, Disodium EDTA, Hydrolyzed Keratin, Propylene Glycol, Rosmarinus Officinalis (Rosemary) Leaf Oil, PEG-40 Hydrogenated Castor Oil, Trideceth-9, Glucose, Phenoxyethanol, Lactic Acid, Potassium Sorbate, Panax Ginseng Root Extract, Sodium Benzoate, Caramel",https://www.sociolla.com/shampoo/9109-hair-fall-treatment-shampoo,3/4/2026
P405,In France Sparkling Rosé No. 05 Hair Shampoo,JMELLA,Shampoo,500ml,Rp129.000 - Rp236.000 Rp38.700 - Rp236.000,"Aqua, Sodium Laureth Sulfate, Sodium Chloride, Cocamidopropyl Betaine, Parfum, Glycerin, Sodium Benzoate, Sodium Sulfate, Laureth-2, Guar Hydroxypropyltrimonium Chloride, Amodimethicone, Citric Acid, C12-14 Sec-Pareth-7, Disodium EDTA, Stearic Acid, Lauric Acid, Butylene Glycol, Propylene Glycol, Phenoxyethanol, Fragaria Vesca Leaf Extract, 1,2-Hexanediol, Dipropylene Glycol, Betula Platyphylla Japonica Juice, Leontopodium Alpinum Extract, Houttuynia Cordata Extract, Camellia Sinensis Leaf Extract, Centella Asiatica Extract, Laminaria Japonica Extract, Histidine, Proline, Phenylalanine, Threonine, Tyrosine, Arginine, Alanine, Isoleucine, Aspartic Acid, Cysteine, Serine, Valine, Methionine..",https://www.sociolla.com/shampoo/73342-in-france-sparkling-rose-no-05-hair-shampoo,3/4/2026
P406,JMELLA Disney In France Femme Fatale No. 02 Hair Shampoo,JMELLA,Shampoo,500ml,Rp142.000 Rp42.600,"Aqua, Sodium Laureth Sulfate, Sodium Chloride, Cocamidopropyl Betaine, Parfum, Glycerin, Sodium Benzoate, Sodium Sulfate, Laureth-2, Guar Hydroxypropyltrimonium Chloride, Amodimethicone, Citric Acid, C12-14 Sec-Pareth-7, Disodium EDTA, Stearic Acid, Lauric Acid, Butylene Glycol, Propylene Glycol, Phenoxyethanol, Fragaria Vesca Leaf Extract, 1,2-Hexanediol, Dipropylene Glycol, Betula Platyphylla Japonica Juice, Leontopodium Alpinum Extract, Houttuynia Cordata Extract, Camellia Sinensis Leaf Extract, Centella Asiatica Extract, Laminaria Japonica Extract, Histidine, Proline, Phenylalanine, Threonine, Tyrosine, Arginine, Alanine, Isoleucine, Aspartic Acid, Cysteine, Serine, Valine, Methionine..",https://www.sociolla.com/shampoo/85289-jmella-disney-in-france-femme-fatale-no-02-hair-shampoo,3/4/2026
P407,Diane Be True Damage Repair Healthy Shampoo 400ml,MOIST DIANE,Shampoo,400ML,Rp155.000 Rp134.850,"aqua, Sodium c14-16 olefin sulfonate, Cocamidopropyl betaine, DISODIUM C12-14 PARETH-2 SULFOSUCCINATE, cocamide methyl mea, polyepsilon-lysine, Dipropylene Glycol, butylene glycol, Hydrolyzed Pea protein, ocimum sanctum leaf extract, Polyquaternium-10, Persea Gratissima (Avocado) Oil, Argania Spinosa Kernel Oil, OPUNTIA FICUS-INDICA SEED OIL, Sodium chloride, Sodium Cocoamphoacetate, Sodium Methyl Cocoyl Taurate, sodium cocoyl glycinate, Polysorbate 20, Citric Acid, Tocopherol, Disodium edta, Sodium benzoate, Phenoxyethanol, Fragrance (Parfum) Components and Finished Fragrances",https://www.sociolla.com/shampoo/80758-diane-be-true-damage-repair-healthy-shampoo-400ml,3/4/2026
P408,ERHAIR Scalperfect Shampoo 370ml Twin Pack,ERHA,Shampoo,Quantity,Rp445.760,"Aqua, Sodium Laureth Sulfate, Acrylates Copolymer, Polysorbate 20, Cocamidopropyl Betaine, Climbazole, Cocamide DEA, Fragrance (Parfum) Components, Finished Fragrances, Piroctone Olamine, Propylene Glycol, Glycol Distearate, Phenoxyethanol, Polyquaternium-22, Menthol Crystals, Caprylyl Glycol, Camellia Sinensis Leaf Extract, Guar Hydroxypropyltrimonium Chloride, Menthyl Lactate, Panthenol, Disodium EDTA, Myristyl Alcohol, Sodium Chloride, Sodium Benzoate, Citric Acid, Potassium Sorbate, Aloe Barbadensis Leaf Extract",https://www.sociolla.com/shampoo/88954-erhair-scalperfect-shampoo-370ml-twin-pack,3/4/2026
P409,Aging Care Shampoo,MISE EN SCÈNE,Shampoo,200ml,Rp68.000 Rp61.200,"INGREDIENTS : WATER / AQUA / EAU, AMMONIUM LAURYL SULFATE, SODIUM LAURETH SULFATE, LAURYL HYDROXYSULTAINE, DIMETHICONE, FRAGRANCE / PARFUM, SODIUM BENZOATE, PHENOXYETHANOL, LAURIC ACID, CETYL ALCOHOL, COCAMIDE MEA, GUAR HYDROXYPROPYLTRIMONIUM CHLORIDE, TRIHYDROXYSTEARIN, SODIUM SALICYLATE, SODIUM CITRATE, BENZYL SALICYLATE, BUTYLPHENYL METHYLPROPIONAL, HEXYL CINNAMAL, PROPANEDIOL, CITRIC ACID, SODIUM CHLORIDE, TETRASODIUM EDTA, LINALOOL, POLYQUATERNIUM-11, DISODIUM EDTA, LAURETH-23, LAURETH-3, BENZYL ALCOHOL, LIMONENE, RUBUS IDAEUS (RASPBERRY) FRUIT EXTRACT, CARBOMER, LYCIUM CHINENSE FRUIT EXTRACT, VACCINIUM ANGUSTIFOLIUM (BLUEBERRY) FRUIT EXTRACT, COFFEA ARABICA (COFFEE) SEED EXTRACT, SA..",https://www.sociolla.com/shampoo/83542-aging-care-shampoo,3/4/2026
P410,Argan Essential Deep Care Shampoo,NATURE REPUBLIC,Shampoo,300 ml,Rp275.000 Rp209.000,"Water, Glycerin, Butyrospermum Parkii Butter, ethylhexyl stearate, cetearyl alcohol, Hydrogenated cocoglycerides, glyceryl stearate se, 1,2-hexanediol, Dimethicone, Fragrance Parfum Components and Finished Fragrances, peg 100 stearate, Glyceryl Stearate, Carbomer, Phenoxyethanol, Tromethamine, Palmitic Acid, Stearic Acid, caprylyl glycol, Caprylic/Capric Triglyceride, gossypium herbaceum extract, ethyl hexanediol, butylene glycol, Lauroyl lysine, aloe barbadensis leaf juice, sodium phytate, hydrogenated lecithin, cholesterol, ethylhexylglycerin,",https://www.sociolla.com/shampoo/77154-argan-essential-deep-care-shampoo,3/4/2026
P411,Black Bean Anti Hair Loss Shampoo,NATURE REPUBLIC,Shampoo,300ml,Rp350.000 Rp259.000,"Water, Coco-Betaine, TEA-Cocoyl Glutamate, Disodium Laureth Sulfosuccinate, Sodium Lauroyl Methylaminopropionate, Sodium Lauroyl Methyl Isethionate, Polyquaternium-10, Caprylyl Glycol, Menthol , PPG-3 Myristyl Ether, Rehmannia Chinensis Root Extract, Citrus Nobilis (Mandarin Orange) Peel Extract, Pentasodium Pentetate, Salicylic Acid (Hair Conditioning), Panthenol, Mentha Arvensis Leaf Oil, Citrus Aurantifolia (Lime) Oil, Butylene Glycol, Mentha Arvensis Extract, Niacinamide, 1,2-Hexanediol, Chrysanthemum Zawadskii Extract, Glycyrrhiza Glabra (Licorice) Root Extract, Lycium Chinense Fruit Extract, Biota Orientalis Leaf Extract, Acorus Calamus Root Extract, Morus Alba Bark Extract, Xanthiu..",https://www.sociolla.com/shampoo/77127-black-bean-anti-hair-loss-shampoo,3/4/2026
P412,Cool and Calming Shampoo,BIOTALK,Shampoo,250ml,Rp120.900,"Aqua, Cocamidopropyl Betaine, Cocyl Isethionate, Decyl Glucoside, Tea Tree Oil, Mentha Piperita (Peppermint) Oil, Phenoxyethanol, Aloe Vera Ekstrak, Fragrance",https://www.sociolla.com/shampoo/94853-cool-and-calming-shampoo,3/4/2026
P413,JMELLA Disney In France Sparkling Rosé No. 05 Hair Shampoo,JMELLA,Shampoo,500ml,Rp142.000 Rp71.000,"Aqua, Sodium Laureth Sulfate, Sodium Chloride, Cocamidopropyl Betaine, Parfum, Glycerin, Sodium Benzoate, Sodium Sulfate, Laureth-2, Guar Hydroxypropyltrimonium Chloride, Amodimethicone, Citric Acid, C12-14 Sec-Pareth-7, Disodium EDTA, Stearic Acid, Lauric Acid, Butylene Glycol, Propylene Glycol, Phenoxyethanol, Fragaria Vesca Leaf Extract, 1,2-Hexanediol, Dipropylene Glycol, Betula Platyphylla Japonica Juice, Leontopodium Alpinum Extract, Houttuynia Cordata Extract, Camellia Sinensis Leaf Extract, Centella Asiatica Extract, Laminaria Japonica Extract, Histidine, Proline, Phenylalanine, Threonine, Tyrosine, Arginine, Alanine, Isoleucine, Aspartic Acid, Cysteine, Serine, Valine, Methionine..",https://www.sociolla.com/shampoo/85292-jmella-disney-in-france-sparkling-rose-no-05-hair-shampoo,3/4/2026
P414,Happy 20 Box Hair We Bloom Shampoo Over The Rainbow 5ml x 20pcs,LAVOJOY,Shampoo,Quantity,Rp127.000,"Water, Cetearyl Alcohol, Behentrimonium Chloride, Dimethicone, Phenoxyethanol, Aroma, Sodium Benzoate, Bis-Aminopropyl Dimethicone, Isopropyl Alcohol, Argania Spinosa Kernel Oil, Sclerocarya Birrea Seed Oil, Squalane, Camellia Japonica Seed Oil, Hydroxyethylcellulose, Disodium Edta, Panthenol, Disodium Phosphate, Polysorbate 60, Glycerin, Sodium Phosphate, Terminalia Ferdinandiana Fruit Extract, Glycine Soja (Soybean) Germ Extract, Citric Acid, Potassium Sorbate",https://www.sociolla.com/shampoo/76072-happy-20-box-hair-we-bloom-shampoo-over-the-rainbow-5ml-x-20pcs,3/4/2026
P415,Herbalism Shampoo,LA'DOR,Shampoo,150ml,Rp135.000 - Rp255.000 Rp108.000 - Rp204.000,,https://www.sociolla.com/shampoo/59451-lador-herbalism-shampoo,3/4/2026
P416,Veggie Pro Nourishing Shampoo,THE BATH BOX,Shampoo,200 ml,Rp185.000,,https://www.sociolla.com/shampoo/26645-veggie-pro-nourishing-shampoo,3/4/2026
P417,Extra Night Repair Shampoo,MOIST DIANE,Shampoo,450ml,Rp136.000 Rp115.600,"aqua, sodium c14-16 olefin sulfonate, Cocamidopropyl betaine, cocamide methyl mea, Lauryl betaine, PROPANEDIOL, GAMMA-DOCOSALACTONE, Quaternium-33, Propylene Glycol, Keratin, Polyquaternium-10, POUTERIA SAPOTA SEED OIL, mangifera indica seed oil, bis-ethoxydiglycol cyclohexane 1,4-dicarboxylate, Isononyl isononanoate, Isostearoyl Hydrolyzed Keratin, GLYCINE SOJA STEROLS, Ceramide NG, Argania Spinosa Kernel Oil, Ceramide AS, Ceramide NP, Ceramide AP, Ceramide EOP, carapa guaianensis seed oil, OPUNTIA FICUS-INDICA SEED OIL, Sodium Chloride, Cholesterol, Hydrolyzed keratin, Quaternium-18, behentrimonium chloride, Citric Acid, Disodium EDTA, Sodium Benzoate, Phenoxyethanol, Fragrance.",https://www.sociolla.com/shampoo/75979-extra-night-repair-shampoo,3/4/2026
P418,Grace And Glow Secret Bombshell Oil Control and Nourish Shampoo with Charocal and Keratin,GRACE AND GLOW,Shampoo,400 ml,Rp62.100,"Aqua, sodium laureth sulfate, glycerin, cocamidopropyl betaine, disodium lauroamphodiacetate, parfum, sodium lauroyl sarcosinate, sodium chloride, PEG-10 olive glycerides, C12-13 alkyl lactate, citric acid, dichlorobenzyl alcohol, zinc gluconate, disodium lauryl sulfosuccinate, disodium EDTA, methylparaben, guar hydroxypropyltrimonium chloride, polyquaternium-10, panthenol, hydrogenated castor oil, cocamide methyl mea, glycol distearate, hydrolyzed keratin, C12-13 alcohols, cocamide dea, keratin, magnesium nitrate, phenoxyethanol, methylchloroisothiazolinone, melanin, magnesium chloride, methylisothiazolinone, charcoal powder, argania spinosa kernel oil, retinyl palmitate, retinol, CI..",https://www.sociolla.com/shampoo/86393-grace-and-glow-secret-bombshell-oil-control-and-nourish-shampoo-with-charocal-and-keratin,3/4/2026
P419,Heat&Sun Protection Detangle Spray,BEAMARRY NEW YORK,Shampoo,200 ml,Rp335.160 Rp167.580,"AQUA, TRIDECETH-10. AMODIMETHICONE, DIMETHICONOL, GLYCERIN, COCODIMONIUM HYDROX/PROPYL HYDROLYZED KERATIN, PROPYLENE GLYCOL, PANTHENOL, TEA-DODECYLBENZENESULFONATE, PEG-40 HYDROGENATED CASTOR OIL, CETRIMONIUM CHLORIDE, ETHYL LAUROYL ARGINATE HCL, SODIUM CITRATE, BENZOPHENÔNE 4, PARFUM ETHYLHEXY GLYCERIN, 12-HEXANE DIOL CITRIC ACID, ARGANIA SPINOSÁ KERNEL OIL, COCOS NUCIFERA (COCONUT) OIL MACADAMIA TERNIFO LIA SEED OIL, SODIUM HIVALURONATE VITEX TRIFOLA FRUIT EXTRACT, KERATIN, ENDROLVZED KERATIN OXIDIZED KERATIN",https://www.sociolla.com/shampoo/85377-heat-and-sun-protection-detangle-spray,3/4/2026
P420,Lavie Belle Serum Shampoo,GRACE AND GLOW,Shampoo,250ml,Rp89.125,"Water, sodium laureth sulfate, cocamide mea, cocamidopropyl betaine, glycerine, argania spinosa kernel oil, niacinamide, methylparaben, polygonum multiflorum extract, citric acid, tocopherol, keratin, methylisothiazolinone, methylchloroisothiazolinone, magnesium nitrate, magnesium chloride, sodium chloride, parfum, KI5, KI4",https://www.sociolla.com/shampoo/84348-lavie-belle-serum-shampoo,3/4/2026
P421,Hold Me Tight Shampoo Lazy Sunday,LAVOJOY,Shampoo,30 ml,Rp29.000 - Rp139.000,"Spesial ingredients: Amino Acid : Memberikan busa krim sambil memberikan pembersihan lembut pada kulit Lactobacillus : Menyeimbangkan pH kulit kepala dan membantu mengurangi kerontokan rambut Ceramides : Memperbaiki kulit rambut yang mati dan mengunci air di kulit kepala Centella Asiatica : Menenangkan kulit kepala Full ingredients: Water, Sodium C14-16 Olefin Sulfonate, Cocamidopropyl Betaine, Sodium Lauroyl Sarcosinate, Cocamide MEA, Nonoxynol-14, Fragrance, Glycereth-26, Phenoxyethanol, Sodium Chloride, PEG-150 Pentaerythrityl Tetrastearate, Propylene Glycol Laurate, Disodium Cocoyl Glutamate, Sodium Benzoate, Polyquaternium-10, Sodium Taurine Cocoyl Methyltaurate..",https://www.sociolla.com/shampoo/68754-hold-me-tight-shampoo-lazy-sunday,3/4/2026
P422,Damage Care Red Protein Shampoo,MISE EN SCÈNE,Shampoo,200ml,Rp68.000 Rp61.200,"INGREDIENTS : WATER / AQUA / EAU, SODIUM LAURETH SULFATE, DIMETHICONE, SODIUM CHLORIDE, FRAGRANCE / PARFUM, LAURYL HYDROXYSULTAINE, LAURIC ACID, CETYL ALCOHOL, COCAMIDE MEA, SODIUM CITRATE, PHENOXYETHANOL, SODIUM BENZOATE, HYDROXYPROPYL GUAR HYDROXYPROPYLTRIMONIUM CHLORIDE, TRIHYDROXYSTEARIN, DI-C12-13 ALKYL MALATE, CITRIC ACID, BUTYLPHENYL METHYLPROPIONAL, SODIUM SALICYLATE, AMODIMETHICONE, LINALOOL, TETRASODIUM EDTA, ETHYLHEXYLGLYCERIN, HEXYL CINNAMAL, BENZYL BENZOATE, LAURETH-23, LAURETH-3, MICA, TITANIUM DIOXIDE (CI 77891), DISODIUM EDTA, BENZYL SALICYLATE, BENZYL ALCOHOL, CARBOMER, BUTYLENE GLYCOL, IRON OXIDES (CI 77491), ROSA DAMASCENA FLOWER EXTRACT, STEARTRIMONIUM CHLORIDE, LACTIC..",https://www.sociolla.com/shampoo/83541-damage-care-red-protein-shampoo,3/4/2026
P423,Dandruff Defense Shampoo,LA'DOR,Shampoo,530ml,Rp210.000 Rp165.900,"Water, Sodium C14-16 Olefin Sulfonate, Cocamidopropyl Betaine, Lauryl Glucoside, Alcohol, PPG-3 Caprylyl Ether, Cocamide MEA, C12-13 Alketh-9, Sodium Chloride, Sodium Benzoate, Lauryl Hydroxysultaine, Menthol, Caprylyl Glycol, Salicylic Acid, Polyquaternium-10, Panthenol, Citric Acid, Niacinamide, Disodium EDTA, Climbazole, Melaleuca Alternifolia (Tea Tree) Leaf Oil, Butylene Glycol, 1,2-Hexanediol, Rosmarinus Officinalis (Rosemary) Extract, Sodium Citrate, Melaleuca Alternifolia (Tea Tree) Leaf Extract, Dipropylene Glycol, Centella Asiatica Extract, Sodium Oleanate, Madecassoside, Biotin, Camellia Sinensis Catechins, Fragrance, Limonene, Hexyl Cinnamal, Linalool, Citronellol.",https://www.sociolla.com/shampoo/94780-lador-dandruff-defense-shampoo,3/4/2026
P424,JMELLA Disney In France Blooming Peony No. 01 Hair Shampoo,JMELLA,Shampoo,500ml,Rp142.000 Rp42.600,"Aqua, Sodium Laureth Sulfate, Sodium Chloride, Cocamidopropyl Betaine, Parfum, Glycerin, Sodium Benzoate, Sodium Sulfate, Laureth-2, Guar Hydroxypropyltrimonium Chloride, Amodimethicone, Citric Acid, C12-14 Sec-Pareth-7, Disodium EDTA, Stearic Acid, Lauric Acid, Butylene Glycol, Propylene Glycol, Phenoxyethanol, Fragaria Vesca Leaf Extract, 1,2-Hexanediol, Dipropylene Glycol, Betula Platyphylla Japonica Juice, Leontopodium Alpinum Extract, Houttuynia Cordata Extract, Camellia Sinensis Leaf Extract, Centella Asiatica Extract, Laminaria Japonica Extract, Histidine, Proline, Phenylalanine, Threonine, Tyrosine, Arginine, Alanine, Isoleucine, Aspartic Acid, Cysteine, Serine, Valine, Methionine..",https://www.sociolla.com/shampoo/85288-jmella-disney-in-france-blooming-peony-no-01-hair-shampoo,3/4/2026
P425,Serum Original Shampoo,MISE EN SCÈNE,Shampoo,200ml,Rp68.000 - Rp149.000 Rp61.200 - Rp134.100,"INGREDIENTS : WATER / AQUA / EAU, SODIUM LAURETH SULFATE, GLYCERIN, COCAMIDOPROPYL BETAINE, LAURETH-6 CARBOXYLIC ACID, FRAGRANCE / PARFUM, SODIUM CHLORIDE, POLYQUATERNIUM-10, PEG-60 HYDROGENATED CASTOR OIL, DIMETHICONOL, SODIUM LAUROYL SARCOSINATE, TEA-DODECYLBENZENESULFONATE, SODIUM BENZOATE, PPG-7, PHENOXYETHANOL, SODIUM CITRATE, SODIUM SALICYLATE, CITRIC ACID, TETRASODIUM EDTA, ETHYLHEXYLGLYCERIN, LIMONENE, DISODIUM EDTA, LINALOOL, ARGANIA SPINOSA KERNEL OIL, SIMMONDSIA CHINENSIS (JOJOBA) SEED OIL, COCOS NUCIFERA (COCONUT) OIL, TOCOPHEROL, PRUNUS ARMENIACA (APRICOT) KERNEL OIL, SCLEROCARYA BIRREA SEED OIL, OLEA EUROPAEA (OLIVE) FRUIT OIL, CAMELLIA JAPONICA SEED OIL, COCO-CAPRYLATE/CAPR..",https://www.sociolla.com/shampoo/83502-serum-original-shampoo,3/4/2026
P426,Hello Bubble All Star Smoothing Shampoo,MISE EN SCÈNE,Shampoo,500ml,Rp159.000 Rp143.100,"[INGREDIENTS] WATER / AQUA / EAU, SODIUM LAURETH SULFATE, COCAMIDOPROPYL BETAINE, DISODIUM LAURETH SULFOSUCCINATE, DIMETHICONOL, COCO-GLUCOSIDE, FRAGRANCE / PARFUM, SODIUM CHLORIDE, HYDROXYPROPYL GUAR HYDROXYPROPYLTRIMONIUM CHLORIDE, PHENOXYETHANOL, SODIUM BENZOATE, LAURIC ACID, CETYL ALCOHOL, COCAMIDE MEA, PEG-60 HYDROGENATED CASTOR OIL, CAPRYLIC/CAPRIC TRIGLYCERIDE, AMODIMETHICONE, LAURETH-2, TRIHYDROXYSTEARIN, CITRIC ACID, PPG-7, MENTHOL, POLYQUATERNIUM-10, SODIUM SALICYLATE, SODIUM CITRATE, TEA-DODECYLBENZENESULFONATE, TETRASODIUM EDTA, LIMONENE, DISODIUM EDTA, GERANIOL, HEXYL CINNAMAL, LINALOOL, BUTYLENE GLYCOL, STEARTRIMONIUM CHLORIDE, LACTIC ACID, PUNICA GRANATUM FRUIT EXTRACT, ROS..",https://www.sociolla.com/shampoo/83537-hello-bubble-all-star-smoothing-shampoo,3/4/2026
P427,Moist Pro Shampoo,THE BATH BOX,Shampoo,200ml,Rp219.000 Rp120.450,"Aqua, Mel, Sodium Lauryl Sulfoacetate, Cocamidopropyl Betaine, Disodium Cocoyl Glutamate, Propanediol, Sodium Chloride, Sodium Sulfate, Polyester-37, Fragrancem (Parfum) Components And Finished Fragrances, Citric Acid, Dypropylene Glycol, Vitex Trifolia Fruit Extract, Gentiana Scabra Root Extract, Polygonum Multiflorum Root Extract, Hydrolyzed Vegetable Protein, Hydrolyzed Pea Protein, Polysorbate 20, Trisodium Ethylenediamine Disuccinate, Potassium Sorbate, Sodium Benzoate, Phenoxyethanol, Ethylhexylglycerin.",https://www.sociolla.com/shampoo/84342-moist-pro-shampoo,3/4/2026
P428,Hair We Bloom Shampoo Over The Rainbow,LAVOJOY,Shampoo,400 ml,Rp29.000 - Rp139.000,"Water, Cetearyl Alcohol, Behentrimonium Chloride, Dimethicone, Phenoxyethanol, Aroma, Sodium Benzoate, Bis-Aminopropyl Dimethicone, Isopropyl Alcohol, Argania Spinosa Kernel Oil, Sclerocarya Birrea Seed Oil, Squalane, Camellia Japonica Seed Oil, Hydroxyethylcellulose, Disodium Edta, Panthenol, Disodium Phosphate, Polysorbate 60, Glycerin, Sodium Phosphate, Terminalia Ferdinandiana Fruit Extract, Glycine Soja (Soybean) Germ Extract, Citric Acid, Potassium Sorbate",https://www.sociolla.com/shampoo/72633-hair-we-bloom-shampoo-over-the-rainbow,3/4/2026
P429,Hello Bubble All Star Strengthening Shampoo,MISE EN SCÈNE,Shampoo,500ml,Rp159.000,"[INGREDIENTS] WATER / AQUA / EAU, SODIUM C14-16 OLEFIN SULFONATE, SORBITOL, LAURYL HYDROXYSULTAINE, DISODIUM LAURETH SULFOSUCCINATE, COCAMIDOPROPYL BETAINE, COCOGLUCOSIDE, FRAGRANCE / PARFUM, ALCOHOL DENAT., POLYQUATERNIUM-10, SODIUM BENZOATE, SODIUM SALICYLATE, PPG-7, SODIUM CHLORIDE, CAPRYLYL GLYCOL, SODIUM CITRATE, CITRIC ACID, PPG-3 CAPRYLYL ETHER, HEXYL CINNAMAL, TETRASODIUM EDTA, BENZYL SALICYLATE, LIMONENE, CITRONELLOL, BUTYLENE GLYCOL, MALT EXTRACT, PUNICA GRANATUM FRUIT EXTRACT, BIOTIN, PHENOXYETHANOL, CAMELLIA SINENSIS LEAF EXTRACT, ETHYLHEXYLGLYCERIN, PEG-150 PENTAERYTHRITYL TETRASTEARATE, PPG-2 HYDROXYETHYL COCAMIDE",https://www.sociolla.com/shampoo/83539-hello-bubble-all-star-strengthening-shampoo,3/4/2026
P430,Veggie Pro Shampoo,THE BATH BOX,Shampoo,200ml,Rp249.000 Rp174.300,"Bahan Utama: 1. 5% Madu Bunga Randu 2. Keravis 2% 3. Amino Acid Complex 2% 4. Orange, Rosemary, Lavender, Ylang-Ylang, dan Geranium Essential Oils Bebas SLS Bebas Silicone Bebas Paraben",https://www.sociolla.com/shampoo/84340-veggie-pro-shampoo,3/4/2026
P431,Real Shea Nourishing Treatment Set,RATED GREEN,Shampoo,Quantity,Rp488.000 Rp463.600,"Real Shea Nourishing Shampoo Water, Disodium Laureth Sulfosuccinate, Cocamidopropyl Betaine, Sodium Lauroyl Lactylate, Butyrospermum Parkii (Shea) Butter, Cocos Nucifera (Coconut) Oil, Helianthus Annuus (Sunflower) Seed Oil, Octyldodeceth-16, Sodium Cocoyl Isethionate, Sodium Chloride, Citric Acid, Polyquaternium-10, Lauramide MIPA, Trihydroxystearin, Polyquaternium-22, Caprylic/Capric Triglyceride, Sodium Citrate, Caprylyl Glycol, Ethylhexylglycerin, Sodium Phytate, Tocopherol, Cetearyl Alcohol, Sodium Benzoate, Potassium Sorbate, Benzyl Benzoate, Fragrance( Parfum), Limonene Real Shea Real Change Treatment Glycerin, Water, Cyclopentasiloxane, Dimethicone, Cetearyl Alcohol, ..",https://www.sociolla.com/shampoo/24790-real-shea-nourishing-treatment-set,3/4/2026
P432,JMELLA Disney In France Queen 5' No. 04 Hair Shampoo,JMELLA,Shampoo,500ml,Rp142.000 Rp42.600,"Aqua, Sodium Laureth Sulfate, Sodium Chloride, Cocamidopropyl Betaine, Parfum, Glycerin, Sodium Benzoate, Sodium Sulfate, Laureth-2, Guar Hydroxypropyltrimonium Chloride, Amodimethicone, Citric Acid, C12-14 Sec-Pareth-7, Disodium EDTA, Stearic Acid, Lauric Acid, Butylene Glycol, Propylene Glycol, Phenoxyethanol, Fragaria Vesca Leaf Extract, 1,2-Hexanediol, Dipropylene Glycol, Betula Platyphylla Japonica Juice, Leontopodium Alpinum Extract, Houttuynia Cordata Extract, Camellia Sinensis Leaf Extract, Centella Asiatica Extract, Laminaria Japonica Extract, Histidine, Proline, Phenylalanine, Threonine, Tyrosine, Arginine, Alanine, Isoleucine, Aspartic Acid, Cysteine, Serine, Valine, Methionine..",https://www.sociolla.com/shampoo/85291-jmella-disney-in-france-queen-5-no-04-hair-shampoo,3/4/2026
P433,Naked Under The Clouds: Gentle Shampoo,MAIIMI,Shampoo,250ml,Rp99.000,"Aqua, Cocamidopropyl Betaine, Polyquaternium-7, Sodium Methyl Cocoyl Taurate, Butylene Glycol, Parfum, Sodium Lauroyl Methylaminopropionate, Sodium Cocoamphoacetate, Cocamide MEA, PEG-120 Methyl Glucose Triisostearate, Sodium Chloride, Behenamidopropyl Dimethylamine, Citric Acid, PEG-40 Hydrogenated Castor Oil, Menthol, Trehalose, Hydrogenated Starch Hydrolysate, Aloe Barbadensis Leaf Extract, Sodium Lactate, Sodium PCA, Hydrolyzed Jojoba Esters, Fructose, Glycine, Inositol, Lactic Acid, Niacinamide, Urea, Tocopherol, Maltooligosyl Glucoside, Propylene Glycol, Disodium EDTA, Dmdm Hydantoin, Sodium Benzoate, Phenoxyethanol",https://www.sociolla.com/shampoo/87658-naked-under-the-clouds-gentle-shampoo,3/4/2026
P434,Organic Hair Growth/Hair Loss Treatment Shampoo Set (190ml X 2pcs),EUCALIE,Shampoo,Quantity,Rp538.000 Rp392.740,,https://www.sociolla.com/shampoo/59430-organic-hair-growth-hair-loss-treatment-shampoo-set-190ml-x-2pcs,3/4/2026
P435,Collagen Repair Hair Serum 100ml,CBD PROFESSIONAL,Hair Serum,100ml,Rp106.500 Rp78.810,"Cyclopentasiloxane, Isohexadecane, Dimethiconol, Dimethicone, Caprylic/Capric Triglyceride, Isopropyl Myristate, Perfume, Aqua, Carthamus Tinctorius Seed Oil, Rubus Idaeus Fruit Extract, Hydrolyzed Collagen, Phenoxyethanol",https://www.sociolla.com/hair-serum/76003-collagen-repair-hair-serum-100ml,3/2/2026
P436,Coconut Milk Hair Serum,BEAMARRY NEW YORK,Hair Serum,110ml,Rp283.949 Rp184.567,"CYCLOPENTASILOXANEISODODECANE ETHYLHEXYL PALMITATE, DIMETHICONOL DIMETHICONE PARFUM, OLEA EUROPAEA JOLIVE FRUIT OIL ARGANIA SPINOSA KERNEL OIL ORBIGNYA OLEIFERA SEED OIL, TOCOPHERYL ACETATE, Ci 15985, SIMMONDSIA CHINENSIS (JOJOBA) SEED OIL BUTYROSPERMUM PARKII (SHEA BUTTER), VITIS VINIFERA (GRAPE) SEED OIL, PRUNUS AMYGDALUS DULCIS (SWEET ALMOND) OIL, KERATIN, HYDROLYZED KERATIN, OXIDIZED KERATIN",https://www.sociolla.com/hair-serum/85240-coconut-milk-hair-serum,3/2/2026
P437,Hair Vitamin Moroccan Oil Vitality Blister,ELLIPS,Hair Serum,Blister,Rp18.000 Rp16.920,"Moroccan Oil, Ginseng and Honey Oil ,Vitamin A,C,E & Pro Vit B-5",https://www.sociolla.com/hair-serum/28586-hair-vitamin-moroccan-oil-vitality-blister,3/2/2026
P438,TRESEMME Keratin Smooth Keratinbond+ No 4 Serum,TRESEMMÉ,Hair Serum,100 ml,Rp210.050,"Cyclopentasiloxane, Cyclohexasiloxane, Dimethiconol, Phenyl Trimethicone, Perfume, Aminopropyl Dimethicone, Dimethicone Crosspolymer, Cyclomethicone, Sclerocarya Birrea Seed Oil, Glycine Soja (Soybean) Phytoplacenta Extract",https://www.sociolla.com/hair-serum/73476-tresemme-keratin-smooth-keratinbond-no-4-serum,3/2/2026
P439,Lador Dermatical Active Ampoule,LA'DOR,Hair Serum,250ml,Rp385.000 Rp308.000,,https://www.sociolla.com/hair-serum/59449-lador-dermatical-active-ampoule,3/2/2026
P440,MK3 Restructuring Serum Bottle,MAKARIZO PROFESSIONAL,Hair Serum,50ml,Rp301.400 Rp226.050,"Aqua, Diglycerin, PEG-40 Hydrogenated Castor Oil, Parfum, Polyquaternium-47, Cetrimonium Chloride, Phenoxyethanol, Panthenol, Actinidia Chinensis (Kiwi) Fruit Extract, Ethylhexylglycerin, Sodium PCA, Sodium Lactate, Arginine, Tetrasodium EDTA, Aspartic Acid, PCA, Sodium Benzoate, Cocos Nucifera Oil, Ethyl Macadamiate, Glycine, Alanine, Serine, Valine, Isoleucine, Proline, Threonine, Histidine, Phenylalanine, Tocopherol, CI 42090.",https://www.sociolla.com/hair-serum/84323-mk3-restructuring-serum-bottle,3/2/2026
P441,Drop Dead Growgeous! Densifying Hair Scalp Serum,WONDERLUX,Hair Serum,75ml,Rp185.000 Rp166.500,"aqua, BUTYLENE GLYCOL, 2,4-diamino-pyrimidine-3-oxide (cas no 74638-76-9)), ammonium polyacryloyldimethyl taurate, Niacinamide, PROPANEDIOL, ORYZA SATIVA BRAN WATER, Glycerin, Panthenol, zingiber officinale extract, Phenoxyethanol, chlorphenesin, nasturtium officinale flower/leaf extract, ppg-26-buteth-26, PEG-40 Hydrogenated Castor Oil, Aloe Barbadensis Extract, Pisum Sativum Sprout Extract, Sodium Benzoate, magnesium ascorbyl phosphate, Hydrolyzed corn protein, Glycine, Apigenin, adenosine, SERINE, Glutamic Acid, oleanolic acid, Aspartic Acid, Leucine Active Ingredient 0.00071, Biotinoyl Tripeptide-1, Alanine, Arginine, tyrosine, phenylalanine, Threonine, Proline, valine, isoleucine, ca.. See More",https://www.sociolla.com/hair-serum/78251-drop-dead-growgeous-densifying-hair-scalp-serum,3/2/2026
P442,5In1 Hair Vitamin Milkshake,ELLIPS,Hair Serum,45ml,Rp59.200 Rp55.648,"Aqua, Dimethicone / Vinyl Dimethicone Crosspolymer, Cyclopentasiloxane, Phenyl Trimethicone, Cetrimonium Chloride, Isopropyl Alcohol, Cocamide DEA, PEG-8, Fragrance, C12-14 Pareth-12, Sodium Chloride, Polyquaternium-16, DMDM Hydantoin, Cyclotetrasiloxane, Methylparaben, Panthenol, Lactic Acid, Chlorphenesin, Phenoxyethanol, Phenyl Trimethicone, Hydrolyzed Wheat Protein, Benzoic Acid, C12-15 Alkyl Benzoate, Dimethiconol, Dimethicone Crosspolymer, Hydrolyzed Wheat Starch, Benzophenone-4, Potassium Sorbate, Hydrolyzed Milk Protein, Butylene Glycol, Ethylparaben, Propylparaben, Butylparaben",https://www.sociolla.com/hair-serum/77149-5in1-hair-vitamin-milkshake,3/2/2026
P443,Detangling Perfume Hair Mist,RATED GREEN,Hair Serum,1 L,Rp169.000 Rp143.650 - Rp160.550,"#1 Lemon, Freesia, dan Musk yang lembut dan segar. Water, Rosmarinus Officinalis (Rosemary) Leaf Water, Butylene Glycol, Pentylene Glycol, Chlorella Vulgaris Extract, Glycine Soja (Soybean) Seed Extract, Cocos Nucifera (Coconut) Fruit Extract, Cynanchum Atratum Extract, Althaea Rosea Flower Extract, Octyldodeceth-16, PEG-60 Hydrogenated Castor Oil, 1,2-Hexanediol, Glycerin, Methylpropanediol, Polyquaternium-11, Ethylhexylglycerin, Glucose, Fructooligosaccharides, Fructose, Panthenol, Cetrimonium Chloride, Citric Acid, Sodium Citrate, Octanediol, Tocopherol, Alcohol Denat., Fragrance(Parfum), Linalool, Hexyl Cinnamal, Alpha- Isomethyl Ionone, Limonene, Citronellol, Geraniol, Benzyl Sali.. See More",https://www.sociolla.com/hair-serum/80044-detangling-perfume-hair-mist,3/2/2026
P444,Real Grow Anti-Hair Loss Stimulating Scalp Spray,RATED GREEN,Hair Serum,120 ml,Rp235.000 Rp188.000,"Rosmarinus Officinalis (Rosemary) Leaf Water, Water, Alcohol, Dipropylene Glycol, Glycerin, Methylpropanediol, Rosmarinus Officinalis (Rosemary) Leaf Oil, Pinus Sylvestris Leaf Oil, Glycine Soja (Soybean) Seed Extract, Citrus Aurantium Dulcis (Orange) Peel Oil, Cocos Nucifera (Coconut) Fruit Extract, Octyldodeceth-16, 1,2-Hexanediol, Menthol, Salicylic Acid, Panthenol, Tromethamine, Zinc Lactate, Ethylhexylglycerin, Pentylene Glycol, Butylene Glycol, Octanediol, Biotin, Hydrogenated Lecithin, Polyglyceryl-10 Stearate, Sodium Ascorbyl Phosphate, Tocopheryl Acetate, Glyceryl Arachidonate, Glyceryl Linolenate, Retinyl Palmitate, Caffeine, Limonene, Linalool, Geranio",https://www.sociolla.com/hair-serum/56919-real-grow-anti-hair-loss-stimulating-scalp-spray,3/2/2026
P445,Makarizo VitaGlitz Hair Serum,MAKARIZO,Hair Serum,Variant Shine Reflect Enhancer Strength Booster Revitalizing Care,Rp19.700 Rp16.154,"Cyclotetrasiloxane, Cyclopentasiloxane, Dimethiconol, Phenyl Trimethicone, Parfum, Helianthus Annuus Seed Oil, Polysilicone-15, Glycine Soja Oil, Honey Extract, Actinidia Chinensis Fruit Extract, Tocopheryl Acetate, Hydrolyzed Silk Pg-Propyl Methylsilanediol Crosspolymer, Panthenyl Ethyl Ether, Retinyl Palmitate, Ascorbyl Palmitate, CI 60725.",https://www.sociolla.com/hair-serum/87790-makarizo-vitaglitz-hair-serum,3/2/2026
P446,TRESemmé Color Vibrancy Serum,TRESEMMÉ,Hair Serum,100ml,Rp210.050,"Cyclopentasiloxane, Cyclohexasiloxane, Dimethiconol, Phenyl Trimethicone, Perfume, Aminopropyl Dimethicone, Dimethicone Crosspolymer, Cyclomethicone, Sclerocarya Birrea Seed Oil, Glycine Soja (Soybean) Phytoplacenta Extract",https://www.sociolla.com/hair-serum/84021-tresemme-color-vibrancy-serum,3/2/2026
P447,Scalp Care Organic Hair Serum,EUCALIE,Hair Serum,30ml,Rp259.000 Rp212.380,"Aqua, Methyl Propanediol, Panthenol, Pseudoalteromonas Ferment Extract, Sorbitan Caprylate, Sodium Lactate, Propanediol, Benzoic Acid, Disodium Edta, Mentha Piperita Oil *, Melaleuca Alternifolia Leaf Oil *, Sodium Citrate, Phragmites Karka Extract, Poria Cocos Extract, Citric Acid, Sodium Benzoate, Sodium Salicylate.",https://www.sociolla.com/hair-serum/94068-eucalie-scalp-care-organic-hair-serum,3/2/2026
P448,Real Argan Smoothing Hair Serum,RATED GREEN,Hair Serum,150ml,Rp289.000 Rp260.100,"Cyclopentasiloxane, Dimethiconol, Dimethicone, Argania Spinosa Kernel Oil, C12-15 Alkyl Benzoate, Water, Glycolipids, Alcohol Denat., Fragrance (Parfum)",https://www.sociolla.com/hair-serum/69202-real-argan-smoothing-hair-serum,3/2/2026
P449,Perfect Serum Super Rich,MISE EN SCÈNE,Hair Serum,80ml,Rp179.000 Rp161.100,"INGREDIENTS : CYCLOPENTASILOXANE, DIMETHICONOL, DISILOXANE, ISODODECANE, C12-15 ALKYL BENZOATE, COCOS NUCIFERA (COCONUT) OIL, FRAGRANCE / PARFUM, ARGANIA SPINOSA KERNEL OIL, CAMELLIA JAPONICA SEED OIL, COCO-CAPRYLATE/CAPRATE, LINALOOL, BENZYL BENZOATE, PRUNUS ARMENIACA (APRICOT) KERNEL OIL, OLEA EUROPAEA (OLIVE) FRUIT OIL, SIMMONDSIA CHINENSIS (JOJOBA) SEED OIL, CITRONELLOL, GERANIOL, ALPHA-ISOMETHYL IONONE, COUMARIN, HEXYL CINNAMAL, ACRYLATES/POLYTRIMETHYLSILOXYMETHACRYLATE COPOLYMER, HYDROXYCITRONELLAL, GLYCOLIPIDS, SCLEROCARYA BIRREA SEED OIL",https://www.sociolla.com/hair-serum/84162-perfect-serum-super-rich,3/2/2026
P450,Pomelo Hair Tonic,COCOON,Hair Serum,140ml,Rp120.000 Rp114.000,"Water, Isododecane, C15-19 Alkane, Glycerin, Citrus Grandis Peel Oil, Xylitylglucoside, Anhydroxylitol, Maltitol, Xylitol, Pelvetia Canaliculata Extract, Propanediol, Arginine, Lactic Acid, Glycine Soja Germ Extract, Triticum Vulgare Germ Extract, Scutellaria Baicalensis Root Extract, Bisabolol, Gluconolactone, Calcium Gluconate, Panthenol, Betaine, Citrus Aurantium Dulcis Peel Oil, Mentha Piperita Oil, Sodium Polyacrylate Starch, Glycereth-26, Phenyl Trimethicone, Caprylyl Methicone, Trisodium Ethylenediamine Disuccinate, Ethyhexylglycerin, Bht, Phenoxyethanol, Sodium Benzoate.",https://www.sociolla.com/hair-serum/75608-pomelo-hair-tonic,3/2/2026
P451,Extraordinary Oil Pink Hair Serum,LOREAL PARIS,Hair Serum,100 ml,Rp184.000,"AQUA / WATER,SODIUM LAURETH SULFATE,COCO-BETAINE,COCAMIDE MIPA,SODIUM CHLORIDE,CI 17200 / RED 33,COCOS NUCIFERA OIL / COCONUT OIL,LACTIC ACID,TOCOPHEROL,SODIUM BENZOATE,HYDROXYCITRONELLAL,HYDROLYZED SILKSODIUM ACETATESODIUM HYDROXIDE,PPG-5-CETETH-20, PEG-55 PROPYLENE GLYCOL OLEATE,POLYQUATERNIUM-10,SALICYLIC ACID,BENZYL SALICYLATE,BENZYL ALCOHOL,LINALOOL,LINUM USITATISSIMUM,FLOWEREXTRACT /LINSEED FLOWER EXTRACT,AMODIMETHICONE,PROPYLENE GLYCOL,ISOPROPYL ALCOHOL,CAPRYLIC/CAPRIC TRIGLYCERIDE,GERANIOL,GARDENIA TAHITENSIS FLOWER EXTRACT,ROSA CANINA FLOWER EXTRACT,DISODIUM EDTA,CITRIC ACID,CITRONELLOL,LAURETH-5 CARBOXYLIC ACID,HEXYL CINNAMAL,GLYCOLIC ACID,PARFUM / FRAGRANCE",https://www.sociolla.com/hair-serum/8691-extraordinary-oil-pink,3/2/2026
P452,Marula Oil Hair Serum,DANCOLY,Hair Serum,60 ml,Rp309.000 Rp275.010,"helianthus annuus (sunflower) seed oil, cyclopentasiloxane, dimethicone/silsesquioxane copolymer, marula oil, macadamie ternifolia seed oil, parfum/fragrance.",https://www.sociolla.com/hair-serum/52711-marula-oil-hair-serum,3/2/2026
P453,Honey Dew Nutriv Serum Dusset,MAKARIZO PROFESSIONAL,Hair Serum,5 ml,Rp104.200 Rp85.444,"Cyclopentasiloxane, Cyclohexasiloxane, Dimethiconol, Dimethicone, Vegetable Oil; Olus Oil, Honey, Tocopheryl Acetate, Fragrance; Parfum; Aroma, Polysilicone-15, Hydrogenated Soybean Oil, CI 14700; RED 4, Retinyl Palmitate; Vit A, CI 26100; RED 17; SOLVENT RED 23, Ascorbyl Palmitate (Vitamin C Palmitate)",https://www.sociolla.com/hair-serum/28182-honey-dew-nutriv-serum-dusset,3/2/2026
P454,TRESemmé Bond Repair Serum,TRESEMMÉ,Hair Serum,100ml,Rp210.050,"Cyclopentasiloxane, Cyclohexasiloxane, Dimethiconol, Phenyl Trimethicone, Perfume, Aminopropyl Dimethicone, Dimethicone Crosspolymer, Cyclomethicone, Sclerocarya Birrea Seed Oil, Glycine Soja (Soybean) Phytoplacenta Extract.",https://www.sociolla.com/hair-serum/84020-tresemme-bond-repair-serum,3/2/2026
P455,Vitamin Rambut Hair Treatment Jar New,ELLIPS,Hair Serum,Jar,Rp121.700 Rp113.181,"Moroccan oil, Jojoba oil, Vitamin A,C,E ,Pro Vit B-5",https://www.sociolla.com/hair-serum/28576-vitamin-rambut-hair-treatment-jar-new,3/2/2026
P456,Calm it Down! Sensitive & Dry Care Scalp Serum,WONDERLUX,Hair Serum,75ml,Rp135.000 Rp121.500,"aqua, Lactobacillus ferment, BUTYLENE GLYCOL, Lactococcus ferment, Saccharomyces ferment, PROPANEDIOL Maltodextrin, Panthenol, chlorphenesin, Phenoxyethanol, Polyacrylate Crosspolymer-6, madecassoside, Propylene Glycol, 1,2-hexanediol schinus terebinthifolius seed extract, glycerin, pelvetia canaliculata extract, pogostemon cablin leaf extract, Aloe Barbadensis Extract, Laminaria Digitata Extract, ceramide 3, Glycine, SERINE, Glutamic Acid, Aspartic Acid, Leucine, Alanine, Lysine, Arginine, Tyrosine, Phenylalanine, Threonine, Proline, Valine, Isoleucine, histidine",https://www.sociolla.com/hair-serum/79840-calm-it-down-sensitive-and-dry-care-scalp-serum,3/2/2026
P457,Keratin Protein Hair Serum,BEAMARRY NEW YORK,Hair Serum,110 ML,Rp283.949 Rp184.567,"CYCLOPENTASILOXANEISODODECANE ETHYLHEXYL PALMITATE, DIMETHICONOL DIMETHICONE PARFUM, OLEA EUROPAEA JOLIVE FRUIT OIL ARGANIA SPINOSA KERNEL OIL ORBIGNYA OLEIFERA SEED OIL, TOCOPHERYL ACETATE, Ci 15985, SIMMONDSIA CHINENSIS (JOJOBA) SEED OIL BUTYROSPERMUM PARKII (SHEA BUTTER), VITIS VINIFERA (GRAPE) SEED OIL, PRUNUS AMYGDALUS DULCIS (SWEET ALMOND) OIL, KERATIN, HYDROLYZED KERATIN, OXIDIZED KERATIN",https://www.sociolla.com/hair-serum/85244-keratin-protein-hair-serum,3/2/2026
P458,ERHAIR HairGrow Kopexil & Panax Ginseng Extract Serum Twin Pack,ERHA,Hair Serum,Quantity,Rp512.960,"Kopexil™, Biotin, Niacinamide, Arginine, Castor Oil, Zinc Gluconate, Copper Gluconate, Aquaxyl, Panthenol",https://www.sociolla.com/hair-serum/88969-erhair-hairgrow-kopexil-and-panax-ginseng-extract-serum-twin-pack,3/2/2026
P459,Ultimate Repair Hair Serum,BEAMARRY NEW YORK,Hair Serum,110ml,Rp283.949 Rp184.567,"CYCLOPENTASILOXANE, ISODODECANE ETHYLHEXYL PALMITATE, DIMETHICONOL, DIMETHICONE PARFUM, OLEA EUROPAEA (OLIVE) FRUIT OIL, ARGANIA SPINOSA KERNEL OIL, ORBIGNYA OLEIFERA SEED OIL TOCOPHERYL ACETATE, COCOS NUCIFERA (COCONUT OIL MILK EXTRACT. SIMMONDSIA CHINENSIS (JOJOBA) SEED OIL BUTVROSPERMUM PARKILISHEA BUTTER HELIANTHUS ANNUUS (SUNFLOWER) SEED OIL, BUTYL AVOCADATE",https://www.sociolla.com/hair-serum/85237-ultimate-repair-hair-serum,3/2/2026
P460,L’Oreal Paris Elseve Aminexil (Fall Resist Serum Anti Hair-Fall),LOREAL PARIS,Hair Serum,102ml,Rp149.000,,https://www.sociolla.com/hair-serum/93866-l-oreal-paris-elseve-aminexil-fall-resist-serum-anti-hair-fall,3/2/2026
P461,Hair Vitamin Pro - Keratin Silky Black Blister,ELLIPS,Hair Serum,Blister,Rp16.016 Rp15.055,,https://www.sociolla.com/hair-serum/28602-hair-vitamin-pro-keratin-silky-black-blister,3/2/2026
P462,Hair Vitamin Pro - Keratin Smooth & Silky Blister,ELLIPS,Hair Serum,Blister,Rp18.000 Rp16.920,"Cyclopentasiloxane, Cyclotetrasiloxane, Dimethiconol, Fragrance; Parfum; Aroma, Tocopheryl Acetate, Glycine Soja (Soybean) Oil, Ethylhexyl Methoxycinnamate; Octinoxate, Panthenyl Ethyl Ether, Aloe Barbadensis Leaf Extract, Retinyl Palmitate; Vit A, Caprylic/Capric Triglyceride, Ascorbyl Palmitate (Vitamin C Palmitate), Pistacia Lentiscus (Mastic) Gum, BHT (Butylated hydroxytoluene)",https://www.sociolla.com/hair-serum/28600-hair-vitamin-pro-keratin-smooth-and-silky-blister,3/2/2026
P463,Serum Original,MISE EN SCÈNE,Hair Serum,80ml,Rp179.000 Rp161.100,"INGREDIENTS : CYCLOPENTASILOXANE, DIMETHICONOL, DISILOXANE, C12-15 ALKYL BENZOATE, FRAGRANCE / PARFUM, ARGANIA SPINOSA KERNEL OIL, SIMMONDSIA CHINENSIS (JOJOBA) SEED OIL, COCOS NUCIFERA (COCONUT) OIL, LIMONENE, PRUNUS ARMENIACA (APRICOT) KERNEL OIL, SCLEROCARYA BIRREA SEED OIL, OLEA EUROPAEA (OLIVE) FRUIT OIL, CAMELLIA JAPONICA SEED OIL, COCO-CAPRYLATE/CAPRATE, LINALOOL, CITRONELLOL, CAPRYLIC/CAPRIC TRIGLYCERIDE, GERANIOL, CAPSICUM ANNUUM EXTRACT, BETA-CAROTENE, TOCOPHEROL, GLYCOLIPIDS",https://www.sociolla.com/hair-serum/83501-serum-original,3/2/2026
P464,Serum Styling,MISE EN SCÈNE,Hair Serum,80ml,Rp179.000 Rp161.100,"INGREDIENTS : CYCLOPENTASILOXANE, DIMETHICONOL, DISILOXANE, ISODODECANE, C12-15 ALKYL BENZOATE, COCOS NUCIFERA (COCONUT) OIL, FRAGRANCE / PARFUM, ARGANIA SPINOSA KERNEL OIL, CAMELLIA JAPONICA SEED OIL, COCO-CAPRYLATE/CAPRATE, LINALOOL, BENZYL BENZOATE, PRUNUS ARMENIACA (APRICOT) KERNEL OIL, OLEA EUROPAEA (OLIVE) FRUIT OIL, SIMMONDSIA CHINENSIS (JOJOBA) SEED OIL, CITRONELLOL, GERANIOL, ALPHA-ISOMETHYL IONONE, COUMARIN, HEXYL CINNAMAL, ACRYLATES/POLYTRIMETHYLSILOXYMETHACRYLATE COPOLYMER, HYDROXYCITRONELLAL, GLYCOLIPIDS, SCLEROCARYA BIRREA SEED OIL",https://www.sociolla.com/hair-serum/83498-serum-styling,3/2/2026
P465,Hair Vitamin Pro - Keratin Hair Repair Blister,ELLIPS,Hair Serum,Blister,Rp18.000 Rp16.920,,https://www.sociolla.com/hair-serum/28597-hair-vitamin-pro-keratin-hair-repair-blister,3/2/2026
P466,ERHAIR HairGrow Kopexil & Panax Ginseng Extract Serum,ERHA,Hair Serum,8 ml,Rp315.500,"Kopexil™, Biotin, Niacinamide, Arginine, Castor Oil, Zinc Gluconate, Copper Gluconate, Aquaxyl, Panthenol",https://www.sociolla.com/hair-serum/9345-erha-hairgrow-serum-,3/2/2026
P467,Kundal Hair Serum,KUNDAL,Hair Serum,100 ml,Rp161.000 Rp120.750,,https://www.sociolla.com/hair-serum/58011-kundal-hair-serum,3/2/2026
P468,Elseve Glycolic Gloss Acidifer,LOREAL PARIS,Hair Serum,100 ml,Rp109.000,,https://www.sociolla.com/hair-serum/94974-elseve-glycolic-gloss-acidifer,3/2/2026
P469,Serum,LAE SA LUAY,Hair Serum,50ml,Rp137.000 Rp123.300,"KERATIN, CHARCOAL EXTRACT, AQUA, GLYCOL DISTEARATE",https://www.sociolla.com/hair-serum/64113-serum,3/2/2026
P470,ERHAIR Scalperfect Allantoin & Silk Protein Scalp Soothing Serum,ERHA,Hair Serum,30 ml,Rp110.000 Rp96.800,"Allantoin, Hydrolyzed Silk Protein, Piroctone Olamine, Zinc Gluconate, Niacinamide, Salicylic Acid (BHA), Menthol",https://www.sociolla.com/hair-serum/53680-erhair-scalperfect-allantoin-and-silk-protein-scalp-soothing-serum,3/2/2026
P471,Hair Vitamin Moroccan Oil Smooth & Shiny Blister,ELLIPS,Hair Serum,Blister,Rp18.000 Rp16.920,"Moroccan Oil, Aloe Vera Oil, Vitamin A,C,E, Pro Vit B-5",https://www.sociolla.com/hair-serum/28568-hair-vitamin-moroccan-oil-smooth-and-shiny-blister,3/2/2026
P472,Organic Brightening Serum-Tranexamic Peptide Postbiotic,EUCALIE,Hair Serum,20 ml,Rp299.000 Rp239.200,"• Niacinamide Also known as a vitamin B3 which is also an anti-oxidant. Effective to reduce blemishes and brighten the skin and has also been shown to improve skin elasticity, reduce fine lines and hyperpigmentation. • Tranexamic Peptide A more powerful form of Tranexamic that is effective in brighten skin, reduce dark spots, improve skin texture, and protect skin from pollution & environmental damage • Marine Postbiotic Proven clinallly to signifantly reduce dark spots, brighten complexion, protect from pollution, inhibit melanin production, and increase skin's defense mechanism & skin barrier against environmental damage • Organic Phragmites Kharka<.. See More",https://www.sociolla.com/hair-serum/62556-organic-brightening-serum-tranexamic-peptide-postbiotic,3/2/2026
P473,Advisor Vitamax,MAKARIZO,Hair Serum,50 ml,Rp69.900 Rp62.910,"Cyclotetrasiloxane , Cyclopentasiloxane, Dimethiconol, Phenyl Trimethicone, Tocopheryl Acetate, Perfume, Hydrolyzed Silk PG-Propyl , Hydrogenated Soya Bean Oil, Retinyl Palmitate, Ascorbyl Palmitate. Formulated by : Crowne Solution., LLC 720 14th Street Sacramento CA95814",https://www.sociolla.com/hair-serum/28157-advisor-vitamax,3/2/2026
P474,Hair Vitamin Moroccan Oil Nutri Color Blister,ELLIPS,Hair Serum,Blister,Rp18.000 Rp16.920,"Cyclopentasiloxane, Cyclotetrasiloxane, Dimethiconol, Fragrance; Parfum; Aroma, Tocopheryl Acetate, Glycine Soja (Soybean) Oil, Ascorbyl Palmitate (Vitamin C Palmitate), Retinyl Palmitate; Vit A, Helianthus Annuus (Sunflower) Seed Oil, Polysilicone-15, Panthenyl Ethyl Ether, Argania Spinosa (Argan) Kernel Oil, Amodimethicone",https://www.sociolla.com/hair-serum/28579-hair-vitamin-moroccan-oil-nutri-color-blister,3/2/2026
P475,Vitamin Rambut Nutricolor Jar New,ELLIPS,Hair Serum,Jar,Rp121.700 Rp114.398,"Cyclopentasiloxane, Cyclotetrasiloxane, Dimethiconol, Fragrance; Parfum; Aroma, Tocopheryl Acetate, Glycine Soja (Soybean) Oil, Ascorbyl Palmitate (Vitamin C Palmitate), Retinyl Palmitate; Vit A, Helianthus Annuus (Sunflower) Seed Oil, Polysilicone-15, Panthenyl Ethyl Ether, Argania Spinosa (Argan) Kernel Oil, Amodimethicone",https://www.sociolla.com/hair-serum/28578-vitamin-rambut-nutricolor-jar-new,3/2/2026
P476,Real Mary Energizing Scalp Spray,RATED GREEN,Hair Serum,120 ml,Rp225.000 Rp213.750,"Alcohol, Rosmarinus Officinalis (Rosemary) Leaf Water, Glycerin, Water, Methylpropanediol, Rosmarinus Officinalis (Rosemary) Leaf Oil, Menthol, Glycine Soja (Soybean) Seed Extract, Glycine Soja (Black Soybean) Seed Extract, Anthemis Nobilis Flower Extract, Zingiber Officinale (Ginger) Root Extract, Lavandula Angustifolia (Lavender) Extract, Origanum Vulgare Flower/Leaf/Stem Extract, Rosmarinus Officinalis (Rosemary) Extract, Thymus Vulgaris (Thyme) Extr act, Biotin, Melaleuca Alternifolia (Tea Tree) Leaf Oil, Mentha Piperita (Peppermint) Oil, Helianthus Annuus (Sunflower) Seed Oil, Citrus Paradisi (Grapefruit) Fruit Extract, Citrus Limon (Lemon) Peel Oil, Oryza Sativa (Rice) Extract, Sesa.. See More",https://www.sociolla.com/hair-serum/14648-real-mary-energizing-scalp-spray,3/2/2026
P477,Hair Vitamin Moroccan Oil Hair Treatment Blister,ELLIPS,Hair Serum,Blister,Rp18.000 Rp16.920,"Moroccan oil, Jojoba oil, Vitamin A,C,E ,Pro Vit B-5",https://www.sociolla.com/hair-serum/28577-hair-vitamin-moroccan-oil-hair-treatment-blister,3/2/2026
P478,Intensive Scalp Serum,DJAMUJAMU,Hair Serum,45 ml,Rp245.000 Rp208.250,"Tunas Kacang; Kemangi ; Ginseng; Jahe Water, Alcohol, Pisum Sativum Sprout Extract, Ocimum Basilicum Hairy Root Culture Extract, PEG-40 Hydrogenated Castor Oil, Panax Ginseng Root Extract, Menthyl Lactate, Hydroxyethylcellulose, Sodium Benzoate, Zingiber Officinale Root Oil, Salicylic Acid, Santalum Austrocaledonicum Wood Oil",https://www.sociolla.com/hair-serum/74234-intensive-scalp-serum,3/2/2026
P479,Hold My Strands! Hair Fall Treatment Scalp Serum,WONDERLUX,Hair Serum,75ml,Rp185.000 Rp166.500,"Aqua, Butylene Glycol, Tetrasodium, Disuccinoyl Cystine, Propanediol, Ammonium Polyacryloyldimethyl Taurate, Hydroxypropylgluconamide, Niacinamide, Aloe Barbadensis Extract, Oryza Sativa Bran Water, Hydroxypropylammonium Gluconate, Glycerin, Ethanol, Pathenol, Chlorphenesin, Phenoxyethanol, Zingiber Officinale Extract, PPG-26-buteth-26, PEG-40 Hydrogenated Castor Oil, Phyllanthus Emblica Fruit Extract, Bioflavonoids, Glycine, Apigenin, Serine, Glutamic Acid, Oleanolic Acid, Aspartic Acid, Leucine, Biotinoyl Tripeptide-1, Alanine, Lysine, Arginine, Tyrosine, Phenylalanine, Threonine, Proline, Valine, Isoleucine, Histidine",https://www.sociolla.com/hair-serum/82735-hold-my-strands-hair-fall-treatment-scalp-serum,3/2/2026
P480,Grev Peptide Organic Grey Hair Serum untuk Uban,EUCALIE,Hair Serum,30ml,Rp299.000 Rp245.180,"Greyverse, Acetyl Tetrapeptide-3, Trifolium Pratense (Clover) Flower Extract, Organic Castor Oil",https://www.sociolla.com/hair-serum/82739-grev-peptide-organic-grey-hair-serum-untuk-uban,3/2/2026
P481,Set The Oil Free! Sensitive & Oily Care Scalp Serum,WONDERLUX,Hair Serum,75ml,Rp135.000 Rp121.500,"aqua, Caprylic/Capric Triglyceride, Lactobacillus ferment, butylene glycol, Lactococcus ferment, Saccharomyces ferment, PROPANEDIOL, Maltodextrin, Farnesyl acetate, Farnesol, Panthenyl triacetate, Panthenol, chlorphenesin, Phenoxyethanol, Polyacrylate Crosspolymer-6, Propylene Glycol, 1,2-hexanediol, schinus terebinthifolius seed extract, Pelvetia canaliculata extract, Aloe Barbadensis Extract, Laminaria Digitata Extract, ceramide 3, Glycine, Tocopherol, Parfum, apium graveolens seed extract, Serine, Glutamic Acid, Aspartic Acid, Leucine, Alanine, Lysine, Arginine, Tyrosine, phenylalanine, Threonine, Proline, Valine, Isoleucine, Histidine",https://www.sociolla.com/hair-serum/78250-set-the-oil-free-sensitive-and-oily-care-scalp-serum,3/2/2026
P482,Honey Dew Restructuring Serum,MAKARIZO PROFESSIONAL,Hair Serum,5 ml,Rp104.200 Rp85.444,"Lauryl Alcohol, Myristyl Alcohol, Cetrimonium Chloride, Propylene Glycol, Dimethicone Copolyol, Diglycerin, Panthenyl Ethyl Ether, Alcohol; Ethanol, Sodium PCA, Sodium Lactate, Arginine, Aspartic Acid, PCA, Glycine, Alanine, Serine, Valine, Proline, Threonine, Isoleucine, Histidine, Phenylalanine, CI 42090; BLUE NO. 1 BLUE NO. 4, Fragrance; Parfum; Aroma, Aqua/Water",https://www.sociolla.com/hair-serum/28184-honey-dew-restructuring-serum,3/2/2026
P483,CBD Bio+Peptide Cmplx Serum 10,CBD PROFESSIONAL,Hair Serum,10ml,Rp45.000 Rp33.750,,https://www.sociolla.com/hair-serum/90016-cbd-bio-peptide-cmplx-serum-10,3/2/2026
P484,Ciara Hair Perfector Protein Cream,CIARA,Hair Serum,60g,Rp115.000 Rp86.250,,https://www.sociolla.com/hair-serum/85953-ciara-hair-perfector-protein-cream,3/2/2026
P485,Scalp Care Shampoo 170ml,TRESEMME,Shampoo,170ml,49.5,"Aqua, Sodium Laureth Sulfate, Sodium Lauryl Sulfate, Glycol Distearate, Perfume, Dimethicone, Cocamidopropyl Betaine, Dimethiconol, Argania Spinosa Kernel (Argan) Oil, Melaleuca Alternifolia (Tea Tree) Leaf Oil, Menthol, Guar Hydroxypropyltrimonium Chloride, Polyquaternium-74, Propylene Glycol, Cocamide DEA, Sodium Sulfate, Sodium Chloride, Potassium Chloride, Citric Acid, Sodium Hydroxide, TEA-Sulfate, Tetrasodium EDTA, Disodium EDTA, TEA-Dodecylbenzenesulfonate, PEG-7M, PEG-40 Hydrogenated Castor Oil, Polysorbate 20, Sodium Benzoate, Methylchloroisothiazolinone, Methylisothiazolinone, Benzyl Alcohol, Iodopropynyl Butylcarbamate, DMDM Hydantoin, Panthenol (Vitamin B5), Panthenyl Ethyl Ether, Sodium PCA, Sodium Lactate, Arginine, Aspartic Acid, PCA, Glycine, Alanine, Serine, Valine, Proline, Threonine, Isoleucine, Histidine, Phenylalanine, Niacinamide, Calcium Pantothenate, Sodium Ascorbyl Phosphate (Vitamin C), Tocopheryl Acetate (Vitamin E Acetate), Pyridoxine HCL (Vitamin B6), Tocopherol, Maltodextrin, Sodium Starch Octenylsuccinate, Silica, Hydrogen Peroxide, C12-15 Pareth-3, Hexylene Glycol, Laureth-4, Laureth-23, PEG-55 Stearate, Cyclohexasiloxane, Cyclotetrasiloxane, Cyclopentasiloxane, CI 42090, CI 47005",https://www.watsons.co.id/id/tresemme-scalp-care-shampoo-170ml/p/BP_73931,4/15/2026
P486,2-in-1 Shampoo Cool Menthol 400ml,HEAD & SHOULDER,Shampoo,400ml,113.5,"water, sodium laureth sulfate, cocamidopropyl betaine, zinc pyrithione, menthol, fragrance, polyquaternium, silicone quaterniums, citric acid,",https://www.watsons.co.id/id/head-shoulder-2-in-1-shampoo-cool-menthol-400ml/p/BP_74788,4/15/2026
P487,Dr Soap Shampoo Mars Spice No.33 400 Ml,DR SOAP,Shampoo,400 Ml,235,"Aqua, Cocamidopropyl Betaine, Disodium Laureth Sulfosuccinate,Butylene Glycol,Polyquaterium-6, Glycerin, PEG-120 Methyl Glucose Trioleate, Glycol Stearate,parfum,malus Domestica Fruit Cell Culture Extract, Sodium Benzoate, Citric Acid, Xylityglucoside, Anhydroxylitol,Cylitol, Sodium Chloride, Piroctone Olamine, Aloe Barbadensis Leaf Extract,Citrus Bioflavonoids, Complex, Hydroxyacetophenone, Brassica Oleracea Italica Extract",https://www.watsons.co.id/id/dr-soap-dr-soap-shampoo-mars-spice-no.33-400-ml/p/BP_35200,4/15/2026
P488,Shampoo Hair Xpert Itchy Scalp Treatment 160gr,SAFI,Shampoo,160gr,32.5,"Aqua, Sodium Laureth Sulfate, Cocamidopropyl Betaine, Dimethicone, Glycol Distearate, Sodium Chloride, Fragrance, Potassium Cocoyl Glycinate, Acrylates Copolymer, Polyquaternium-10, DMDM Hydantoin, Guar Hydroxypropyltrimonium Chloride, Laureth-23, Laureth-3, Disodium EDTA, Propylene Glycol, Rosmarinus Officinalis Leaf Oil, Glucose, PEG-40 Hydrogenated Castor Oil, Trideceth-9, Lactic Acid, Panax Ginseng Root Extract, Sodium Benzoate, Potassium Sorbate, Hydrolyzed Keratin, Caramel, Phenoxyethanol.",https://www.watsons.co.id/id/safi-shampoo-hair-xpert-itchy-scalp-treatment-160gr/p/BP_17357,4/15/2026
P489,Shampoo Supreme Anti Hair Fall 135ml,HEAD & SHOULDER,Shampoo,135ml,34.6,"Aqua, Sodium Laureth Sulfate, Cocamidopropyl Betaine, Dimethicone, Ethylene Glycol Distearate, Fragrance, Sodium Lauryl Sulfate, Sodium Chloride, Acrylates Copolymer, Polyquaternium-10, DMDM Hydantoin, Laureth-23, Laureth-3, Guar Hydroxypropyltrimonium Chloride, Disodium EDTA, Butylene Glycol, Argania Spinosa Kernel Oil, Phytosteryl/Octyldodecyl Lauroyl Glutamate, Vitis Vinifera (Grape) Seed Extract.",https://www.watsons.co.id/id/head-shoulder-shampoo-supreme-anti-hair-fall-135ml/p/BP_70589,4/15/2026
P490,Hair Energy Fibertherapy Conditioning Shampoo Kiwi 170ml,MAKARIZO,Shampoo,170ml,32.9,,https://www.watsons.co.id/id/makarizo-hair-energy-fibertherapy-conditioning-shampoo-kiwi-170ml/p/BP_72697,4/15/2026
P491,Emeron Shampoo Hijab Clean & Fresh 340ml,EMERON,Shampoo,340ml,29.9,"Aqua, Sodium Laureth Sulfate, Sodium Lauryl Sulfate, Glycol Distearate, Perfume, Dimethicone, Cocamidopropyl Betaine, Dimethiconol, Argania Spinosa Kernel (Argan) Oil, Melaleuca Alternifolia (Tea Tree) Leaf Oil, Menthol, Guar Hydroxypropyltrimonium Chloride, Polyquaternium-74, Propylene Glycol, Cocamide DEA, Sodium Sulfate, Sodium Chloride, Potassium Chloride, Citric Acid, Sodium Hydroxide, TEA-Sulfate, Tetrasodium EDTA, Disodium EDTA, TEA-Dodecylbenzenesulfonate, PEG-7M, PEG-40 Hydrogenated Castor Oil, Polysorbate 20, Sodium Benzoate, Methylchloroisothiazolinone, Methylisothiazolinone, Benzyl Alcohol, Iodopropynyl Butylcarbamate, DMDM Hydantoin, Panthenol (Vitamin B5), Panthenyl Ethyl Ether, Sodium PCA, Sodium Lactate, Arginine, Aspartic Acid, PCA, Glycine, Alanine, Serine, Valine, Proline, Threonine, Isoleucine, Histidine, Phenylalanine, Niacinamide, Calcium Pantothenate, Sodium Ascorbyl Phosphate (Vitamin C), Tocopheryl Acetate (Vitamin E Acetate), Pyridoxine HCL (Vitamin B6), Tocopherol, Maltodextrin, Sodium Starch Octenylsuccinate, Silica, Hydrogen Peroxide, C12-15 Pareth-3, Hexylene Glycol, Laureth-4, Laureth-23, PEG-55 Stearate, Cyclohexasiloxane, Cyclotetrasiloxane, Cyclopentasiloxane, CI 42090, CI 47005",https://www.watsons.co.id/id/emeron-emeron-shampoo-hijab-clean-fresh-340ml/p/BP_43240,4/15/2026
P492,Hair Fall Control Shampoo 170ml,TRESEMME,Shampoo,170ml,47.5,"Water, Sodium Laureth Sulfate, Sodium Lauryl Sulfate, Dimethicone, Cocamide MEA, Zinc Carbonate, Glycol Distearate, Sodium Chloride, Zinc Pyrithione, Sodium Xylenesulfonate, Fragrance, Cetyl Alcohol, Guar Hydroxypropyltrimonium Chloride, Magnesium Sulfate, Sodium Benzoate, Magnesium Carbonate Hydroxide, Benzyl Alcohol, Methylchloroisothiazolinone, Methylisothiazolinone, CI 19140, CI 17200.",https://www.watsons.co.id/id/tresemme-hair-fall-control-shampoo-170ml/p/BP_73928,4/15/2026
P493,PRO-V Shampoo Total Damage Care 135ml,PANTENE,Shampoo,135ml,31,"Water, Sodium Lauryl Sulfate, Sodium Laureth Sulfate, Sodium Chloride, Cocamidopropyl Betaine, Dimethicone, Glycol Distearate, Citric Acid, Fragrance, Sodium Citrate, Cocamide MEA, Sodium Xylenesulfonate, Guar Hydroxypropyltrimonium Chloride, Sodium Benzoate, Tetrasodium EDTA, Trisodium Ethylenediamine Disuccinate, Panthenol, Panthenyl Ethyl Ether, Methylchloroisothiazolinone, Methylisothiazolinone.",https://www.watsons.co.id/id/pantene-pro-v-shampoo-total-damage-care-135ml/p/BP_70202,4/15/2026
P494,Shampoo Lemon Fresh 300ml,HEAD & SHOULDER,Shampoo,300ml,76.9,"Water, Sodium Lauryl Sulfate, Sodium Laureth Sulfate, Sodium Chloride, Glycol Distearate, Zinc Carbonate, Sodium Xylenesulfonate, Cocamidopropyl Betaine, Fragrance, Zinc Pyrithione, Dimethicone, Sodium Benzoate, Guar Hydroxypropyltrimonium Chloride, Magnesium Carbonate Hydroxide, Citrus Limon (Lemon) Fruit Extract, Methylchloroisothiazolinone, Methylisothiazolinone",https://www.watsons.co.id/id/head-shoulder-shampoo-lemon-fresh-300ml/p/BP_72992,4/15/2026
P495,Shampoo Biotin Hairfall Control 290ml,DOVE,Shampoo,290ml,47.5,"Water, Sodium Laureth Sulfate, Cocamidopropyl Betaine, Dimethiconol, Sodium Chloride, Perfume, Sodium Gluconate, Glycerin, Glycol Distearate, PPG-7, TEA-Dodecylbenzenesulfonate, Sodium Benzoate, Carbomer, Guar Hydroxypropyltrimonium Chloride, Mica, Citric Acid, Cocamide MEA, PEG-45M, Trideceth-10, Disodium EDTA, Titanium Dioxide, Phenoxyethanol, Urea, Disodium Phosphate, Silica, Biotin, Zinc Sulfate Heptahydrate, Iodopropynyl Butylcarbamate, Ceramide NG, Butylated Hydroxytoluene, Sodium Sulfate, Hydrolyzed Yeast Protein, Potassium Sorbate, CI 15985, CI 19140",https://www.watsons.co.id/id/dove-shampoo-biotin-hairfall-control-290ml/p/BP_63901,4/15/2026
P496,Shampoo Niacinamide Hairfall Control 155ml,DOVE,Shampoo,155ml,26,"Water, Sodium Laureth Sulfate, Cocamidopropyl Betaine, Dimethiconol, Propylene Glycol, Perfume, Sodium Chloride, Citric Acid, Sodium Benzoate, Climbazole, Carbomer, Guar Hydroxypropyltrimonium Chloride, TEA-Dodecylbenzenesulfonate, Glycerin, TEA-Sulfate, Disodium EDTA, Phenoxyethanol, Helianthus Annuus (Sunflower) Seed Oil, Niacinamide, Zinc Sulfate Heptahydrate, Iodopropynyl Butylcarbamate, Ceramide NG, Sodium Hydroxide, Hydrolyzed Yeast Protein, Potassium Sorbate",https://www.watsons.co.id/id/dove-shampoo-niacinamide-hairfall-control-155ml/p/BP_64166,4/15/2026
P497,L'Oreal Paris Elseve Hyaluron Moisture Shampoo 280ml,L'OREAL,Shampoo,280ml,99.5,"Aqua / Water, Sodium Laureth Sulfate, Dimethicone, Glycol Distearate, Sodium Chloride, Cocamidopropyl Betaine, Ci 60730 / Ext. Violet 2, Guar Hydroxypropyltrimonium Chloride, Coco-Betaine, Cocos Nucifera Oil / Coconut Oil, Sodium Benzoate, Sodium Hydroxide, Sodium Hyaluronate, Steareth-6, Phenoxyethanol, Acetic Acid, Peg-100 Stearate, Trideceth-10, Trideceth-3, Salicylic Acid, Limonene, Fumaric Acid, Amodimethicone, Carbomer, Citric Acid, Hexylene Glycol, Glycerin, Fragrance. (F.I.L. Y70013577/1)",https://www.watsons.co.id/id/l-oreal-l-oreal-paris-elseve-hyaluron-moisture-shampoo-280ml/p/BP_29753,4/15/2026
P498,Treatment Care Keratin Shampoo 300ml,WATSONS,Shampoo,300ml,38.9,"Keratin, Sunflower Extract, Vitamin Complex, dan Glycerin.",https://www.watsons.co.id/id/watsons-treatment-care-keratin-shampoo-300ml/p/BP_67916,4/15/2026
P499,Olive Deep Moisturising Shampoo 100ml,NATURALS BY WATSONS,Shampoo,100ml,18.9,,https://www.watsons.co.id/id/naturals-by-watsons-olive-deep-moisturising-shampoo-100ml/p/BP_48146,4/15/2026
P500,Shampoo Biotin Hairfall Control 750ml,DOVE,Shampoo,750ml,86.5,"Water, Sodium Laureth Sulfate, Cocamidopropyl Betaine, Dimethiconol, Sodium Chloride, Perfume, Sodium Gluconate, Glycerin, Glycol Distearate, PPG-7, TEA-Dodecylbenzenesulfonate, Sodium Benzoate, Carbomer, Guar Hydroxypropyltrimonium Chloride, Mica, Citric Acid, Cocamide MEA, PEG-45M, Trideceth-10, Disodium EDTA, Titanium Dioxide, Phenoxyethanol, Urea, Disodium Phosphate, Silica, Biotin, Zinc Sulfate Heptahydrate, Iodopropynyl Butylcarbamate, Ceramide NG, Butylated Hydroxytoluene, Sodium Sulfate, Hydrolyzed Yeast Protein, Potassium Sorbate, CI 15985, CI 19140",https://www.watsons.co.id/id/dove-shampoo-biotin-hairfall-control-750ml/p/BP_64170,4/15/2026
P501,Hijab Shampoo Refresh And Anti Dandruff 300ml,SUNSILK,Shampoo,300ml,54.9,"Water (Aqua), Sodium Laureth Sulfate, Dimethiconol, Cocamidopropyl Betaine, Sodium Chloride, Perfume, Carbomer, Citric Acid, Menthol, TEA-Dodecylbenzen sulfonate, Sodium Hydrodixe, Guar Hydroxypropyltrimonium Chloride, TEA-Sulfate, Mica, Sodium benzoate, DMDM Hydantoin, Disodium EDTA, Phenoxyethanol, Cyclotetrasiloxane, Polyurethane Crosspolymer-2, Titanium Dioxide, Magnesium Nitrate, Urea, Acrylamidopropyltrimonium Chloride/Acrylamide Copolymer, Glycerin, Methylchloroisothiazolinone, Magnesium Chloride, Propanediol, Iodopropynyl Butylcarbamate, Methylisothiazolinone, Ficus Carica (Fig) Fruit Extract, Sodium Sulfate, Acetic Acid, Citrus Pardisi (Grapefruit) Fruit Extract, CI 19140, CI 42090",https://www.watsons.co.id/id/sunsilk-hijab-shampoo-refresh-and-anti-dandruff-300ml/p/BP_73203,4/15/2026
P502,Hair Energy Fibertherapy Conditioning Shampoo Aloe & Melon 330ml,MAKARIZO,Shampoo,330ml,58.2,"Aqua, Sodium Laureth Sulfate, Sodium Lauryl Sulfate, Glycol Distearate, Cocamidopropyl Betaine, Dimethiconol, Perfume, Dimethicone, Propylene Glycol, Argania Spinosa Kernel (Argan) Oil, Aloe Barbadensis (Aloe Vera) Leaf Extract, Panax Quinquefolium (Ginseng) Root Extract, Guar Hydroxypropyltrimonium Chloride, Polyquaternium-10, Cocamide DEA, Sodium Sulfate, Sodium Chloride, Potassium Chloride, Citric Acid, Sodium Hydroxide, TEA-Sulfate, Tetrasodium EDTA, TEA-Dodecylbenzenesulfonate, Sodium Benzoate, Methylchloroisothiazolinone, Methylisothiazolinone, Benzyl Alcohol, Iodopropynyl Butylcarbamate, DMDM Hydantoin, Panthenol (Vitamin B5), Panthenyl Ethyl Ether, Sodium PCA, Sodium Lactate, Arginine, Aspartic Acid, PCA, Glycine, Alanine, Serine, Valine, Proline, Threonine, Isoleucine, Histidine, Phenylalanine, Niacinamide, Calcium Pantothenate, Sodium Ascorbyl Phosphate (Vitamin C), Tocopheryl Acetate (Vitamin E Acetate), Pyridoxine HCL (Vitamin B6), Cyclotetrasiloxane, Cyclopentasiloxane, Cyclohexasiloxane, Maltodextrin, Sodium Starch Octenylsuccinate, Silica, Hydrogen Peroxide, C12-15 Pareth-3, Hexylene Glycol, CI 42090, CI 47005.",https://www.watsons.co.id/id/makarizo-hair-energy-fibertherapy-conditioning-shampoo-aloe-melon-330ml/p/BP_72700,4/15/2026
P503,Dry Shampoo Fruity & Cheeky Cherry 200ml,BATISTE,Shampoo,200ml,122.9,"Aqua, Benzalkonium Chloride,Cyclopentasiloxane, Cyclohexasiloxane",https://www.watsons.co.id/id/batiste-dry-shampoo-fruity-cheeky-cherry-200ml/p/BP_15438,4/15/2026
P504,PRO-V Shampoo Daily Moisture Repair 135ml,PANTENE,Shampoo,135ml,31,"Water, Sodium Lauryl Sulfate, Sodium Laureth Sulfate, Sodium Chloride, Cocamidopropyl Betaine, Glycol Distearate, Citric Acid, Fragrance, Sodium Citrate, Cocamide MEA, Sodium Xylenesulfonate, Dimethicone, Guar Hydroxypropyltrimonium Chloride, Sodium Benzoate, Tetrasodium EDTA, Trisodium Ethylenediamine Disuccinate, Panthenol, Panthenyl Ethyl Ether, Methylchloroisothiazolinone, Methylisothiazolinone.",https://www.watsons.co.id/id/pantene-pro-v-shampoo-daily-moisture-repair-135ml/p/BP_71720,4/15/2026
P505,Smooth & Silky Anti-Dandruff Shampoo 160ml,HEAD & SHOULDER,Shampoo,160ml,34.9,"Water, Sodium Laureth Sulfate, Sodium Lauryl Sulfate, Dimethicone, Cocamide MEA, Zinc Carbonate, Glycol Distearate, Sodium Chloride, Zinc Pyrithione, Sodium Xylenesulfonate, Fragrance, Cetyl Alcohol, Guar Hydroxypropyltrimonium Chloride, Magnesium Sulfate, Sodium Benzoate, Magnesium Carbonate Hydroxide, Benzyl Alcohol, Methylchloroisothiazolinone, Methylisothiazolinone.",https://www.watsons.co.id/id/head-shoulder-smooth-silky-anti-dandruff-shampoo-160ml/p/BP_45279,4/15/2026
P506,CBD Keratin Pro Daily Shampoo 250ml,CBD,Shampoo,250ml,47.9,"Aqua, Sodium Laureth Sulfate, Cocamidopropyl Betaine, Perfume, Glycol Distearate, Phenoxyethanol, Sodium Chloride, Laureth-4, Panthenol, Sodium PCA, PEG-120 Methyl Glucose Dioleate, Chlorphenesin, Glycerin, Hydrolyzed Keratin, Disodium EDTA, Formic Acid",https://www.watsons.co.id/id/cbd-cbd-keratin-pro-daily-shampoo-250ml/p/BP_35454,4/15/2026
P507,Tresemme Bond Repair Hair Fall Control Shampoo 670ml,TRESEMME,Shampoo,670ml,138,,https://www.watsons.co.id/id/tresemme-tresemme-bond-repair-hair-fall-control-shampoo-670ml/p/BP_26071,4/15/2026
P508,L'Oreal Paris Fall Resist 3x Anti-Hairfall Shampoo Scalp Hair Care 155ml,L'OREAL,Shampoo,155ml,57.9,"AQUA / WATER, SODIUM LAURETH SULPHATE, DIMETHICONE, COCO-BETAINE, SODIUM CHLORIDE, GLYCOL DISTEARATE, GUAR HYDROXYPROPYLTRIMONIUM CHLORIDE, COCAMIDE MIPA, SODIUM BENZOATE, SODIUM COCOATE, SODIUM HYDROXIDE, ARGININE, SALICYLIC ACID, LIMONENE, LINALOOL, 2-OLEAMIDO-1, 3-OCTADECANEDIOL, CARBOMER, METHYL COCOATE, CITRIC ACID, HEXYLENE GLYCOL, HEXYL CINNAMAL, PARFUM PERFUME / FRAGRANCE Perfume ingredients are found in cosmetic products acting as a vector of sensory and emotional pleasure. They are evaluated by both our suppliers and internal teams to ensure they are completely safe. ,/FRAGRANCE (F.I.L C44447/1)",https://www.watsons.co.id/id/l-oreal-l-oreal-paris-fall-resist-3x-anti-hairfall-shampoo-scalp-hair-care-155ml/p/BP_21473,4/15/2026
P509,Clear Shampoo Anti Ketombe Fresh Cool Lemon 160Ml,CLEAR,Shampoo,160Ml,39.6,"Water, Sodium Lauryl Sulfate, Sodium Laureth Sulfate, Sodium Chloride, Glycol Distearate, Zinc Carbonate, Sodium Xylenesulfonate, Cocamidopropyl Betaine, Fragrance, Zinc Pyrithione, Dimethicone, Sodium Benzoate, Guar Hydroxypropyltrimonium Chloride, Magnesium Carbonate Hydroxide, Citrus Limon (Lemon) Fruit Extract, Methylchloroisothiazolinone, Methylisothiazolinone",https://www.watsons.co.id/id/clear-clear-shampoo-anti-ketombe-fresh-cool-lemon-160ml/p/BP_38690,4/15/2026
P510,Premium Cool & Repair Bundle Shampoo + Conditioner 450ml,TSUBAKI,Conditioner,450ml,299.8,"TSUBAKI Premium Cool & Repair Shampoo 450ml AQUA, SODIUM LAURETH SULFATE, COCAMIDOPROPYL BETAINE, MENTHOL, DIPROPYLENE GLYCOL, FRAGRANCE, GUAR HYDROXYPROPYLTRIMONIUM CHLORIDE, PEG-2 LAURATE, PHENOXYETHANOL, SODIUM BENZOATE, SODIUM SULFATE, SODIUM METHYLTAURATE, HYDROXYETHYL UREA, CITRIC ACID, PEG-60 HYDROGENATED CASTOR OIL, SALICYLIC ACID, DISODIUM EDTA, LACTIC ACID, AMMONIUM LACTATE, CAMELLIA JAPONICA SEED OIL, PPG-70 GLYCERYL ETHER, BUTYLENE GLYCOL, SODIUM DILAURAMIDOGLUTAMIDE LYSINE, ETHYLHEXYL PALMITATE, BIS-ETHYLHEXYLOXYPHENOL METHOXYPHENYL TRIAZINE, PHYTOSTERYL/OCTYLDODECYL LAUROYL GLUTAMATE, PHYTOSTERYL MACADAMIATE, MENTHA PIPERITA (PEPPERMINT) LEAF EXTRACT, SQUALANE, BHT, TOCOPHEROL. TSUBAKI Premium Cool & Repair Conditioner 450ml AQUA, ISOPENTYLDIOL, BEHENTRIMONIUM CHLORIDE, GLYCERIN, STEARYL ALCOHOL, DIMETHICONE, BEHENYL ALCOHOL, CETYL ALCOHOL, ISOPROPYL ALCOHOL, FRAGRANCE, DIPROPYLENE GLYCOL, MENTHOL, ISOPROPYL MYRISTATE, PEG-2 LAURATE, SODIUM BENZOATE, PHENOXYETHANOL, AMODIMETHICONE, SODIUM METHYLTAURATE, SALICYLIC ACID, HYDROXYETHYL UREA, AMINOPROPYL DIMETHICONE, PPG-2-DECETH-12, STEARTRIMONIUM CHLORIDE, C13-16 ISOPARAFFIN, LACTIC ACID, POLYSILICONE-13, DISODIUM EDTA, SQUALANE, CAMELLIA JAPONICA SEED OIL, C10-13 ISOPARAFFIN, AMMONIUM LACTATE, BUTYLENE GLYCOL, SODIUM DILAURAMIDOGLUTAMIDE LYSINE, ETHYLHEXYL PALMITATE, BIS-ETHYLHEXYLOXYPHENOL METHOXYPHENYL TRIAZINE, CETRIMONIUM CHLORIDE, PHYTOSTERYL/OCTYLDODECYL LAUROYL GLUTAMATE, PHYTOSTERYL MACADAMIATE, MENTHA PIPERITA (PEPPERMINT) LEAF EXTRACT, TOCOPHEROL.",https://www.watsons.co.id/id/tsubaki-premium-cool-repair-bundle-shampoo-conditioner-450ml/p/BP_61259,4/15/2026
P511,Shampoo Niacinamide Hairfall Control 290ml,DOVE,Shampoo,290ml,47.5,"Water, Sodium Laureth Sulfate, Cocamidopropyl Betaine, Dimethiconol, Propylene Glycol, Perfume, Sodium Chloride, Citric Acid, Sodium Benzoate, Climbazole, Carbomer, Guar Hydroxypropyltrimonium Chloride, TEA-Dodecylbenzenesulfonate, Glycerin, TEA-Sulfate, Disodium EDTA, Phenoxyethanol, Helianthus Annuus (Sunflower) Seed Oil, Niacinamide, Zinc Sulfate Heptahydrate, Iodopropynyl Butylcarbamate, Ceramide NG, Sodium Hydroxide, Hydrolyzed Yeast Protein, Potassium Sorbate",https://www.watsons.co.id/id/dove-shampoo-niacinamide-hairfall-control-290ml/p/BP_63883,4/15/2026
P512,Lavender Balancing Shampoo 490ml,NATURALS BY WATSONS,Shampoo,490ml,57.9,,https://www.watsons.co.id/id/naturals-by-watsons-lavender-balancing-shampoo-490ml/p/BP_48148,4/15/2026
P513,PRO-V Shampoo Hair Fall Control 160 ml - Perawatan Rambut Rontok,PANTENE,Shampoo,160 ml,31,"WATER, SODIUM LAURETH SULFATE, SODIUM CHLORIDE, SODIUM XYLENESULFONATE, COCAMIDOPROPYL BETAINE, SODIUM LAURYL SULFATE, STEARYL ALCOHOL, FRAGRANCE, SODIUM CITRATE, CETYL ALCOHOL, GLYCERIN, DIMETHICONOL, GUAR HYDROXYPROPYLTRIMONIUM CHLORIDE, DIMETHICONE, CITRIC ACID, SODIUM BENZOATE, TEA-DODECYLBENZENESULFONATE, TETRASODIUM EDTA, TRIDECETH-10, POLYQUATERNIUM-6, POLYQUATERNIUM-10, PANTHENOL, TRIHYDROXYSTEARIN, METHYLCHLOROISOTHIAZOLINONE, PROPYLENE GLYCOL, METHYLISOTHIAZOLINONE.",https://www.watsons.co.id/id/pantene-pro-v-shampoo-hair-fall-control-160-ml-perawatan-rambut-rontok/p/BP_70208,4/15/2026
P514,Shampoo Micellar Hairfall Control 290ml,DOVE,Shampoo,290ml,47.5,"Water, Sodium Laureth Sulfate, Cocamidopropyl Betaine, Dimethiconol, Sodium Chloride, Perfume, Glycerin, Glycol Distearate, PPG-7, TEA-Dodecylbenzenesulfonate, Sodium Benzoate, Carbomer, Guar Hydroxypropyltrimonium Chloride, Citric Acid, Mica, Cocamide MEA, PEG-45M, Trideceth-10, Disodium EDTA, Titanium Dioxide, Phenoxyethanol, Silica, Zinc Sulfate Heptahydrate, Ceramide NG, Iodopropynyl Butylcarbamate, Butylated Hydroxytoluene, Sodium Sulfate, Hydrolyzed Yeast Protein, Potassium Sorbate, CI 15985, CI 19140",https://www.watsons.co.id/id/dove-shampoo-micellar-hairfall-control-290ml/p/BP_63882,4/15/2026
P515,Coffee Anti-Hair Fall Shampoo Refill 450ml,NATURALS BY WATSONS,Shampoo,450ml,42.9,,https://www.watsons.co.id/id/naturals-by-watsons-coffee-anti-hair-fall-shampoo-refill-450ml/p/BP_49907,4/15/2026
P516,PRO-V Shampoo Anti Ketombe 290ml,PANTENE,Shampoo,290ml,46.5,"WATER, SODIUM LAURYL SULFATE, SODIUM LAURETH SULFATE, COCAMIDOPROPYL BETAINE, SODIUM XYLENESULFONATE, DIMETHICONE, GLYCOL DISTEARATE, FRAGRANCE, SODIUM CITRATE, COCAMIDE MEA, SODIUM CHLORIDE, BENZYL ALCOHOL, CLIMBAZOLE, GUAR HYDROXYPROPYLTRIMONIUM CHLORIDE, CITRIC ACID, SODIUM BENZOATE, TETRASODIUM EDTA, PANTHENOL, METHYLCHLOROISOTHIAZOLINONE, METHYLISOTHIAZOLINONE",https://www.watsons.co.id/id/pantene-pro-v-shampoo-anti-ketombe-290ml/p/BP_70215,4/15/2026
P517,Scalperfect Piroctone Olamine & Climbazole Anti Dandruff Shampoo 250ml,ERHA,Shampoo,250ml,190,,https://www.watsons.co.id/id/erha-scalperfect-piroctone-olamine-climbazole-anti-dandruff-shampoo-250ml/p/BP_60907,4/15/2026
P518,Palmolive Naturals Shampoo & Conditioner Intensive Moisture 180ml - Shampo Kondisioner,PALMOLIVE,Conditioner,180ml,32.5,"Aqua / Water, Sodium Laureth Sulfate, Dimethicone, Glycol Distearate, Sodium Chloride, Cocamidopropyl Betaine, Ci 60730 / Ext. Violet 2, Guar Hydroxypropyltrimonium Chloride, Coco-Betaine, Cocos Nucifera Oil / Coconut Oil, Sodium Benzoate, Sodium Hydroxide, Sodium Hyaluronate, Steareth-6, Phenoxyethanol, Acetic Acid, Peg-100 Stearate, Trideceth-10, Trideceth-3, Salicylic Acid, Limonene, Fumaric Acid, Amodimethicone, Carbomer, Citric Acid, Hexylene Glycol, Glycerin, Fragrance. (F.I.L. Y70013577/1)",https://www.watsons.co.id/id/palmolive-palmolive-naturals-shampoo-conditioner-intensive-moisture-180ml-shampo-kondisioner/p/BP_70302,4/15/2026
P519,Zinc Shampoo Active Fresh Lemon 340 Ml,ZINC,Shampoo,340 Ml,46.7,"Aqua, Cocamidopropyl Betaine, Potassium Cocoyl Hydrolyzed Oat Protein, Sodium Cocoyl Glycinate, PEG-120 Methyl Glucose Dioleate,Butylene Glvcol,Aleurites Moluccana Seed Extract, Propylene Glycol, Fragrance, Panthenol, Polyquaternium-10, Aloe Barbadensis Leaf Extract, Phenoxyeth-anol, Dmdm Hydantoin, Tetrasodium EDIA,Citric Acid",https://www.watsons.co.id/id/zinc-zinc-shampoo-active-fresh-lemon-340-ml/p/BP_36585,4/15/2026
P520,Complete Hair Therapy Shampoo Dandruff Treatment 340ml,SERASOFT,Shampoo,340ml,39.9,"Water, Sodium Laureth Sulfate, Sodium Lauryl Sulfate, Dimethicone, Cocamide MEA, Zinc Carbonate, Glycol Distearate, Sodium Chloride, Zinc Pyrithione, Sodium Xylenesulfonate, Fragrance, Cetyl Alcohol, Guar Hydroxypropyltrimonium Chloride, Magnesium Sulfate, Sodium Benzoate, Magnesium Carbonate Hydroxide, Benzyl Alcohol, Methylchloroisothiazolinone, Methylisothiazolinone.",https://www.watsons.co.id/id/serasoft-complete-hair-therapy-shampoo-dandruff-treatment-340ml/p/BP_73366,4/15/2026
P521,Lavojoy Out Of My Head Shampoo 300ml,LAVOJOY,Shampoo,300ml,71.9,"Water, Sodium Laureth Sulfate, Sodium Chloride, Cocamidopropyl Hydroxysultaine, Cocamide Methyl MEA, Phenoxyethanol, Cocamidopropyl Betaine, Sodium Benzoate, Trimethylolpropane Tricaprylate/Tricaprate, Glyceryl Oleate, Coco-Glucoside, Aroma, Sodium Lauroyl Sarcosinate, Hydroxypropyl Guar Hydroxypropyltrimonium Chloride, Polyquaternium-7, Citric Acid, Sodium PCA, Glycerin, Myristamidopropyl PG-Dimonium Chloride Phosphate, Disodium EDTA, Sodium Cocamidopropyl PG-Dimonium Chloride Phosphate, Glyceryl Behenate, Phytosteryl Oleate, Sodium Polyaspartate, Piroctone Olamine, Propylene Glycol, PPG-26-Buteth-26, Butylene Glycol, 1,2-Hexanediol, Pentylene Glycol, Tocopherol, Menthol, Bisabolol, Zingiber Officinale (Ginger) Root Extract, Squalane, Hydrogenated Palm Glycerides Citrate, Salicylic Acid, Artemisia Annua Extract, Panax Ginseng Root Extract, Crataegus Pinnatifida Fruit Extract, Hydroxyphenyl Propamidobenzoic Acid, Ascorbyl Palmitate.",https://www.watsons.co.id/id/lavojoy-lavojoy-out-of-my-head-shampoo-300ml/p/BP_39931,4/15/2026
P522,Twin Pack Body Wash - Mint & Tea Tree 250ml,ORIGINAL SOURCE,,250ml,97,"Aqua, Sodium Laureth Sulfate, Sodium Chloride, Cocamidopropyl Betaine, Parfum, Citrus Aurantifolia (Lime) Oil, Citrus Sinensis (Orange) Peel Oil Expressed, Polyquaternium-7, Sodium Benzoate, Tetrasodium Glutamate Diacetate, Lactic Acid, Styrene/Acrylates Copolymer, C11-15 Pareth-7, C11-15 Pareth-40, Diethylamino Hydroxybenzoyl Hexyl Benzoate, Ethylhexyl Methoxycinnamate, Limonene, CI 19140, CI 42090,",https://www.watsons.co.id/id/original-source-twin-pack-body-wash-mint-tea-tree-250ml/p/BP_59789,4/15/2026
P523,L'Oreal Elseve Hyaluron Pure 72H Purifying Shampoo 400ml,L'OREAL,Shampoo,400ml,120.5,,https://www.watsons.co.id/id/l-oreal-l-oreal-elseve-hyaluron-pure-72h-purifying-shampoo-400ml/p/BP_48372,4/15/2026
P524,Shampoo Rich Halus Lembut Argan Perawatan Rambut 600ml,REJOICE,Shampoo,600ml,76.5,"Air, Sodium Laureth Sulfate, Sodium Lauryl Sulfate, Sodium Chloride, Dimethicone, Glycol Distearate, Asam Sitrat, Sodium Citrate, Cocamide MEA, Sodium Xylenesulfonate, Cocamidopropyl Betaine, Pewangi, Guar Hydroxpropyltrimonium Chloride, Sodium Benzoate, Tetrasodium EDTA, Methylchloroisothiazolinone, Methylisothiazolinone",https://www.watsons.co.id/id/rejoice-shampoo-rich-halus-lembut-argan-perawatan-rambut-600ml/p/BP_66887,4/15/2026
P525,Elseve Glycolic Gloss Shampoo 280ml,L'OREAL,Shampoo,280ml,91.5,,https://www.watsons.co.id/id/l-oreal-elseve-glycolic-gloss-shampoo-280ml/p/BP_61219,4/15/2026
P526,Olive Deep Moisturising Shampoo 490ml,NATURALS BY WATSONS,Shampoo,490ml,57.9,,https://www.watsons.co.id/id/naturals-by-watsons-olive-deep-moisturising-shampoo-490ml/p/BP_48149,4/15/2026
P527,Shampoo Anti Ketombe Lemon Segar Perawatan Rambut 740ml,HEAD & SHOULDER,Shampoo,740ml,109.5,"Air, Natrium Lauret Sulfat, Natrium Lauril Sulfat, Dimetikon, Kokamida MEA, Zinc Karbonat, Glikol Distearat, Natrium Klorida, Zinc Pirition, Natrium Xilenasulfonat, Pewangi, Setil Alkohol, Guar Hidroksipropiltrimonium Klorida, Magnesium Sulfat, Natrium Benzoat, Magnesium Karbonat Hidroksida, Benzil Alkohol, Metilkloroisotiazolinon, Metilisotiazolinon.",https://www.watsons.co.id/id/head-shoulder-shampoo-anti-ketombe-lemon-segar-perawatan-rambut-740ml/p/BP_66884,4/15/2026
P528,Head & Shoulders Shampoo Lemon 160Ml,HEAD & SHOULDER,Shampoo,160Ml,26.3,"Aqua, Sodium Laureth Sulfate, Cocamidopropyl Betaine, Dimethicone, Ethylene Glycol Distearate, Fragrance, Sodium Lauryl Sulfate, Sodium Chloride, Acrylates Copolymer, Polyquaternium-10, DMDM Hydantoin, Laureth-23, Laureth-3, Guar Hydroxypropyltrimonium Chloride, Disodium EDTA, Butylene Glycol, Argania Spinosa Kernel Oil, Phytosteryl/Octyldodecyl Lauroyl Glutamate, Vitis Vinifera (Grape) Seed Extract.",https://www.watsons.co.id/id/head-shoulder-head-shoulders-shampoo-lemon-160ml/p/BP_28635,4/15/2026
P529,Shampoo Hyaluron Hairfall Control 400ml,DOVE,Shampoo,400ml,52.5,"Water, Sodium Laureth Sulfate, Sodium Chloride, Cocamidopropyl Betaine, Glycerin, Perfume, Dimethiconol, Sodium Benzoate, TEA-Dodecylbenzenesulfonate, Citric Acid, Guar Hydroxypropyltrimonium Chloride, Laureth-23, Disodium EDTA, Benzophenone-4, Phenoxyethanol, Sodium Hyaluronate, Zinc Sulfate Heptahydrate, Iodopropynyl Butylcarbamate, Ceramide NG, Sodium Sulfate, Hydrolyzed Yeast Protein, Potassium Sorbate, CI 17200, CI 42090",https://www.watsons.co.id/id/dove-shampoo-hyaluron-hairfall-control-400ml/p/BP_64175,4/15/2026
P530,Shampoo Micellar Hairfall Control 155ml,DOVE,Shampoo,155ml,26,"Water, Sodium Laureth Sulfate, Cocamidopropyl Betaine, Dimethiconol, Sodium Chloride, Perfume, Glycerin, Glycol Distearate, PPG-7, TEA-Dodecylbenzenesulfonate, Sodium Benzoate, Carbomer, Guar Hydroxypropyltrimonium Chloride, Citric Acid, Mica, Cocamide MEA, PEG-45M, Trideceth-10, Disodium EDTA, Titanium Dioxide, Phenoxyethanol, Silica, Zinc Sulfate Heptahydrate, Ceramide NG, Iodopropynyl Butylcarbamate, Butylated Hydroxytoluene, Sodium Sulfate, Hydrolyzed Yeast Protein, Potassium Sorbate, CI 15985, CI 19140",https://www.watsons.co.id/id/dove-shampoo-micellar-hairfall-control-155ml/p/BP_64169,4/15/2026
P531,Scalperfect Prebiotics & Witch Hazel Extract Daily Balancing Shampoo 250ml,ERHA,Shampoo,250ml,155,,https://www.watsons.co.id/id/erha-scalperfect-prebiotics-witch-hazel-extract-daily-balancing-shampoo-250ml/p/BP_60908,4/15/2026
P532,Wardah Daily Fresh Shampoo 160ml,WARDAH,Shampoo,160ml,27.5,"Aqua, Sodium Laureth Sulfate, Cocamidopropyl Betaine, Glycerin, Fragrance, Sodium Chloride, Sodium PCA, PEG-200 Hydrogenated Glyceryl Palmate, Panthenol, Polyquaternium-47, Polyquaternium-10, DMDM Hydantoin, Propylene Glycol, PEG-7 Glyceryl Cocoate, Polyquaternium-7, Hydrolyzed Wheat Protein, Mentha Piperita Leaf Extract, Aloe Barbadensis (Aloe Vera) Leaf Extract, Ulva Lactuca Extract, Polysorbate 60, Sodium Benzoate, Citric Acid, Potassium Sorbate.",https://www.watsons.co.id/id/wardah-wardah-daily-fresh-shampoo-160ml/p/BP_73745,4/15/2026
P533,Nuvo Family Body Wash Nature Protect 550ml,NUVO,,550ml,46.5,"Aqua, Myristic Acid, Lauric Acid, Potassium Hydroxide, Palmitic Acid, Lauryl Hydroxysultaine, Parfum, Sodium Laureth Sulfate, Glycol Distearate, Melaleuca Alternifolia Leaf Oil, Cymbopogon Winterianus Herb Oil, Glycerin, Sodium PCA, Olive Oil PEG-7 Esters, Laureth-6 Carboxylic Acid, Laureth-4, Cocamidopropyl Betaine, Hydroxypropyl Methylcellulose, Sodium Chloride, Sodium Bicarbonate, Etidronic Acid, Tetrasodium EDTA, Phenoxyethanol, Benzalkonium Chloride, Benzoic Acid, Methylisothiazolinone, Methylchloroisothiazolinone, Magnesium Chloride, Magnesium Nitrate, Sodium Hydroxide, Pinene, Beta-Caryophyllene, CI 19140, CI 42090.",https://www.watsons.co.id/id/nuvo-nuvo-family-body-wash-nature-protect-550ml/p/BP_40455,4/15/2026
P534,Head & Shoulders Shampoo Lemon Fress 300ml,HEAD & SHOULDER,Shampoo,300ml,38.4,,https://www.watsons.co.id/id/head-shoulder-head-shoulders-shampoo-lemon-fress-300ml/p/BP_28639,4/15/2026
P535,PRO-V Shampoo Anti Lepek Pro-V Perawatan Rambut 480ml,PANTENE,Shampoo,480ml,96.5,"WATER, SODIUM LAURETH SULFATE, COCAMIDOPROPYL BETAINE, SODIUM CHLORIDE, SODIUM XYLENESULFONATE, SODIUM CITRATE, FRAGRANCE, DIMETHICONOL, CITRIC ACID, SODIUM BENZOATE, GUAR HYDROXYPROPYLTRIMONIUM CHLORIDE, TETRASODIUM EDTA, PANTHENOL, HISTIDINE, METHYLCHLOROISOTHIAZOLINONE, METHYLISOTHIAZOLINONE.",https://www.watsons.co.id/id/pantene-pro-v-shampoo-anti-lepek-pro-v-perawatan-rambut-480ml/p/BP_73611,4/15/2026
P536,Natur Shampoo Anti Dandruff 140ml,NATUR,Shampoo,140ml,29.9,"Water, Sodium Lauryl Sulfate, Sodium Laureth Sulfate, Dimethicone, Cocamidopropyl Betaine, Glycol Distearate, Fragrance, Zinc Pyrithione, Sodium Citrate, Cocamide Mea, Sodium Xylenesulfonate, Sodium Chloride, Sodium Benzoate, Guar Hy Droxypropyltrimonium Chloride, Benzyl Alcohol, Citric Acid, Panthenol, Panthenyl Ethyl Ether, Oryza Sativa (Rice) Bran Oil, Methylchloroisothiazolinone, Methylisothiazounone.",https://www.watsons.co.id/id/natur-natur-shampoo-anti-dandruff-140ml/p/BP_73551,4/15/2026
P537,HairGrow Hair Fall Protection Shampoo 100ml,ERHA,Shampoo,100ml,80.5,,https://www.watsons.co.id/id/erha-hairgrow-hair-fall-protection-shampoo-100ml/p/BP_60886,4/15/2026
P538,Nuvo Family Body Wash Total Protect Botol 550ml,NUVO,,550ml,46.5,"Aqua, Myristic Acid, Lauric Acid, Potassium Hydroxide, Palmitic Acid, Lauryl Hydroxysultaine, Parfum, Sodium Laureth Sulfate, Glycol Distearate, Glycerin, Sodium PCA, Olive Oil PEG-7 Esters, Laureth-6 Carboxylic Acid, Laureth-4, Cocamidopropyl Betaine, Hydroxypropyl Methylcellulose, Sodium Chloride, Sodium Bicarbonate, Etidronic Acid, Tetrasodium EDTA, Phenoxyethanol, Benzalkonium Chloride, Benzoic Acid, Methylisothiazolinone, Methylchloroisothiazolinone, Magnesium Chloride, Magnesium Nitrate, Sodium Hydroxide, CI 15880, CI 45100, CI 14700.",https://www.watsons.co.id/id/nuvo-nuvo-family-body-wash-total-protect-botol-550ml/p/BP_40454,4/15/2026
P539,Dove Shampo Rambut Rusak 135ml,DOVE,Shampoo,135ml,30.2,,https://www.watsons.co.id/id/dove-dove-shampo-rambut-rusak-135ml/p/BP_22846,4/15/2026
P540,Tresemme Shampoo Keratin Smooth 670 Ml,TRESEMME,Shampoo,670 Ml,138,,https://www.watsons.co.id/id/tresemme-tresemme-shampoo-keratin-smooth-670-ml/p/BP_20237,4/15/2026
P541,Dry Shampoo Fruity 50ml,ELLIPS,Shampoo,50ml,47.3,"Water, Sodium Laureth Sulfate, Dimethiconol, Cocamidopropyl Betaine, Perfume, Sodium Chloride, Glycol Distearate, Phenoxyethanol, Glycerin, TEA-Dodecylbenzenesulfonate, Carbomer, Piroctone Olamine, Sodium Salicylate, Guar Hydroxypropyltrimonium Chloride, Mica, Cocamide MEA, Citric Acid, Trideceth-10, Sodium Hydroxide, Titanium Dioxide, Cyclotetrasiloxane, Sodium Benzoate, Helianthus Annuus (Sunflower) Seed Oil, Iodopropynyl Butylcarbamate",https://www.watsons.co.id/id/ellips-dry-shampoo-fruity-50ml/p/BP_73709,4/15/2026
P542,L’Oreal Paris Elseve Extraordinary Oil Ultra Nourishment Shampoo 280ml,L'OREAL,Shampoo,280ml,91.5,"Water, Sodium Laureth Sulfate, Cocamidopropyl Betaine, Dimethiconol, Sodium chloride, Fragrance, Zinc Pyrithione, Dimethicone, Phenoxyethanol, Sodium Salicylate, Carbomer, Guar Hydroxypropyltrimonium Chloride, Sodium hydroxide, Citric acid, TEA-Dodecylbenzenesulfonate, Niacinamide, Zinc Sulfate Heptahydrate, Glycerin, TEA-Sulfate, Laureth-23, Poloxamer 407, Sodium benzoate, Sodium Polynaphthalenesulfonate, Helianthus Annuus (Sunflower) Seed Oil, Laureth-4, Glycine, PEG-4, Cellulose Gum, Caprylyl Glycol, Xanthan gum, Potassium sorbate, Iodopropynyl Butylcarbamate, Sodium sulfate, CI 42090, CI 47005",https://www.watsons.co.id/id/l-oreal-l%E2%80%99oreal-paris-elseve-extraordinary-oil-ultra-nourishment-shampoo-280ml/p/BP_21471,4/15/2026
P543,Coconut Nourishing Shampoo 490ml,NATURALS BY WATSONS,Shampoo,490ml,57.9,"Aqua, Ammonium Lauryl Sulfate, Glycerin, Cocamidopropyl Betaine, Cocamide MEA, Phenoxyethanol, Sodium Chloride, Parfum, Polysorbate 20, Chlorphenesin, Polyquaternium-10, Polyquaternium-7, Sodium Benzoate, Butyl Methoxydibenzoylmethane, Trisodium Ethylenediamine Disuccinate, Citric Acid, Butyrospermum Parkii (Shea) Butter*, Cocos Nucifera (Coconut) Oil*, Crambe Abyssinica (Abyssinian) Seed Oil, Panthenol, Sodium Hyaluronate, Linoleic Acid, Oleic Acid, Cocos Nucifera (Coconut) Fruit Extract*, Lavandula Angustifolia (Lavender) Oil, Palmitic Acid, Stearic Acid, Linolenic Acid, Tocopherol, Hexyl Cinnamal *ingredients from certified organic agriculture",https://www.watsons.co.id/id/naturals-by-watsons-coconut-nourishing-shampoo-490ml/p/BP_59975,4/15/2026
P544,Hairfall Treatment Shampoo 340ml,SERASOFT,Shampoo,340ml,31,"Aqua, Cocamidopropyl Betaine, Potassium Cocoyl Hydrolyzed Oat Protein, Sodium Cocoyl Glycinate, PEG-120 Methyl Glucose Dioleate,Butylene Glvcol,Aleurites Moluccana Seed Extract, Propylene Glycol, Fragrance, Panthenol, Polyquaternium-10, Aloe Barbadensis Leaf Extract, Phenoxyeth-anol, Dmdm Hydantoin, Tetrasodium EDIA,Citric Acid",https://www.watsons.co.id/id/serasoft-hairfall-treatment-shampoo-340ml/p/BP_73367,4/15/2026
P545,Selsun Gold Shampoo 120ml,SELSUN,Shampoo,120ml,58.9,,https://www.watsons.co.id/id/selsun-selsun-gold-shampoo-120ml/p/BP_48648,4/15/2026
P546,Shampoo Anti Ketombe Selembut Sutera Perawatan Rambut 400ml,HEAD & SHOULDER,Shampoo,400ml,98.5,"Air, Natrium Lauret Sulfat, Natrium Lauril Sulfat, Dimetikon, Kokamida MEA, Zinc Karbonat, Glikol Distearat, Natrium Klorida, Zinc Pirition, Natrium Xilenasulfonat, Pewangi, Setil Alkohol, Guar Hidroksipropiltrimonium Klorida, Magnesium Sulfat, Natrium Benzoat, Magnesium Karbonat Hidroksida, Benzil Alkohol, Metilkloroisotiazolinon, Metilisotiazolinon.",https://www.watsons.co.id/id/head-shoulder-shampoo-anti-ketombe-selembut-sutera-perawatan-rambut-400ml/p/BP_66886,4/15/2026
P547,L'Oreal Paris Fall Resist 3x Anti-Hairfall Shampoo Scalp Hair Care 280ml,L'OREAL,Shampoo,280ml,91.5,,https://www.watsons.co.id/id/l-oreal-l-oreal-paris-fall-resist-3x-anti-hairfall-shampoo-scalp-hair-care-280ml/p/BP_21472,4/15/2026
P548,PRO-V Shampoo Hair Fall Control 70ml - Perawatan Rambut Rontok,PANTENE,Shampoo,70ml,21,,https://www.watsons.co.id/id/pantene-pro-v-shampoo-hair-fall-control-70ml-perawatan-rambut-rontok/p/BP_72955,4/15/2026
P549,Dry Shampoo Original 200ml,BATISTE,Shampoo,200ml,122.9,,https://www.watsons.co.id/id/batiste-dry-shampoo-original-200ml/p/BP_15437,4/15/2026
P550,Shampoo Anti Ketombe Pro-V Perawatan Rambut 990ml,PANTENE,Shampoo,990ml,146.9,"Water, Sodium Lauryl Sulfate, Sodium Laureth Sulfate, Dimethicone, Cocamidopropyl Betaine, Glycol Distearate, Fragrance, Zinc Pyrithione, Sodium Citrate, Cocamide Mea, Sodium Xylenesulfonate, Sodium Chloride, Sodium Benzoate, Guar Hy Droxypropyltrimonium Chloride, Benzyl Alcohol, Citric Acid, Panthenol, Panthenyl Ethyl Ether, Oryza Sativa (Rice.Bran Oil, Methylchloroisothiazolinone, Methylisothiazounone.",https://www.watsons.co.id/id/pantene-shampoo-anti-ketombe-pro-v-perawatan-rambut-990ml/p/BP_66880,4/15/2026
P551,Hair Fall Control Shampoo 340Ml,TRESEMME,Shampoo,340Ml,75,,https://www.watsons.co.id/id/tresemme-hair-fall-control-shampoo-340ml/p/BP_20236,4/15/2026
P552,L'Oreal Elseve Total Repair 5 Shampoo 410ml,L'OREAL,Shampoo,410ml,120.5,"AQUA / WATER, SODIUM LAURETH SULFATE, COCAMIDOPROPYL BETAINE, DIMETHICONE, SODIUM CHLORIDE, CI 77891 / TITANIUM DIOXIDE, GUAR HYDROXYPROPYLTRIMONIUM CHLORIDE, MICA, COCO-BETAINE, SODIUM BENZOATE, SODIUM HYDROXIDE, PHENOXYETHANOL, STEARETH-6, ACETIC ACID, PEG-100 STEARATE, ARGININE, TRIDECETH-10, TRIDECETH-3, SALICYLIC ACID, LIMONENE, FUMARIC ACID, LINALOOL, BENZYL ALCOHOL, BENZYL SALICYLATE, AMODIMETHICONE, 2-OLEAMIDO-1,3-OCTADECANEDIOL, ALPHA-ISOMETHYL IONONE, PARFUM / FRAGRANCE, CARBOMER, SERINE, CITRIC ACID, CITRONELLOL, HEXYLENE GLYCOL, GLYCERIN, GLYCOL DISTEARATE. (F.I.L. C272929/1).",https://www.watsons.co.id/id/l-oreal-l-oreal-elseve-total-repair-5-shampoo-410ml/p/BP_44329,4/15/2026
P553,Color Shield Shampoo 250ml,CBD,Shampoo,250ml,50.5,,https://www.watsons.co.id/id/cbd-color-shield-shampoo-250ml/p/BP_48335,4/15/2026
P554,PRO-V Shampoo Silky Smooth Care 290ml,PANTENE,Shampoo,290ml,46.5,"Water, Sodium Lauryl Sulfate, Sodium Laureth Sulfate, Sodium Chloride, Cocamidopropyl Betaine, Glycol Distearate, Citric Acid, Fragrance, Sodium Citrate, Cocamide MEA, Sodium Xylenesulfonate, Dimethicone, Guar Hydroxypropyltrimonium Chloride, Sodium Benzoate, Tetrasodium EDTA, Trisodium Ethylenediamine Disuccinate, Panthenol, Panthenyl Ethyl Ether, Methylchloroisothiazolinone, Methylisothiazolinone.",https://www.watsons.co.id/id/pantene-pro-v-shampoo-silky-smooth-care-290ml/p/BP_70213,4/15/2026
P555,Shampoo Refreshing Cool Green Tea Mint Botol 680ml,ZINC,Shampoo,680ml,51,"Aqua, Cocamidopropyl Betaine, Potassium Cocoyl Hydrolyzed Oat Protein, Sodium Cocoyl Glycinate, PEG-120 Methyl Glucose Dioleate,Butylene Glvcol,Aleurites Moluccana Seed Extract, Propylene Glycol, Fragrance, Panthenol, Polyquaternium-10, Aloe Barbadensis Leaf Extract, Phenoxyeth-anol, Dmdm Hydantoin, Tetrasodium EDIA,Citric Acid",https://www.watsons.co.id/id/zinc-shampoo-refreshing-cool-green-tea-mint-botol-680ml/p/BP_27079,4/15/2026
P556,Aloe Vera Shampoo Refill 450ml,NATURALS BY WATSONS,Shampoo,450ml,42.9,"water tanpa konfirmasi. Mana pengiriman lama banget, waktu mau cancel ga bisa dan baru dikirim pun barangnya salah. Sangat kecewa belanja di watson padahal udah langganan. Mau dibalikin dan minta tukar pun susah dicari chat cs nya ga ada Suka Balas Bagikan Dinda Agnia 13/10/2025 Suka Balas Bagikan LIHAT WATSONS BRAND LIHAT SAMPO LIHAT NATURALS BY WATSONS KEMBALI KE ATAS TENTANG KAMI Karir Sustainability Press Releases Informasi Perusahaan Jadilah Mitra Kami World of Watsons AS Watson Group Relasi Investor LEGAL Kebijakan Privasi Notice On Disclaimer Informasi Hak Cipta Syarat dan Ketentuan Trademark Notice WATSONS ESTORE Aplikasi Watsons ID Be Our Brand Hero Pemesanan & Pembayaran Pertanyaan Pelanggan Pengembalian & Penukaran Pengiriman & Pengantaran FAQ MEMBER Member FAQ Member Benefits Member Registration Member Enquiry Member Elite BELANJA @ WATSONS Temukan Toko Kami Lokasi Apotek Catalogue Hubungi Kami Kami menggunakan Cookie untuk memastikan bahwa situs web kami berfungsi dengan baik dan memberi Anda pengalaman terbaik yang mungkin. Dengan melanjutkan menggunakan situs kami, Anda memberikan persetujuan untuk penggunaan Cookie. Jika Anda ingin mempelajari lebih lanjut tentang penggunaan Cookie kami dan/atau mengubah preferensi Cookie Anda, silakan kunjungi KebijakanKebijakan Privasi.",https://www.watsons.co.id/id/naturals-by-watsons-aloe-vera-shampoo-refill-450ml/p/BP_48150,4/15/2026
P557,PRO-V Shampoo Anti Lepek 135ml,PANTENE,Shampoo,135ml,31,,https://www.watsons.co.id/id/pantene-pro-v-shampoo-anti-lepek-135ml/p/BP_73609,4/15/2026
P558,Ellips Dry Shampoo For All Hair Types Breeze 50ml,ELLIPS,Shampoo,50ml,47.3,"Aqua, Benzalkonium Chloride,Cyclopentasiloxane, Cyclohexasiloxane",https://www.watsons.co.id/id/ellips-ellips-dry-shampoo-for-all-hair-types-breeze-50ml/p/BP_73710,4/15/2026
P559,Moisture & Revive Frangipani & Egg Protein Shampoo 700Ml,WATSONS,Shampoo,700Ml,28.9,"Aqua (Water), Sodium Laureth Sulfate, Sodium Chloride, Cocamidopropyl Betaine",https://www.watsons.co.id/id/watsons-moisture-revive-frangipani-egg-protein-shampoo-700ml/p/BP_29439,4/15/2026
P560,L'Oreal Paris Elseve Color Protect 7 Weeks Protecting Shampoo 280ml,L'OREAL,Shampoo,280ml,70,,https://www.watsons.co.id/id/l-oreal-l-oreal-paris-elseve-color-protect-7-weeks-protecting-shampoo-280ml/p/BP_21469,4/15/2026
P561,Shampoo Anti Ketombe Cool Menthol Perawatan Rambut 400ml,HEAD & SHOULDER,Shampoo,400ml,98.5,"Air, Natrium Lauril Sulfat, Natrium Lauret Sulfat, Natrium Klorida, Glikol Distearat, Dimetikon, Zinc Karbonat, Natrium Xilenasulfonat, Kokamidopropil Betaina, Zinc Pirition, Pewangi, Mentol, Natrium Benzoat, Guar Hidroksipropiltrimonium Klorida, Magnesium Karbonat Hidroksida, Metilkkloroisotiazolinon, Metilisotiazolinon, CI 42090, CI 17200",https://www.watsons.co.id/id/head-shoulder-shampoo-anti-ketombe-cool-menthol-perawatan-rambut-400ml/p/BP_66881,4/15/2026
P562,Zinc Shampoo Hijab Active Perawatan Rambut Rontok Botol 340 ml,ZINC,Shampoo,340 ml,46.7,,https://www.watsons.co.id/id/zinc-zinc-shampoo-hijab-active-perawatan-rambut-rontok-botol-340-ml/p/BP_38204,4/15/2026
P563,Shampoo Anti Ketombe Cool Menthol Perawatan Rambut 840ml,HEAD & SHOULDER,Shampoo,840ml,190,"Air, Natrium Lauril Sulfat, Natrium Lauret Sulfat, Natrium Klorida, Glikol Distearat, Dimetikon, Zinc Karbonat, Natrium Xilenasulfonat, Kokamidopropil Betaina, Zinc Pirition, Pewangi, Mentol, Natrium Benzoat, Guar Hidroksipropiltrimonium Klorida, Magnesium Karbonat Hidroksida, Metilkkloroisotiazolinon, Metilisotiazolinon, CI 42090, CI 17200",https://www.watsons.co.id/id/head-shoulder-shampoo-anti-ketombe-cool-menthol-perawatan-rambut-840ml/p/BP_66883,4/15/2026
P564,L'Oreal Elseve Hyaluron Pure 72H Purifying Shampoo 280ml,L'OREAL,Shampoo,280ml,99.5,"Water, Sodium Laureth Sulfate, Cocamidopropyl Betaine, Sodium Chloride, Citric Acid, Cocamide MEA, Sodium Citrate, Sodium Xylenesulfonate, Fragrance, Dimethiconol, Sodium Benzoate, Guar Hydroxypropyltrimonium Chloride, Disodium EDTA, Panthenol, Panthenyl Ethyl Ether, Persea Gratissima (Avocado) Oil, Methylchloroisothiazolinone, Methylisothiazolinone, CI 19140, CI 17200, CI 42090.",https://www.watsons.co.id/id/l-oreal-l-oreal-elseve-hyaluron-pure-72h-purifying-shampoo-280ml/p/BP_44811,4/15/2026
P565,PRO-V Shampoo Anti Ketombe 70ml,PANTENE,Shampoo,70ml,21,"WATER, SODIUM LAURYL SULFATE, SODIUM LAURETH SULFATE, COCAMIDOPROPYL BETAINE, SODIUM XYLENESULFONATE, DIMETHICONE, GLYCOL DISTEARATE, FRAGRANCE, SODIUM CITRATE, COCAMIDE MEA, SODIUM CHLORIDE, BENZYL ALCOHOL, CLIMBAZOLE, GUAR HYDROXYPROPYLTRIMONIUM CHLORIDE, CITRIC ACID, SODIUM BENZOATE, TETRASODIUM EDTA, PANTHENOL, METHYLCHLOROISOTHIAZOLINONE, METHYLISOTHIAZOLINONE",https://www.watsons.co.id/id/pantene-pro-v-shampoo-anti-ketombe-70ml/p/BP_72958,4/15/2026
P566,Aloe Vera Shampoo 100ml,NATURALS BY WATSONS,Shampoo,100ml,18.9,,https://www.watsons.co.id/id/naturals-by-watsons-aloe-vera-shampoo-100ml/p/BP_48144,4/15/2026
P567,Hair Energy Shampoo Aloe Melon 170ml,MAKARIZO,Shampoo,170ml,32.9,,https://www.watsons.co.id/id/makarizo-hair-energy-shampoo-aloe-melon-170ml/p/BP_72696,4/15/2026
P568,L'Oreal Paris Elseve Total Repair 5 Repairing Shampoo Hair Care 280ml,L'OREAL,Shampoo,280ml,91.5,"Aqua, Sodium Laureth Sulfate, Cocamidopropyl Betaine, Perfume, Glycol Distearate, Phenoxyethanol, Sodium Chloride, Laureth-4, Panthenol, Sodium PCA, PEG-120 Methyl Glucose Dioleate, Chlorphenesin, Glycerin, Hydrolyzed Keratin, Disodium EDTA, Formic Acid",https://www.watsons.co.id/id/l-oreal-l-oreal-paris-elseve-total-repair-5-repairing-shampoo-hair-care-280ml/p/BP_21470,4/15/2026
P569,Shampoo Hyaluron Hairfall Control 155ml,DOVE,Shampoo,155ml,26,"Water, Sodium Laureth Sulfate, Sodium Chloride, Cocamidopropyl Betaine, Glycerin, Perfume, Dimethiconol, Sodium Benzoate, TEA-Dodecylbenzenesulfonate, Citric Acid, Guar Hydroxypropyltrimonium Chloride, Laureth-23, Disodium EDTA, Benzophenone-4, Phenoxyethanol, Sodium Hyaluronate, Zinc Sulfate Heptahydrate, Iodopropynyl Butylcarbamate, Ceramide NG, Sodium Sulfate, Hydrolyzed Yeast Protein, Potassium Sorbate, CI 17200, CI 42090",https://www.watsons.co.id/id/dove-shampoo-hyaluron-hairfall-control-155ml/p/BP_64165,4/15/2026
P570,Shampoo Hair Fall Treatment 170ml,SERASOFT,Shampoo,170ml,19,"Aqua, Cocamidopropyl Betaine, Potassium Cocoyl Hydrolyzed Oat Protein, Sodium Cocoyl Glycinate, PEG-120 Methyl Glucose Dioleate,Butylene Glvcol,Aleurites Moluccana Seed Extract, Propylene Glycol, Fragrance, Panthenol, Polyquaternium-10, Aloe Barbadensis Leaf Extract, Phenoxyeth-anol, Dmdm Hydantoin, Tetrasodium EDIA,Citric Acid",https://www.watsons.co.id/id/serasoft-shampoo-hair-fall-treatment-170ml/p/BP_73373,4/15/2026
P571,Shampoo Black & Shine 450ml,EMERON,Shampoo,450ml,37.5,"Aqua, Cocamidopropyl Betaine, Potassium Cocoyl Hydrolyzed Oat Protein, Sodium Cocoyl Glycinate, PEG-120 Methyl Glucose Dioleate,Butylene Glvcol,Aleurites Moluccana Seed Extract, Propylene Glycol, Fragrance, Panthenol, Polyquaternium-10, Aloe Barbadensis Leaf Extract, Phenoxyeth-anol, Dmdm Hydantoin, Tetrasodium EDIA,Citric Acid",https://www.watsons.co.id/id/emeron-shampoo-black-shine-450ml/p/BP_46478,4/15/2026
P572,Clear Shampoo Anti Ketombe & Rambut Rontok 300ml,CLEAR,Shampoo,300ml,33.9,"Water, Sodium Laureth Sulfate, Dimethiconol, Cocamidopropyl Betaine, Sodium Chloride, Dimethicone, Perfume, Piroctone Olamine, Glycerin, Phenoxyethanol, Sodium Salicylate, Carbomer, Guar Hydroxypropyltrimonium Chloride, Mica, Citric Acid, TEA-Dodecylbenzenesulfonate, Niacinamide, TEA-Sulfate, Sodium Hydroxide, Poloxamer 407, Laureth-23, Titanium Dioxide, Sodium Benzoate, Helianthus Annuus (Sunflower) Seed Oil, Zinc Sulfate, Laureth-4, Glycine, PEG-4, Xanthan Gum, Potassium Sorbate, Propylene Glycol, Iodopropynyl Butylcarbamate, Glucose, Trideceth-9, PEG-40 Hydrogenated Castor Oil, Sodium Sulfate, Panax Ginseng Root Extract, Lactic Acid, CI 19140",https://www.watsons.co.id/id/clear-clear-shampoo-anti-ketombe-rambut-rontok-300ml/p/BP_39304,4/15/2026
P573,Premium Moist & Repair Bundle Shampoo + Conditioner 450ml,TSUBAKI,Conditioner,450ml,299.8,"Tsubaki Premium Moist & Repair Conditioner 450 mL AQUA, STEARYL ALCOHOL, ISOPENTYLDIOL, BEHENTRIMONIUM CHLORIDE, GLYCERIN, DIMETHICONE, CETYL ALCOHOL, ISOPROPYL ALCOHOL, FRAGRANCE, DIPROPYLENE GLYCOL, ISOPROPYL MYRISTATE, AMINOPROPYL DIMETHICONE, PEG-2 LAURATE, SODIUM BENZOATE, PHENOXYETHANOL, SODIUM METHYLTAURATE, SALICYLIC ACID, C13-16 ISOPARAFFIN, POLYSILICONE-13, STEARTRIMONIUM CHLORIDE, LAURTRIMONIUM CHLORIDE, C10-13 ISOPARAFFIN, DISODIUM EDTA, SQUALANE, CAMELLIA JAPONICA SEED OIL, CETRIMONIUM CHLORIDE, BUTYLENE GLYCOL, SODIUM DILAURAMIDOGLUTAMIDE LYSINE, AMODIMETHICONE, PHYTOSTERYL/OCTYLDODECYL LAUROYL GLUTAMATE, PHYTOSTERYL MACADAMIATE, PPG-2-DECETH-12, GLYCINE SOJA (SOYBEAN) SEED EXTRACT, BIS-ETHYLHEXYLOXYPHENOL METHOXYPHENYL TRIAZINE, LACTIC ACID, SODIUM ACETYLATED HYALURONATE, TOCOPHEROL. Tsubaki Premium Moist & Repair Shampoo 450 mL AQUA, SODIUM LAURETH SULFATE, COCAMIDOPROPYL BETAINE, GLYCOL DISTEARATE, PEG-2 LAURATE, SODIUM SULFATE, FRAGRANCE, DIPROPYLENE GLYCOL, PHENOXYETHANOL, GUAR HYDROXYPROPYLTRIMONIUM CHLORIDE, LAURIC ACID, SODIUM BENZOATE, PROPYLTRIMONIUMCHLORIDE ACRYLAMIDE/DIMETHYLACRYLAMIDE COPOLYMER, SALICYLIC ACID, CITRIC ACID, DISODIUM EDTA, POLYQUATERNIUM-10, DIMETHICONOL, LAURTRIMONIUM CHLORIDE, SQUALANE, CAMELLIA JAPONICA SEED OIL, BUTYLENE GLYCOL, SODIUM DILAURAMIDOGLUTAMIDE LYSINE, SODIUM LAURYL SULFATE, PHYTOSTERYL/OCTYLDODECYL LAUROYL GLUTAMATE, PHYTOSTERYL MACADAMIATE, GLYCINE SOJA (SOYBEAN) SEED EXTRACT, BIS-ETHYLHEXYLOXYPHENOL METHOXYPHENYL TRIAZINE, SODIUM ACETYLATED HYALURONATE, TOCOPHEROL.",https://www.watsons.co.id/id/tsubaki-premium-moist-repair-bundle-shampoo-conditioner-450ml/p/BP_61253,4/15/2026
P574,Emeron Shampoo Hair Fall Control 340ml,EMERON,Shampoo,340ml,29.9,"Aqua, Sodium Laureth Sulfate, Sodium Lauryl Sulfate, Glycol Distearate, Cocamidopropyl Betaine, Dimethiconol, Perfume, Dimethicone, Propylene Glycol, Argania Spinosa Kernel (Argan) Oil, Aloe Barbadensis (Aloe Vera) Leaf Extract, Panax Quinquefolium (Ginseng) Root Extract, Guar Hydroxypropyltrimonium Chloride, Polyquaternium-10, Cocamide DEA, Sodium Sulfate, Sodium Chloride, Potassium Chloride, Citric Acid, Sodium Hydroxide, TEA-Sulfate, Tetrasodium EDTA, TEA-Dodecylbenzenesulfonate, Sodium Benzoate, Methylchloroisothiazolinone, Methylisothiazolinone, Benzyl Alcohol, Iodopropynyl Butylcarbamate, DMDM Hydantoin, Panthenol (Vitamin B5), Panthenyl Ethyl Ether, Sodium PCA, Sodium Lactate, Arginine, Aspartic Acid, PCA, Glycine, Alanine, Serine, Valine, Proline, Threonine, Isoleucine, Histidine, Phenylalanine, Niacinamide, Calcium Pantothenate, Sodium Ascorbyl Phosphate (Vitamin C), Tocopheryl Acetate (Vitamin E Acetate), Pyridoxine HCL (Vitamin B6), Cyclotetrasiloxane, Cyclopentasiloxane, Cyclohexasiloxane, Maltodextrin, Sodium Starch Octenylsuccinate, Silica, Hydrogen Peroxide, C12-15 Pareth-3, Hexylene Glycol, CI 42090, CI 47005.",https://www.watsons.co.id/id/emeron-emeron-shampoo-hair-fall-control-340ml/p/BP_43239,4/15/2026
P575,Tsubaki Premium Volume & Repair Shampoo 450ml,TSUBAKI,Shampoo,450ml,149.9,"AQUA, SODIUM LAURETH SULFATE, COCAMIDOPROPYL BETAINE, PEG-2 LAURATE, SODIUM SULFATE, FRAGRANCE, DIPROPYLENE GLYCOL, ISOSTEARYL ALCOHOL, PHENOXYETHANOL, GUAR HYDROXYPROPYLTRIMONIUM CHLORIDE, SODIUM BENZOATE, PEG-60 HYDROGENATED CASTOR OIL, POLYQUATERNIUM-10, SALICYLIC ACID, DISODIUM EDTA, SODIUM METHYL COCOYL TAURATE, LAURTRIMONIUM CHLORIDE, CITRIC ACID, ASPARTIC ACID, CAMELLIA JAPONICA SEED OIL, POLYQUATERNIUM-11, SODIUM DILAURAMIDOGLUTAMIDE LYSINE, TAURINE, PHYTOSTERYL/OCTYLDODECYL LAUROYL GLUTAMATE, PHYTOSTERYL MACADAMIATE, BIS-ETHYLHEXYLOXYPHENOL METHOXYPHENYL TRIAZINE, SQUALANE, TOCOPHEROL.",https://www.watsons.co.id/id/tsubaki-tsubaki-premium-volume-repair-shampoo-450ml/p/BP_45140,4/15/2026
P576,Lavojoy Hold Me Tight Pro Shampoo 280ml,LAVOJOY,Shampoo,280ml,121.9,,https://www.watsons.co.id/id/lavojoy-lavojoy-hold-me-tight-pro-shampoo-280ml/p/BP_37059,4/15/2026
P577,Lavojoy Hair We Bloom Shampoo 300ml,LAVOJOY,Shampoo,300ml,71.9,"1. Zinc PCA 2. Tea Tree Oil 3. Salicylic Acid Fresh Fragrance - Season of Flower Top Notes: Bellflower, Male Lilac Middle Notes: Lily Of The Valley, Rose, Jasmine Base Notes: Cedar, Musk, Oakmoss Origin Indonesia Commodity Specifications BPOM : NA11231000221 Product Usage Tuangkan sampo secukupnya ke telapak tangan Anda, pijatkan ke kulit kepala, lalu bilas. Ingredients Water, Sodium Laureth Sulfate, Sodium Chloride, Cocamidopropyl Hydroxysultaine, Cocamide Methyl MEA, Aroma, Phenoxyethanol, Cocamidopropyl Betaine, Sodium Benzoate, Trimethylolpropane Tricaprylate/Tricaprate, Coco-Glucoside, Glyceryl Oleate, Sodium Lauroyl Sarcosinate, Hydroxypropyl Guar Hydroxypropyltrimonium Chloride, Polyquaternium-7, Citric Acid, Glycerin, Sodium PCA, Myristamidopropyl PG-Dimonium Chloride Phosphate, Disodium EDTA, Sodium Cocamidopropyl PG-Dimonium Chloride Phosphate, Phytosteryl Oleate, Glyceryl Behenate, Sodium Polyaspartate, Propylene Glycol, PPG-26-Buteth-26, Butylene Glycol, 1,2-Hexanediol, Tocopherol, Pentylene Glycol, Hydrogenated Palm Glycerides Citrate, Salicylic Acid, Melaleuca Alternifolia (Tea Tree) Leaf Oil, Maris Sal, Zinc PCA, Rosmarinus Officinalis (Rosemary) Leaf Extract, Yeast Extract, Ethylhexylglycerin.",https://www.watsons.co.id/id/lavojoy-lavojoy-hair-we-bloom-shampoo-300ml/p/BP_39933,4/15/2026
P578,Dry Shampoo Blossom 200ml,ELLIPS,Shampoo,200ml,101.9,,https://www.watsons.co.id/id/ellips-dry-shampoo-blossom-200ml/p/BP_73715,4/15/2026
P579,Shampoo Supreme Anti Hair Fall 330ml,HEAD & SHOULDER,Shampoo,330ml,82.5,"Aqua, Sodium Laureth Sulfate, Cocamidopropyl Betaine, Dimethicone, Ethylene Glycol Distearate, Fragrance, Sodium Lauryl Sulfate, Sodium Chloride, Acrylates Copolymer, Polyquaternium-10, DMDM Hydantoin, Laureth-23, Laureth-3, Guar Hydroxypropyltrimonium Chloride, Disodium EDTA, Butylene Glycol, Argania Spinosa Kernel Oil, Phytosteryl/Octyldodecyl Lauroyl Glutamate, Vitis Vinifera (Grape) Seed Extract.",https://www.watsons.co.id/id/head-shoulder-shampoo-supreme-anti-hair-fall-330ml/p/BP_70590,4/15/2026
P580,Lavender Balancing Shampoo 100ML,NATURALS BY WATSONS,Shampoo,100ML,18.9,,https://www.watsons.co.id/id/naturals-by-watsons-lavender-balancing-shampoo-100ml/p/BP_48145,4/15/2026
P581,Lavojoy So So So Smooth Shampoo 300ml,LAVOJOY,Shampoo,300ml,71.9,"1. Amino Acid 2. Hyaluronic Acid 3. Olive Oil Fresh Floral Fragrance - Berry Fragrance Top Notes: Orange Citrus Lemon Middle Notes: Mimosa, Jasmine, Ylang Ylang Base Notes: Tonka Beans, Patchouli, Myrrh, Vetiver Origin Indonesia Commodity Specifications BPOM : NA11231000226 Product Usage Tuangkan sampo secukupnya ke telapak tangan Anda, pijatkan ke kulit kepala, lalu bilas. Ingredients Water, Sodium Laureth Sulfate, Cocamide Methyl MEA, Sodium Chloride, Cocamidopropyl Hydroxysultaine, Glycerin, Phenoxyethanol, Aroma, Cocamidopropyl Betaine, Sodium Benzoate, Amodimethicone, Trimethylolpropane Tricaprylate/Tricaprate, Sodium Lauroyl Sarcosinate, Polyquaternium-7, Citric Acid, Trideceth-6, Sodium PCA, Myristamidopropyl PG-Dimonium Chloride Phosphate, Disodium EDTA, Sodium Cocamidopropyl PG-Dimonium Chloride Phosphate, Glyceryl Behenate, Phytosteryl Oleate, Sodium Polyaspartate, Trideceth-12, Propylene Glycol, PPG-26-Buteth-26, PEG-40 Hydrogenated Castor Oil, Butylene Glycol, 1,2-Hexanediol, Pentylene Glycol, Limnanthes Alba (Meadowfoam) Seed Oil, Simmondsia Chinensis (Jojoba) Seed Oil, Squalane, Sodium Hyaluronate, Olea Europaea (Olive) Fruit Oil.",https://www.watsons.co.id/id/lavojoy-lavojoy-so-so-so-smooth-shampoo-300ml/p/BP_39932,4/15/2026
P582,Total Repair 5 Repairing Shampoo - 170ml,L'OREAL,Shampoo,170ml,57.9,"AQUA / WATER, SODIUM LAURETH SULFATE, COCAMIDOPROPYL BETAINE, DIMETHICONE, SODIUM CHLORIDE, CI 77891 / TITANIUM DIOXIDE, GUAR HYDROXYPROPYLTRIMONIUM CHLORIDE, MICA, COCO-BETAINE, SODIUM BENZOATE, SODIUM HYDROXIDE, PHENOXYETHANOL, STEARETH-6, ACETIC ACI",https://www.watsons.co.id/id/l-oreal-total-repair-5-repairing-shampoo-170ml/p/BP_48662,4/15/2026
P583,Clear Shampoo Anti Ketombe & Rambut Rontok - 160Ml,CLEAR,Shampoo,160Ml,39.6,"Aqua, Sodium Laureth Sulfate, Sodium Lauryl Sulfate, Glycol Distearate, Cocamidopropyl Betaine, Dimethiconol, Perfume, Dimethicone, Propylene Glycol, Argania Spinosa Kernel (Argan) Oil, Aloe Barbadensis (Aloe Vera) Leaf Extract, Panax Quinquefolium (Ginseng) Root Extract, Guar Hydroxypropyltrimonium Chloride, Polyquaternium-10, Cocamide DEA, Sodium Sulfate, Sodium Chloride, Potassium Chloride, Citric Acid, Sodium Hydroxide, TEA-Sulfate, Tetrasodium EDTA, TEA-Dodecylbenzenesulfonate, Sodium Benzoate, Methylchloroisothiazolinone, Methylisothiazolinone, Benzyl Alcohol, Iodopropynyl Butylcarbamate, DMDM Hydantoin, Panthenol (Vitamin B5), Panthenyl Ethyl Ether, Sodium PCA, Sodium Lactate, Arginine, Aspartic Acid, PCA, Glycine, Alanine, Serine, Valine, Proline, Threonine, Isoleucine, Histidine, Phenylalanine, Niacinamide, Calcium Pantothenate, Sodium Ascorbyl Phosphate (Vitamin C), Tocopheryl Acetate (Vitamin E Acetate), Pyridoxine HCL (Vitamin B6), Cyclotetrasiloxane, Cyclopentasiloxane, Cyclohexasiloxane, Maltodextrin, Sodium Starch Octenylsuccinate, Silica, Hydrogen Peroxide, C12-15 Pareth-3, Hexylene Glycol, CI 42090, CI 47005.",https://www.watsons.co.id/id/clear-clear-shampoo-anti-ketombe-rambut-rontok-160ml/p/BP_38693,4/15/2026
P584,Hair Energy Shampoo Kiwi 330ml,MAKARIZO,Shampoo,330ml,58.2,,https://www.watsons.co.id/id/makarizo-hair-energy-shampoo-kiwi-330ml/p/BP_72701,4/15/2026
P585,Wardah Hairfall Treatment Shampoo 160ml,WARDAH,Shampoo,160ml,27.5,"Aqua, Sodium Laureth Sulfate, Cocamidopropyl Betaine, Dimethicone, Glycol Distearate, Sodium Chloride, Fragrance, Potassium Cocoyl Glycinate, Acrylates Copolymer, Polyquaternium-10, DMDM Hydantoin, Guar Hydroxypropyltrimonium Chloride, Laureth-23, Laureth-3, Disodium EDTA, Propylene Glycol, Rosmarinus Officinalis Leaf Oil, Glucose, PEG-40 Hydrogenated Castor Oil, Trideceth-9, Lactic Acid, Panax Ginseng Root Extract, Sodium Benzoate, Potassium Sorbate, Hydrolyzed Keratin, Caramel, Phenoxyethanol.",https://www.watsons.co.id/id/wardah-wardah-hairfall-treatment-shampoo-160ml/p/BP_73744,4/15/2026
P586,PRO-V Shampoo Anti Ketombe 160ml,PANTENE,Shampoo,160ml,31,"WATER, SODIUM LAURYL SULFATE, SODIUM LAURETH SULFATE, COCAMIDOPROPYL BETAINE, SODIUM XYLENESULFONATE, DIMETHICONE, GLYCOL DISTEARATE, FRAGRANCE, SODIUM CITRATE, COCAMIDE MEA, SODIUM CHLORIDE, BENZYL ALCOHOL, CLIMBAZOLE, GUAR HYDROXYPROPYLTRIMONIUM CHLORIDE, CITRIC ACID, SODIUM BENZOATE, TETRASODIUM EDTA, PANTHENOL, METHYLCHLOROISOTHIAZOLINONE, METHYLISOTHIAZOLINONE",https://www.watsons.co.id/id/pantene-pro-v-shampoo-anti-ketombe-160ml/p/BP_70207,4/15/2026
P587,Yellow Double Impact Shampoo 100ml,SELSUN,Shampoo,100ml,39.5,,https://www.watsons.co.id/id/selsun-yellow-double-impact-shampoo-100ml/p/BP_47571,4/15/2026
P588,Serasoft Shampoo Hijab 170ml,SERASOFT,Shampoo,170ml,21.5,"Water, Sodium Laureth Sulfate, Dimethiconol, Cocamidopropyl Betaine, Perfume, Sodium Chloride, Glycol Distearate, Phenoxyethanol, Glycerin, TEA-Dodecylbenzenesulfonate, Carbomer, Piroctone Olamine, Sodium Salicylate, Guar Hydroxypropyltrimonium Chloride, Mica, Cocamide MEA, Citric Acid, Trideceth-10, Sodium Hydroxide, Titanium Dioxide, Cyclotetrasiloxane, Sodium Benzoate, Helianthus Annuus (Sunflower) Seed Oil, Iodopropynyl Butylcarbamate",https://www.watsons.co.id/id/serasoft-serasoft-shampoo-hijab-170ml/p/BP_27628,4/15/2026
P589,Clear Shampoo Anti Ketombe Menthol Segar 300ml,CLEAR,Shampoo,300ml,33.9,"Water, Sodium Laureth Sulfate, Sodium Chloride, Cocamidopropyl Betaine, Perfume, Dimethiconol, Menthol, Polyquaternium-6, Piroctone Olamine, Carbomer, Dimethicone, Phenoxyethanol, Sodium Salicylate, Menthyl Lactate, Mica, Sodium hydroxide, Citric Acid, Niacinamide, Glycerin, Titanium Dioxide, TEA-Dodecylbenzenesulfonate, TEA-Sulfate, Sodium Benzoate, Helianthus Annuus (Sunflower) Seed Oil, Poloxamer 407, Laureth-23, Glycine, Laureth-4, PEG-4, Xanthan Gum, Propylene Glycol, Potassium Sorbate, Mentha Piperita (Peppermint) Leaf Extract, Iodopropynyl Butylcarbamate, Sodium Sulfate, Citrus Aurantifolia (Lime) Juice, Glucose, Lactic Acid, CI 42090",https://www.watsons.co.id/id/clear-clear-shampoo-anti-ketombe-menthol-segar-300ml/p/BP_39319,4/15/2026
P590,Elseve Glycolic Gloss Shampoo 400ml,L'OREAL,Shampoo,400ml,120.5,,https://www.watsons.co.id/id/l-oreal-elseve-glycolic-gloss-shampoo-400ml/p/BP_61216,4/15/2026
P591,Premium Volume & Repair Bundle Shampoo + Conditioner 450ml,TSUBAKI,Conditioner,450ml,299.8,"Tsubaki Premium Volume & Repair Conditioner 450 mL AQUA, ISOPENTYLDIOL, BEHENTRIMONIUM CHLORIDE, GLYCERIN, STEARYL ALCOHOL, BEHENYL ALCOHOL, DIMETHICONE, CETYL ALCOHOL, ISOPROPYL ALCOHOL, FRAGRANCE, DIPROPYLENE GLYCOL, ISOPROPYL MYRISTATE, PEG-2 LAURATE, SODIUM BENZOATE, AMODIMETHICONE, PHENOXYETHANOL, SODIUM METHYLTAURATE, SALICYLIC ACID, AMINOPROPYL DIMETHICONE, PPG-2-DECETH-12, LAURTRIMONIUM CHLORIDE, C13-16 ISOPARAFFIN, STEARTRIMONIUM CHLORIDE, POLYSILICONE-13, SQUALANE, ASPARTIC ACID, DISODIUM EDTA, CAMELLIA JAPONICA SEED OIL, POLYQUATERNIUM-11, C10-13 ISOPARAFFIN, LACTIC ACID, SODIUM DILAURAMIDOGLUTAMIDE LYSINE, TAURINE, CETRIMONIUM CHLORIDE, PHYTOSTERYL/OCTYLDODECYL LAUROYL GLUTAMATE, PHYTOSTERYL MACADAMIATE, BIS-ETHYLHEXYLOXYPHENOL METHOXYPHENYL TRIAZINE, TOCOPHEROL. Tsubaki Premium Volume & Repair Shampoo 450 mL AQUA, SODIUM LAURETH SULFATE, COCAMIDOPROPYL BETAINE, PEG-2 LAURATE, SODIUM SULFATE, FRAGRANCE, DIPROPYLENE GLYCOL, ISOSTEARYL ALCOHOL, PHENOXYETHANOL, GUAR HYDROXYPROPYLTRIMONIUM CHLORIDE, SODIUM BENZOATE, PEG-60 HYDROGENATED CASTOR OIL, POLYQUATERNIUM-10, SALICYLIC ACID, DISODIUM EDTA, SODIUM METHYL COCOYL TAURATE, LAURTRIMONIUM CHLORIDE, CITRIC ACID, ASPARTIC ACID, CAMELLIA JAPONICA SEED OIL, POLYQUATERNIUM-11, SODIUM DILAURAMIDOGLUTAMIDE LYSINE, TAURINE, PHYTOSTERYL/OCTYLDODECYL LAUROYL GLUTAMATE, PHYTOSTERYL MACADAMIATE, BIS-ETHYLHEXYLOXYPHENOL METHOXYPHENYL TRIAZINE, SQUALANE, TOCOPHEROL.",https://www.watsons.co.id/id/tsubaki-premium-volume-repair-bundle-shampoo-conditioner-450ml/p/BP_61254,4/15/2026
P592,Shampoo + Kondisioner 2in1 Anti Ketombe Cool Menthol Perawatan Rambut 300ml,HEAD & SHOULDER,Shampoo,300ml,43.9,,https://www.watsons.co.id/id/head-shoulder-shampoo-kondisioner-2in1-anti-ketombe-cool-menthol-perawatan-rambut-300ml/p/BP_44607,4/15/2026
P593,Shampoo Perawatan Rambut Rontok Pro-V 400ml,PANTENE,Shampoo,400ml,96.5,"Water, Sodium Laureth Sulfate, Dimethicone, Cocamidopropyl Betaine, Sodium Citrate, Sodium Xylenesulfonate, Glycol Distearate, Sodium Chloride, Fragrance, Stearyl Alcohol, Cetyl Alcohol, Guar Hydroxypropyltrimonium Chloride, Citric Acid, Sodium Benzoate, Tetrasodium Edta, Polyouaternium-6, Histidine, Panthenol Panthenyl Ethyl Ether, Oryza Sativa (Rice) Bran Oil Methylchloroisothiazolinone, Methylisothiazolinone.",https://www.watsons.co.id/id/pantene-shampoo-perawatan-rambut-rontok-pro-v-400ml/p/BP_74048,4/15/2026
P594,Dry Shampoo Pretty & Opulent Oriental 200ml,BATISTE,Shampoo,200ml,122.9,"Water, Sodium Laureth Sulfate, Dimethiconol, Cocamidopropyl Betaine, Perfume, Sodium Chloride, Glycol Distearate, Phenoxyethanol, Glycerin, TEA-Dodecylbenzenesulfonate, Carbomer, Piroctone Olamine, Sodium Salicylate, Guar Hydroxypropyltrimonium Chloride, Mica, Cocamide MEA, Citric Acid, Trideceth-10, Sodium Hydroxide, Titanium Dioxide, Cyclotetrasiloxane, Sodium Benzoate, Helianthus Annuus (Sunflower) Seed Oil, Iodopropynyl Butylcarbamate",https://www.watsons.co.id/id/batiste-dry-shampoo-pretty-opulent-oriental-200ml/p/BP_15440,4/15/2026
P595,Olive Deep Moisturising Shampoo Refill 450ml,NATURALS BY WATSONS,Shampoo,450ml,42.9,,https://www.watsons.co.id/id/naturals-by-watsons-olive-deep-moisturising-shampoo-refill-450ml/p/BP_48151,4/15/2026
P596,Dry Shampoo Blush Flirty Floral 50 ml,BATISTE,Shampoo,50 ml,56.5,,https://www.watsons.co.id/id/batiste-dry-shampoo-blush-flirty-floral-50-ml/p/BP_61727,4/15/2026
P597,Moist Diane Shampoo Extra Fresh & Hydrate 450ml,MOIST DIANE,Shampoo,450ml,116.9,"AQUA, SODIUM LAURETH SULFATE, COCAMIDOPROPYL BETAINE, GLYCOL DISTEARATE, PEG-2 LAURATE, SODIUM SULFATE, FRAGRANCE, DIPROPYLENE GLYCOL, PHENOXYETHANOL, GUAR HYDROXYPROPYLTRIMONIUM CHLORIDE, LAURIC ACID, SODIUM BENZOATE, PROPYLTRIMONIUMCHLORIDE ACRYLAMIDE/DIMETHYLACRYLAMIDE COPOLYMER, SALICYLIC ACID, CITRIC ACID, DISODIUM EDTA, POLYQUATERNIUM-10, DIMETHICONOL, LAURTRIMONIUM CHLORIDE, SQUALANE, CAMELLIA JAPONICA SEED OIL, BUTYLENE GLYCOL, SODIUM DILAURAMIDOGLUTAMIDE LYSINE, SODIUM LAURYL SULFATE, PHYTOSTERYL/OCTYLDODECYL LAUROYL GLUTAMATE, PHYTOSTERYL MACADAMIATE, GLYCINE SOJA (SOYBEAN) SEED EXTRACT, BIS-ETHYLHEXYLOXYPHENOL METHOXYPHENYL TRIAZINE, SODIUM ACETYLATED HYALURONATE, TOCOPHEROL.",https://www.watsons.co.id/id/moist-diane-moist-diane-shampoo-extra-fresh-hydrate-450ml/p/BP_38502,4/15/2026
P598,Shampoo Classics Hydrated and Refreshed Coconut Water 400ml,HERBAL ESSENCES,Shampoo,400ml,69.5,"Water 400ml Rp69.500 25% off Rp92.900 (2) Indonesia MENGAPA MEMILIH AIR KELAPA? Kelapa adalah pohon kehidupan, yang digunakan secara luas oleh wanita Polinesia dalam rutinitas perawatan kecantikan mereka. Daging kelapa dapat dikeringkan atau diperas guna menghasilkan minyak kelapa, air kelapa, atau santan.",https://www.watsons.co.id/id/herbal-essences-shampoo-classics-hydrated-and-refreshed-coconut-water-400ml/p/BP_37782,4/15/2026
P599,Shampo Ginseng 200ml,MYLEA,Shampoo,200ml,61.6,"AQUA / WATER, SODIUM LAURETH SULFATE, COCAMIDOPROPYL BETAINE, DIMETHICONE, SODIUM CHLORIDE, CI 77891 / TITANIUM DIOXIDE, GUAR HYDROXYPROPYLTRIMONIUM CHLORIDE, MICA, COCO-BETAINE, SODIUM BENZOATE, SODIUM HYDROXIDE, PHENOXYETHANOL, STEARETH-6, ACETIC ACID, ARGININE, PEG-100 STEARATE, TRIDECETH-10, TRIDECETH-3, SALICYLIC ACID, LIMONENE, FUMARIC ACID, LINALOOL, BENZYL ALCOHOL, BENZYL SALICYLATE, AMODIMETHICONE, ALPHA-ISOMETHYL IONONE, PARFUM / FRAGRANCE, CARBOMER, CITRIC ACID, CITRONELLOL, HEXYLENE GLYCOL, GLYCERIN, GLYCOL DISTEARATE. (F.I.L. C249170/1).",https://www.watsons.co.id/id/mylea-shampo-ginseng-200ml/p/BP_73182,4/15/2026
P600,Shampoo Super Cool 300ml,HEAD & SHOULDER,Shampoo,300ml,87.9,"water, sodium laureth sulfate, cocamidopropyl betaine, zinc pyrithione, menthol, fragrance, polyquaternium,",https://www.watsons.co.id/id/head-shoulder-shampoo-super-cool-300ml/p/BP_74790,4/15/2026
P601,Shampoo Cool Booster Botol 340ml,ZINC,Shampoo,340ml,46.7,"Aqua, Cocamidopropyl Betaine, Potassium Cocoyl Hydrolyzed Oat Protein, Sodium Cocoyl Glycinate, PEG-120 Methyl Glucose Dioleate,Butylene Glvcol,Aleurites Moluccana Seed Extract, Propylene Glycol, Fragrance, Panthenol, Polyquaternium-10, Aloe Barbadensis Leaf Extract, Phenoxyeth-anol, Dmdm Hydantoin, Tetrasodium EDIA,Citric Acid",https://www.watsons.co.id/id/zinc-shampoo-cool-booster-botol-340ml/p/BP_46477,4/15/2026
P602,Serasoft Shampoo Hijab 340ml,SERASOFT,Shampoo,340ml,39.9,"Water, Sodium Laureth Sulfate, Dimethiconol, Cocamidopropyl Betaine, Perfume, Sodium Chloride, Glycol Distearate, Phenoxyethanol, Glycerin, TEA-Dodecylbenzenesulfonate, Carbomer, Piroctone Olamine, Sodium Salicylate, Guar Hydroxypropyltrimonium Chloride, Mica, Cocamide MEA, Citric Acid, Trideceth-10, Sodium Hydroxide, Titanium Dioxide, Cyclotetrasiloxane, Sodium Benzoate, Helianthus Annuus (Sunflower) Seed Oil, Iodopropynyl Butylcarbamate",https://www.watsons.co.id/id/serasoft-serasoft-shampoo-hijab-340ml/p/BP_27629,4/15/2026
P603,Argan Repairing Shampoo 490ml,NATURALS BY WATSONS,Shampoo,490ml,57.9,,https://www.watsons.co.id/id/naturals-by-watsons-argan-repairing-shampoo-490ml/p/BP_49603,4/15/2026
P604,Palmolive Naturals Shampoo & Conditioner Anti Dandruff 180ml - Shampo Kondisioner,PALMOLIVE,Conditioner,180ml,32.5,"Aqua, Sodium Laureth Sulfate, Sodium Lauryl Sulfate, Glycol Distearate, Perfume, Dimethicone, Cocamidopropyl Betaine, Dimethiconol, Argania Spinosa Kernel (Argan) Oil, Melaleuca Alternifolia (Tea Tree) Leaf Oil, Menthol, Guar Hydroxypropyltrimonium Chloride, Polyquaternium-74, Propylene Glycol, Cocamide DEA, Sodium Sulfate, Sodium Chloride, Potassium Chloride, Citric Acid, Sodium Hydroxide, TEA-Sulfate, Tetrasodium EDTA, Disodium EDTA, TEA-Dodecylbenzenesulfonate, PEG-7M, PEG-40 Hydrogenated Castor Oil, Polysorbate 20, Sodium Benzoate, Methylchloroisothiazolinone, Methylisothiazolinone, Benzyl Alcohol, Iodopropynyl Butylcarbamate, DMDM Hydantoin, Panthenol (Vitamin B5), Panthenyl Ethyl Ether, Sodium PCA, Sodium Lactate, Arginine, Aspartic Acid, PCA, Glycine, Alanine, Serine, Valine, Proline, Threonine, Isoleucine, Histidine, Phenylalanine, Niacinamide, Calcium Pantothenate, Sodium Ascorbyl Phosphate (Vitamin C), Tocopheryl Acetate (Vitamin E Acetate), Pyridoxine HCL (Vitamin B6), Tocopherol, Maltodextrin, Sodium Starch Octenylsuccinate, Silica, Hydrogen Peroxide, C12-15 Pareth-3, Hexylene Glycol, Laureth-4, Laureth-23, PEG-55 Stearate, Cyclohexasiloxane, Cyclotetrasiloxane, Cyclopentasiloxane, CI 42090, CI 47005",https://www.watsons.co.id/id/palmolive-palmolive-naturals-shampoo-conditioner-anti-dandruff-180ml-shampo-kondisioner/p/BP_70301,4/15/2026
P605,Shampoo Selsun 7 Herbal Anti Dandruff 120ml,SELSUN,Shampoo,120ml,41,,https://www.watsons.co.id/id/selsun-shampoo-selsun-7-herbal-anti-dandruff-120ml/p/BP_70343,4/15/2026
P606,L'Oreal Elseve Fall Resist 3X Shampoo 410ml,L'OREAL,Shampoo,410ml,120.5,"AQUA / WATER, SODIUM LAURETH SULFATE, COCAMIDOPROPYL BETAINE, DIMETHICONE, SODIUM CHLORIDE, CI 77891 / TITANIUM DIOXIDE, GUAR HYDROXYPROPYLTRIMONIUM CHLORIDE, MICA, COCO-BETAINE, SODIUM BENZOATE, SODIUM HYDROXIDE, PHENOXYETHANOL, STEARETH-6, ACETIC ACID, ARGININE, PEG-100 STEARATE, TRIDECETH-10, TRIDECETH-3, SALICYLIC ACID, LIMONENE, FUMARIC ACID, LINALOOL, BENZYL ALCOHOL, BENZYL SALICYLATE, AMODIMETHICONE, ALPHA-ISOMETHYL IONONE, PARFUM / FRAGRANCE, CARBOMER, CITRIC ACID, CITRONELLOL, HEXYLENE GLYCOL, GLYCERIN, GLYCOL DISTEARATE. (F.I.L. C249170/1). Width 9 Height 20 Depth 5 BANDINGKAN DENGAN PRODUK SERUPA Harga Ukuran kemasan Rating Produk Bahan Produk ini",https://www.watsons.co.id/id/l-oreal-l-oreal-elseve-fall-resist-3x-shampoo-410ml/p/BP_44328,4/15/2026
P607,Shampoo Anti Ketombe Lemon Segar Perawatan Rambut 400ml,HEAD & SHOULDER,Shampoo,400ml,98.5,"Air, Natrium Lauret Sulfat, Natrium Lauril Sulfat, Dimetikon, Kokamida MEA, Zinc Karbonat, Glikol Distearat, Natrium Klorida, Zinc Pirition, Natrium Xilenasulfonat, Pewangi, Setil Alkohol, Guar Hidroksipropiltrimonium Klorida, Magnesium Sulfat, Natrium Benzoat, Magnesium Karbonat Hidroksida, Benzil Alkohol, Metilkloroisotiazolinon, Metilisotiazolinon.",https://www.watsons.co.id/id/head-shoulder-shampoo-anti-ketombe-lemon-segar-perawatan-rambut-400ml/p/BP_66882,4/15/2026
P608,Shampoo Classics Weighty and Smooth Rosehip with Camellia Oil 400ml,HERBAL ESSENCES,Shampoo,400ml,69.5,,https://www.watsons.co.id/id/herbal-essences-shampoo-classics-weighty-and-smooth-rosehip-with-camellia-oil-400ml/p/BP_37781,4/15/2026
P609,Shampoo Biotin Hairfall Control 400ml,DOVE,Shampoo,400ml,52.5,"Water, Sodium Laureth Sulfate, Cocamidopropyl Betaine, Dimethiconol, Sodium Chloride, Perfume, Sodium Gluconate, Glycerin, Glycol Distearate, PPG-7, TEA-Dodecylbenzenesulfonate, Sodium Benzoate, Carbomer, Guar Hydroxypropyltrimonium Chloride, Mica, Citric Acid, Cocamide MEA, PEG-45M, Trideceth-10, Disodium EDTA, Titanium Dioxide, Phenoxyethanol, Urea, Disodium Phosphate, Silica, Biotin, Zinc Sulfate Heptahydrate, Iodopropynyl Butylcarbamate, Ceramide NG, Butylated Hydroxytoluene, Sodium Sulfate, Hydrolyzed Yeast Protein, Potassium Sorbate, CI 15985, CI 19140",https://www.watsons.co.id/id/dove-shampoo-biotin-hairfall-control-400ml/p/BP_64172,4/15/2026
P610,Dry Shampoo Breeze 200ml,ELLIPS,Shampoo,200ml,101.9,"Water, Sodium Laureth Sulfate, Dimethiconol, Cocamidopropyl Betaine, Perfume, Sodium Chloride, Glycol Distearate, Phenoxyethanol, Glycerin, TEA-Dodecylbenzenesulfonate, Carbomer, Piroctone Olamine, Sodium Salicylate, Guar Hydroxypropyltrimonium Chloride, Mica, Cocamide MEA, Citric Acid, Trideceth-10, Sodium Hydroxide, Titanium Dioxide, Cyclotetrasiloxane, Sodium Benzoate, Helianthus Annuus (Sunflower) Seed Oil, Iodopropynyl Butylcarbamate",https://www.watsons.co.id/id/ellips-dry-shampoo-breeze-200ml/p/BP_73714,4/15/2026
P611,Shampoo 3in1 Korean Lavender 150ml,REJOICE,Shampoo,150ml,27.9,,https://www.watsons.co.id/id/rejoice-shampoo-3in1-korean-lavender-150ml/p/BP_37783,4/15/2026
P612,Clean & Balanced Anti-Dandruff Shampoo 180ml,HEAD & SHOULDER,Shampoo,180ml,34.9,"Water, Sodium Lauryl Sulfate, Sodium Laureth Sulfate, Sodium Chloride, Glycol Distearate, Dimethicone, Zinc Carbonate, Sodium Xylenesulfonate, Cocamidopropyl Betaine, Zinc Pyrithione, Fragrance, Sodium Benzoate, Guar Hydroxypropyltrimonium Chloride, Magnesium Carbonate Hydroxide, Methylchloroisothiazolinone, Methylisothiazolinone, CI 42090, CI 17200.",https://www.watsons.co.id/id/head-shoulder-clean-balanced-anti-dandruff-shampoo-180ml/p/BP_45280,4/15/2026
P613,Shampoo 3in1 Korean Lavender 340ml,REJOICE,Shampoo,340ml,34,,https://www.watsons.co.id/id/rejoice-shampoo-3in1-korean-lavender-340ml/p/BP_37784,4/15/2026
P614,Tsubaki Premium Moist & Repair Shampoo 450ml,TSUBAKI,Shampoo,450ml,149.9,"AQUA, SODIUM LAURETH SULFATE, COCAMIDOPROPYL BETAINE, GLYCOL DISTEARATE, PEG-2 LAURATE, SODIUM SULFATE, FRAGRANCE, DIPROPYLENE GLYCOL, PHENOXYETHANOL, GUAR HYDROXYPROPYLTRIMONIUM CHLORIDE, LAURIC ACID, SODIUM BENZOATE, PROPYLTRIMONIUMCHLORIDE ACRYLAMIDE/DIMETHYLACRYLAMIDE COPOLYMER, SALICYLIC ACID, CITRIC ACID, DISODIUM EDTA, POLYQUATERNIUM-10, DIMETHICONOL, LAURTRIMONIUM CHLORIDE, SQUALANE, CAMELLIA JAPONICA SEED OIL, BUTYLENE GLYCOL, SODIUM DILAURAMIDOGLUTAMIDE LYSINE, SODIUM LAURYL SULFATE, PHYTOSTERYL/OCTYLDODECYL LAUROYL GLUTAMATE, PHYTOSTERYL MACADAMIATE, GLYCINE SOJA (SOYBEAN) SEED EXTRACT, BIS-ETHYLHEXYLOXYPHENOL METHOXYPHENYL TRIAZINE, SODIUM ACETYLATED HYALURONATE, TOCOPHEROL.",https://www.watsons.co.id/id/tsubaki-tsubaki-premium-moist-repair-shampoo-450ml/p/BP_45139,4/15/2026
P615,Head & Shoulders Shampoo Cool Menthol 160ml,HEAD & SHOULDER,Shampoo,160ml,26.3,"Water, Sodium Laureth Sulfate, Sodium Chloride, Cocamidopropyl Betaine, Perfume, Dimethiconol, Menthol, Polyquaternium-6, Piroctone Olamine, Carbomer, Dimethicone, Phenoxyethanol, Sodium Salicylate, Menthyl Lactate, Mica, Sodium hydroxide, Citric Acid, Niacinamide, Glycerin, Titanium Dioxide, TEA-Dodecylbenzenesulfonate, TEA-Sulfate, Sodium Benzoate, Helianthus Annuus (Sunflower) Seed Oil, Poloxamer 407, Laureth-23, Glycine, Laureth-4, PEG-4, Xanthan Gum, Propylene Glycol, Potassium Sorbate, Mentha Piperita (Peppermint) Leaf Extract, Iodopropynyl Butylcarbamate, Sodium Sulfate, Citrus Aurantifolia (Lime) Juice, Glucose, Lactic Acid, CI 42090",https://www.watsons.co.id/id/head-shoulder-head-shoulders-shampoo-cool-menthol-160ml/p/BP_28637,4/15/2026
P616,Rescue & Repair Rose & Evening Primrose Shampoo 700Ml,WATSONS,Shampoo,700Ml,28.9,"Aqua (Water), Sodium Laureth Sulfate, Sodium Chloride, Cocamidopropyl Betaine",https://www.watsons.co.id/id/watsons-rescue-repair-rose-evening-primrose-shampoo-700ml/p/BP_29438,4/15/2026
P617,PRO-V Shampoo Nature Care 290ml,PANTENE,Shampoo,290ml,46.5,"Water, Sodium Laureth Sulfate, Cocamidopropyl Betaine, Sodium Chloride, Citric Acid, Cocamide MEA, Sodium Citrate, Sodium Xylenesulfonate, Fragrance, Dimethiconol, Sodium Benzoate, Guar Hydroxypropyltrimonium Chloride, Disodium EDTA, Panthenol, Panthenyl Ethyl Ether, Persea Gratissima (Avocado) Oil, Methylchloroisothiazolinone, Methylisothiazolinone, CI 19140, CI 17200, CI 42090.",https://www.watsons.co.id/id/pantene-pro-v-shampoo-nature-care-290ml/p/BP_70211,4/15/2026
P618,Clear Shampoo Anti Ketombe Perawatan Komplit 300ml,CLEAR,Shampoo,300ml,33.9,"Water, Sodium Laureth Sulfate, Cocamidopropyl Betaine, Dimethiconol, Sodium chloride, Fragrance, Zinc Pyrithione, Dimethicone, Phenoxyethanol, Sodium Salicylate, Carbomer, Guar Hydroxypropyltrimonium Chloride, Sodium hydroxide, Citric acid, TEA-Dodecylbenzenesulfonate, Niacinamide, Zinc Sulfate Heptahydrate, Glycerin, TEA-Sulfate, Laureth-23, Poloxamer 407, Sodium benzoate, Sodium Polynaphthalenesulfonate, Helianthus Annuus (Sunflower) Seed Oil, Laureth-4, Glycine, PEG-4, Cellulose Gum, Caprylyl Glycol, Xanthan gum, Potassium sorbate, Iodopropynyl Butylcarbamate, Sodium sulfate, CI 42090, CI 47005",https://www.watsons.co.id/id/clear-clear-shampoo-anti-ketombe-perawatan-komplit-300ml/p/BP_39303,4/15/2026
P619,HairGrow Hair Fall Protection Shampoo 370ml,ERHA,Shampoo,370ml,240,,https://www.watsons.co.id/id/erha-hairgrow-hair-fall-protection-shampoo-370ml/p/BP_60903,4/15/2026
P620,Dove 3 in 1 Super Shampoo Serum 125ml,DOVE,Shampoo,125ml,32.9,"Water, Sodium Laureth Sulfate, Dimethiconol, Cocamidopropyl Betaine, Perfume, Sodium Chloride, Glycol Distearate, Phenoxyethanol, Glycerin, TEA-Dodecylbenzenesulfonate, Carbomer, Piroctone Olamine, Sodium Salicylate, Guar Hydroxypropyltrimonium Chloride, Mica, Cocamide MEA, Citric Acid, Trideceth-10, Sodium Hydroxide, Titanium Dioxide, Cyclotetrasiloxane, Sodium Benzoate, Helianthus Annuus (Sunflower) Seed Oil, Iodopropynyl Butylcarbamate",https://www.watsons.co.id/id/dove-dove-3-in-1-super-shampoo-serum-125ml/p/BP_17746,4/15/2026
P621,Shampoo Nature Care Fullness & Life 135ml,PANTENE,Shampoo,135ml,31,"Water, Sodium Laureth Sulfate, Cocamidopropyl Betaine, Sodium Chloride, Citric Acid, Cocamide MEA, Sodium Citrate, Sodium Xylenesulfonate, Fragrance, Dimethiconol, Sodium Benzoate, Guar Hydroxypropyltrimonium Chloride, Disodium EDTA, Panthenol, Panthenyl Ethyl Ether, Persea Gratissima (Avocado) Oil, Methylchloroisothiazolinone, Methylisothiazolinone, CI 19140, CI 17200, CI 42090.",https://www.watsons.co.id/id/pantene-shampoo-nature-care-fullness-life-135ml/p/BP_70203,4/15/2026
P622,Dove Shampoo Micellar Hair Boost 430Ml,DOVE,Shampoo,430Ml,90.9,"Aqua, Sodium Laureth Sulfate, Cocamidopropyl Betaine, Dimethicone , Ethylene Glycol Distearate, Fragrance, Sodium Lauryl Sulfate, Sodium Chloride, Zinc Pyrithione, Polyquaternium-10, Acrylates Copolymer , Guar Hydroxypropyltrimonium Chloride, DMDM Hydantoin, Laureth-23, Laureth-3, Melaleuca Alternifolia (Tea Tree) Leaf Oil, Zinc PCA, Propylene Glycol, Disodium EDTA, Mentha Piperita (Leaf) Extract, Polysorbate 60, Glycerin, Potassium Sorbate, Sodium Benzoate.",https://www.watsons.co.id/id/dove-dove-shampoo-micellar-hair-boost-430ml/p/BP_28397,4/15/2026
P623,Extra Vital Shampoo 450ml,MOIST DIANE,Shampoo,450ml,116.9,"aqua, sodium c14-16 olefin sulfonate, Cocamidopropyl betaine, TEA-Cocoyl Glutamate, cocamide methyl mea, Sodium Cocoamphoacetate, polyquaternium-10, Fragrance, Sodium Benzoate, Phenoxyethanol, Dipropylene Glycol, Citric Acid, Disodium EDTA, Sodium Methyl Cocoyl Taurate, Sodium Chloride, caramel, butylene glycol, isomalt, hydrolyzed keratin, Salicylic Acid, camellia sinensis seed oil, o-cymen-5-ol, Pouteria Sapota Seed Oil, vaccinium vitis-idaea seed oil, Glycerin, alcohol, sodium dilauramidoglutamide lysine, hydrolyzed silk pg-propyl methylsilanediol, potassium cocoyl hydrolyzed keratin, Tocopherol, Mangifera Indica Seed Oil, adansonia digitata seed oil, carapa guaianensis seed oil, prunus domestica seed extract, sclerocarya birrea seed oil, theobroma grandiflorum seed butter, sodium lauraminopropionate, Propylene Glycol, hydroxypropyltrimonium hydrolyzed keratin, laurdimonium hydroxypropyl hydrolyzed keratin, propanediol, punica granatum fruit extract, Malus Domestica Fruit Cell Culture Extract, Keratin, Citrus Nobilis (Mandarin Orange) Peel Extract, quaternium-18, panax ginseng root extract, citrus junos seed extract, paeonia albiflora root extract, prunus lannesiana flower extract, rosa centifolia flower extract, rosa damascena flower extract, sasa veitchii leaf extract, xanthan gum, Hydrolyzed Conchiolin Protein, Pisum Sativum (Pea) Sprout Extract, lecithin, Argania Spinosa Callus Culture Extract, behentrimonium chloride, rosa hybrid flower extract, camellia sinensis leaf extract, Gamma-Docosalactone, quaternium-33, Cholesterol, Rosmarinus Officinalis (Rosemary) Leaf Extract, Ascorbic Acid, Malic Acid, Soybean ( Glycine Soja ) Sterol, prunus yedoensis leaf extract, Ceramide NG, Argania Spinosa Kernel Oil, ceramide 5, Ceramide NP, Ceramide AP, Ceramide EOP",https://www.watsons.co.id/id/moist-diane-extra-vital-shampoo-450ml/p/BP_45669,4/15/2026
P624,Hair Energy Shampoo Royal Jelly 170ml,MAKARIZO,Shampoo,170ml,32.9,,https://www.watsons.co.id/id/makarizo-hair-energy-shampoo-royal-jelly-170ml/p/BP_72698,4/15/2026
P625,Collagen Repair Shampoo 250ml,CBD,Shampoo,250ml,44.9,,https://www.watsons.co.id/id/cbd-collagen-repair-shampoo-250ml/p/BP_48334,4/15/2026
P626,Batiste Dry Shampoo & De-Frizz 200ml,BATISTE,Shampoo,200ml,140.4,"Aqua, Cocos Nucifera Fruit extract, Glycine Soja Extract, Tocopherol, Cetrimonium Chloride, Alpha- Isomethyl Ionone, Distearyldimonium Chloride, Citronellol, Hexyl Cinnamal, Linalool",https://www.watsons.co.id/id/batiste-batiste-dry-shampoo-de-frizz-200ml/p/BP_22168,4/15/2026
P627,Herbal Essence Strawberry Mint Shampoo 400ml,HERBAL ESSENCES,Shampoo,400ml,93,"Water/eau, Sodium Laureth Sulfate, Sodium Lauryl Sulfate, Sodium Chloride, Sodium Citrate, Sodium Xylenesulfonate, Fragrance/parfum, Cocamidopropyl Betaine, Sodium Benzoate, Hydroxypropyl Methylcellulose, Citric Acid, Tetrasodium Edta, Histidine, Fragaria Chiloensis (Strawberry) Fruit Extract, Aloe Barbadensis Leaf Juice, Menthol, Mentha Piperita (Peppermint) Oil, Mentha Arvensis Leaf Oil, Methylchloroisothiazolinone, Methylisothiazolinone, Ecklonia Radiata Extract.",https://www.watsons.co.id/id/herbal-essences-herbal-essence-strawberry-mint-shampoo-400ml/p/BP_15135,4/15/2026
P628,Dry Shampoo Fresh 200ml,BATISTE,Shampoo,200ml,122.9,,https://www.watsons.co.id/id/batiste-dry-shampoo-fresh-200ml/p/BP_15436,4/15/2026
P629,Twin Pack Shampoo Refreshing Cool Botol 680ml,ZINC,Shampoo,680ml,145.8,,https://www.watsons.co.id/id/zinc-twin-pack-shampoo-refreshing-cool-botol-680ml/p/BP_75105,4/15/2026
P630,Tsubaki Premium Cool & Repair Shampoo 450ml,TSUBAKI,Shampoo,450ml,104,"AQUA, SODIUM LAURETH SULFATE, COCAMIDOPROPYL BETAINE, MENTHOL, DIPROPYLENE GLYCOL, FRAGRANCE, GUAR HYDROXYPROPYLTRIMONIUM CHLORIDE, PEG-2 LAURATE, PHENOXYETHANOL, SODIUM BENZOATE, SODIUM SULFATE, SODIUM METHYLTAURATE, HYDROXYETHYL UREA, CITRIC ACID, PEG-60 HYDROGENATED CASTOR OIL, SALICYLIC ACID, DISODIUM EDTA, LACTIC ACID, AMMONIUM LACTATE, CAMELLIA JAPONICA SEED OIL, PPG-70 GLYCERYL ETHER, BUTYLENE GLYCOL, SODIUM DILAURAMIDOGLUTAMIDE LYSINE, ETHYLHEXYL PALMITATE, BIS-ETHYLHEXYLOXYPHENOL METHOXYPHENYL TRIAZINE, PHYTOSTERYL/OCTYLDODECYL LAUROYL GLUTAMATE, PHYTOSTERYL MACADAMIATE, MENTHA PIPERITA (PEPPERMINT) LEAF EXTRACT, SQUALANE, BHT, TOCOPHEROL.",https://www.watsons.co.id/id/tsubaki-tsubaki-premium-cool-repair-shampoo-450ml/p/BP_45141,4/15/2026
P631,Nuvo Family Body Wash Mild Protect 550ml,NUVO,,550ml,46.5,,https://www.watsons.co.id/id/nuvo-nuvo-family-body-wash-mild-protect-550ml/p/BP_40453,4/15/2026
P632,Moist Diane Shampoo Extra Volume & Scalp 450ml,MOIST DIANE,Shampoo,450ml,116.9,"Sodium Benzoate, Sodium Chloride, Soybean ( Glycine Soja ) Sterol, TEA-Cocoyl Glutamate, 1,2-hexanediol, adansonia digitata seed oil, aqua, Argania Spinosa Kernel Oil, asparagopsis armata extract, behentrimonium chloride, butylene glycol caramel, carapa guaianensis seed oil, ceramide 5 chamomilla recutita flower extract, chenopodium quinoa seed oil, cocamide methyl mea, glucosyl hesperidin glycerylamidoethyl methacrylate/stearyl methacrylate copolymer, hydrogenated lecithin, hydrolyzed keratin, hydrolyzed rice protein, hydrolyzed silk, hydrolyzed silk pg-propyl methylsilanediol, isomalt, lauryl betaine o-cymen-5-ol, pca ethyl cocoyl arginate, peg-32, polyquaternium-10, potassium cocoyl hydrolyzed keratin, propanediol, propylene glycol, prunus domestica seed extract, quaternium-18, quaternium-33, sclerocarya birrea seed oil, sodium c14-16 olefin sulfonate, sodium hyaluronate, sorbitol, spiraea ulmaria flower extract, theobroma grandiflorum seed butter, ubiquinone, Disodium EDTA, Dipropylene Glycol, Ceramide AP, Ceramide NP, Ceramide EOP, Tocopherol, Phytosteryl/Octyldodecyl Lauroyl Glutamate, Ceramide NG, Pisum Sativum Sprout Extract, Gamma-Docosalactone Pouteria Sapota Seed Oil",https://www.watsons.co.id/id/moist-diane-moist-diane-shampoo-extra-volume-scalp-450ml/p/BP_38498,4/15/2026
P633,Herbal Essences Sampo Volume White Grapefruit and Mosa Mint 400ml,HERBAL ESSENCES,,400ml,93,"water/eau, stearyl alcohol, cetyl alcohol, citrus grandis (grapefruit) fruit extract, citrus aurantium bergamia (bergamot) fruit extract, mentha piperita (peppermint) oil, menthol, mentha arvensis leaf oil, verbena officinalis leaf extract, histidine, aloe barbadensis leaf juice, ecklonia radiata extract, fragrance/parfum, stearamidopropyl dimethylamine, benzyl alcohol, dicetyldimonium chloride, glutamic acid, peg-2m, citric acid, disodium edta, bis-aminopropyl dimethicone, methylchloroisothiazolinone, methylisothiazolinone.",https://www.watsons.co.id/id/herbal-essences-herbal-essences-sampo-volume-white-grapefruit-and-mosa-mint-400ml/p/BP_19447,4/15/2026
P634,Shampoo Antidandruff 200ml,MYLEA,Shampoo,200ml,74.3,,https://www.watsons.co.id/id/mylea-shampoo-antidandruff-200ml/p/BP_73184,4/15/2026
P635,Wardah Nutri Shine Shampoo 170ml,WARDAH,Shampoo,170ml,27.5,"Aqua, Sodium Laureth Sulfate, Cocamidopropyl Betaine, Dimethicone, Ethylene Glycol Distearate, Fragrance, Sodium Lauryl Sulfate, Sodium Chloride, Acrylates Copolymer, Polyquaternium-10, DMDM Hydantoin, Laureth-23, Laureth-3, Guar Hydroxypropyltrimonium Chloride, Disodium EDTA, Butylene Glycol, Argania Spinosa Kernel Oil, Phytosteryl/Octyldodecyl Lauroyl Glutamate, Vitis Vinifera (Grape) Seed Extract.",https://www.watsons.co.id/id/wardah-wardah-nutri-shine-shampoo-170ml/p/BP_73746,4/15/2026
P636,Tsubaki Premium Ex Damage Care & Repair Shampoo 450ml,TSUBAKI,Shampoo,450ml,125,"AQUA, SODIUM LAURETH SULFATE, COCAMIDOPROPYL BETAINE, GLYCOL DISTEARATE, SORBITOL, GLYCERIN, PEG-2 LAURATE, SODIUM SULFATE, FRAGRANCE, DIPROPYLENE GLYCOL, GUAR HYDROXYPROPYLTRIMONIUM CHLORIDE, PHENOXYETHANOL, LAURIC ACID, SODIUM BENZOATE, HYDROXYPROPYL ARGININE LAURYL/MYRISTYL ETHER HCL, POLYQUATERNIUM-10, SALICYLIC ACID, HYDROXYETHYL UREA, CITRIC ACID, DISODIUM EDTA, ALCOHOL, LAURTRIMONIUM CHLORIDE, LACTIC ACID, SQUALANE, CAMELLIA JAPONICA SEED OIL, BUTYLENE GLYCOL, AMMONIUM LACTATE, SODIUM DILAURAMIDOGLUTAMIDE LYSINE, AMODIMETHICONE, PHYTOSTERYL/OCTYLDODECYL LAUROYL GLUTAMATE, PHYTOSTERYL MACADAMIATE, PPG-2-DECETH-12, ROYAL JELLY EXTRACT, GLYCINE SOJA (SOYBEAN) SEED EXTRACT, CAMELLIA SINENSIS LEAF EXTRACT, BIS-ETHYLHEXYLOXYPHENOL METHOXYPHENYL TRIAZINE, SODIUM ACETYLATED HYALURONATE, HYDROLYZED CONCHIOLIN PROTEIN, TOCOPHEROL.",https://www.watsons.co.id/id/tsubaki-tsubaki-premium-ex-damage-care-repair-shampoo-450ml/p/BP_45142,4/15/2026
P637,&Honey Deep Moist Shampoo 1.0 440ml,AND HONEY,Shampoo,440ml,254,,https://www.watsons.co.id/id/and-honey-honey-deep-moist-shampoo-1.0-440ml/p/BP_51699,4/15/2026
P638,L'Oreal Paris Fall Resist 3x Anti-Hairfall Shampoo Scalp Hair Care 650ml,L'OREAL,Shampoo,650ml,148.7,"AQUA / WATER, SODIUM LAURETH SULPHATE, DIMETHICONE, COCO-BETAINE, SODIUM CHLORIDE, GLYCOL DISTEARATE, GUAR HYDROXYPROPYLTRIMONIUM CHLORIDE, COCAMIDE MIPA, SODIUM BENZOATE, SODIUM COCOATE, SODIUM HYDROXIDE, ARGININE, SALICYLIC ACID, LIMONENE, LINALOOL, 2-OLEAMIDO-1, 3-OCTADECANEDIOL, CARBOMER, METHYL COCOATE, CITRIC ACID, HEXYLENE GLYCOL, HEXYL CINNAMAL, PARFUM PERFUME / FRAGRANCE Perfume ingredients are found in cosmetic products acting as a vector of sensory and emotional pleasure. They are evaluated by both our suppliers and internal teams to ensure they are completely safe. ,/FRAGRANCE (F.I.L C44447/1)",https://www.watsons.co.id/id/l-oreal-l-oreal-paris-fall-resist-3x-anti-hairfall-shampoo-scalp-hair-care-650ml/p/BP_21474,4/15/2026
P639,Color Radiance & Repair For Bleached Hair Shampoo 250ml,TRESEMME,Shampoo,250ml,90.5,"AQUA, SODIUM LAURETH SULFATE, COCAMIDOPROPYL BETAINE, GLYCOL DISTEARATE, SORBITOL, GLYCERIN, PEG-2 LAURATE, SODIUM SULFATE, FRAGRANCE, DIPROPYLENE GLYCOL, GUAR HYDROXYPROPYLTRIMONIUM CHLORIDE, PHENOXYETHANOL, LAURIC ACID, SODIUM BENZOATE, HYDROXYPROPYL ARGININE LAURYL/MYRISTYL ETHER HCL, POLYQUATERNIUM-10, SALICYLIC ACID, HYDROXYETHYL UREA, CITRIC ACID, DISODIUM EDTA, ALCOHOL, LAURTRIMONIUM CHLORIDE, LACTIC ACID, SQUALANE, CAMELLIA JAPONICA SEED OIL, BUTYLENE GLYCOL, AMMONIUM LACTATE, SODIUM DILAURAMIDOGLUTAMIDE LYSINE, AMODIMETHICONE, PHYTOSTERYL/OCTYLDODECYL LAUROYL GLUTAMATE, PHYTOSTERYL MACADAMIATE, PPG-2-DECETH-12, ROYAL JELLY EXTRACT, GLYCINE SOJA (SOYBEAN) SEED EXTRACT, CAMELLIA SINENSIS LEAF EXTRACT, BIS-ETHYLHEXYLOXYPHENOL METHOXYPHENYL TRIAZINE, SODIUM ACETYLATED HYALURONATE, HYDROLYZED CONCHIOLIN PROTEIN, TOCOPHEROL.",https://www.watsons.co.id/id/tresemme-color-radiance-repair-for-bleached-hair-shampoo-250ml/p/BP_16551,4/15/2026
P640,Shampoo Hairfall 180ml,HEAD & SHOULDER,Shampoo,180ml,34.9,"Water, Sodium Laureth Sulfate, Sodium Lauryl Sulfate, Dimethicone, Cocamide MEA, Zinc Carbonate, Glycol Distearate, Sodium Chloride, Zinc Pyrithione, Sodium Xylenesulfonate, Fragrance, Cetyl Alcohol, Guar Hydroxypropyltrimonium Chloride, Magnesium Sulfate, Sodium Benzoate, Magnesium Carbonate Hydroxide, Benzyl Alcohol, Methylchloroisothiazolinone, Methylisothiazolinone, CI 19140, CI 17200.",https://www.watsons.co.id/id/head-shoulder-shampoo-hairfall-180ml/p/BP_49116,4/15/2026
P641,Hair Xpert Treatment Shampoo Anti Hair Fall 160g,SAFI,Shampoo,160g,32.5,"Water, Sodium Laureth Sulfate, Cocamidopropyl Betaine, Dimethiconol, Glyceryl Stearate, Glycerin, Panthenol, Carbomer, Sodium Chloride, Styrene/Acrylates Copolymer, Guarhydroxypropyltrimonium Chloride, Sodium Hydroxide, Tetrasodium EDTA, PEG-14M, Charcoal Powder, Hydrolyzed Wheat Protein, Nigella Sativa (Habbatus Sauda) Seed Oil, Fragrance, Methylchloroisothiazolinone, Methylisothiazolinone. Climbazole, Carbomer, Menthol, Styrene/Acrylates Copolymer, Guar Hydroxypropyltrimonium Chloride, Copolymer, Guar Hydroxypropyltrimonium Chloride, Silicone Quaternium-16, PEG-14M, Sodium Hydroxide, Argania Spinosa Kernel Oil, Sodium Chloride",https://www.watsons.co.id/id/safi-hair-xpert-treatment-shampoo-anti-hair-fall-160g/p/BP_17358,4/15/2026
P642,Shampoo Niacinamide Hairfall Control 750ml,DOVE,Shampoo,750ml,86.5,"Water, Sodium Laureth Sulfate, Cocamidopropyl Betaine, Dimethiconol, Propylene Glycol, Perfume, Sodium Chloride, Citric Acid, Sodium Benzoate, Climbazole, Carbomer, Guar Hydroxypropyltrimonium Chloride, TEA-Dodecylbenzenesulfonate, Glycerin, TEA-Sulfate, Disodium EDTA, Phenoxyethanol, Helianthus Annuus (Sunflower) Seed Oil, Niacinamide, Zinc Sulfate Heptahydrate, Iodopropynyl Butylcarbamate, Ceramide NG, Sodium Hydroxide, Hydrolyzed Yeast Protein, Potassium Sorbate",https://www.watsons.co.id/id/dove-shampoo-niacinamide-hairfall-control-750ml/p/BP_64171,4/15/2026
P643,Hair Strengthening Keratin Shampoo 300ml,WATSONS,Shampoo,300ml,38.9,"Keratin, Ginseng Extract, Vitamin Complex, dan Glycerin.",https://www.watsons.co.id/id/watsons-hair-strengthening-keratin-shampoo-300ml/p/BP_67917,4/15/2026
P644,Argan Repairing Shampoo 100ml,NATURALS BY WATSONS,Shampoo,100ml,18.9,,https://www.watsons.co.id/id/naturals-by-watsons-argan-repairing-shampoo-100ml/p/BP_49602,4/15/2026
P645,Hair Energy Shampoo Olive 170ml,MAKARIZO,Shampoo,170ml,32.9,,https://www.watsons.co.id/id/makarizo-hair-energy-shampoo-olive-170ml/p/BP_72699,4/15/2026
P646,Dry Shampoo Blossom 50ml,ELLIPS,Shampoo,50ml,47.3,"Water, Sodium Laureth Sulfate, Sodium Lauryl Sulfate, Dimethicone, Cocamide MEA, Zinc Carbonate, Glycol Distearate, Sodium Chloride, Zinc Pyrithione, Sodium Xylenesulfonate, Fragrance, Cetyl Alcohol, Guar Hydroxypropyltrimonium Chloride, Magnesium Sulfate, Sodium Benzoate, Magnesium Carbonate Hydroxide, Benzyl Alcohol, Methylchloroisothiazolinone, Methylisothiazolinone, CI 19140, CI 17200.",https://www.watsons.co.id/id/ellips-dry-shampoo-blossom-50ml/p/BP_73711,4/15/2026
P647,Hair Shampoo Intensive 200ml,MYLEA,Shampoo,200ml,49.9,,https://www.watsons.co.id/id/mylea-hair-shampoo-intensive-200ml/p/BP_73183,4/15/2026
P648,Extra Moist and Shine Shampoo 450ml,MOIST DIANE,Shampoo,450ml,116.9,"aqua, Sodium C14-16 Olefin Sulfonate, Cocamidopropyl betaine, cocamide methyl mea, TEA-Cocoyl Glutamate, Sodium Cocoamphoacetate, Fragrance, polyquaternium-10, Sodium Benzoate, Phenoxyethanol, Dipropylene Glycol, Citric Acid, Disodium EDTA, Sodium Methyl Cocoyl Taurate, caramel, Sodium Chloride, hydrolyzed keratin, Cocos Nucifera (Coconut) Oil, hydrolyzed hyaluronic acid, peg-40 hydrogenated castor oil pca isostearate, propanediol, C12-13 Alkyl Glyceryl Hydrolyzed Hyaluronate, Pouteria Sapota Seed Oil, locust bean hydroxypropyltrimonium chloride, trigonella foenum-graecum hydroxypropyltrimonium chloride, butylene glycol, Argania Spinosa Kernel Oil, hydrogenated apricot kernel oil, hydrogenated argania spinosa kernel oil, Prunus Armeniaca (Apricot) Kernel Oil, CETEARAMIDOETHYL DIETHONIUM HYDROLYZED RICE PROTEIN, glycerin, myristamine oxide, starch hydroxypropyltrimonium chloride, potassium cocoyl hydrolyzed keratin, quaternium-18, Tocopherol, Mangifera indica (Mango) seed oil, adansonia digitata seed oil, carapa guaianensis seed oil, prunus domestica seed extract, sclerocarya birrea seed oil, theobroma grandiflorum seed butter, Propylene Glycol, behentrimonium chloride, Lactic Acid, Gamma-Docosalactone, Hydrolyzed Collagen, urea, Alcohol Denat, Glycine Soja (soybean) Sterols, hydroxypropyltrimonium hyaluronate, isomalt, quaternium-33, keratin, terminalia ferdinandiana fruit extract, Microcitrus Australasica Fruit Extract, Cholesterol, Hydrolyzed Conchiolin Protein, Cellulose Gum, Sodium Bicarbonate, sodium hyaluronate, Malus Domestica Fruit Cell Culture Extract, Ceramide NG, ceramide 5, lecithin, platinum powder, xanthan gum, Argania Spinosa Sprout Cell Extract, Ceramide NP, Ceramide AP, Collagen, Ceramide EOP, hylocereus undatus fruit extract",https://www.watsons.co.id/id/moist-diane-extra-moist-and-shine-shampoo-450ml/p/BP_45665,4/15/2026
P649,Herbal Essences Bio Renew Moisture Rosemary and Herbs Shampoo 400 ml,HERBAL ESSENCES,Shampoo,400 ml,93,"water/eau, stearyl alcohol, cetyl alcohol, citrus grandis (grapefruit) fruit extract, citrus aurantium bergamia (bergamot) fruit extract, mentha piperita (peppermint) oil, menthol, mentha arvensis leaf oil, verbena officinalis leaf extract, histidine, aloe barbadensis leaf juice, ecklonia radiata extract, fragrance/parfum, stearamidopropyl dimethylamine, benzyl alcohol, dicetyldimonium chloride, glutamic acid, peg-2m, citric acid, disodium edta, bis-aminopropyl dimethicone, methylchloroisothiazolinone, methylisothiazolinone.",https://www.watsons.co.id/id/herbal-essences-herbal-essences-bio-renew-moisture-rosemary-and-herbs-shampoo-400-ml/p/BP_19445,4/15/2026
P650,Scalp Care Shampoo 340ml - Shampo Anti Ketombe dan Gatal,TRESEMME,Shampoo,340ml,100.5,"Aqua, Sodium Laureth Sulfate, Cocamidopropyl Betaine, Dimethicone , Ethylene Glycol Distearate, Fragrance, Sodium Lauryl Sulfate, Sodium Chloride, Zinc Pyrithione, Polyquaternium-10, Acrylates Copolymer , Guar Hydroxypropyltrimonium Chloride, DMDM Hydantoin, Laureth-23, Laureth-3, Melaleuca Alternifolia (Tea Tree) Leaf Oil, Zinc PCA, Propylene Glycol, Disodium EDTA, Mentha Piperita (Leaf) Extract, Polysorbate 60, Glycerin, Potassium Sorbate, Sodium Benzoate.",https://www.watsons.co.id/id/tresemme-scalp-care-shampoo-340ml-shampo-anti-ketombe-dan-gatal/p/BP_70124,4/15/2026
P651,2-in-1 Shampoo Smooth Silky 400ml,HEAD & SHOULDER,Shampoo,400ml,113.5,"water, sodium laureth sulfate, cocamidopropyl betaine, zinc pyrithione, menthol, fragrance, polyquaternium, silicone quaterniums, citric acid,",https://www.watsons.co.id/id/head-shoulder-2-in-1-shampoo-smooth-silky-400ml/p/BP_74787,4/15/2026
P652,Premium Ex Hair Fall Care & Repair Bundle Shampoo + Bundle 450ml,TSUBAKI,Shampoo,450ml,359.8,"Tsubaki Premium Ex Hair Fall Care & Repair Shampoo 450 mL AQUA, SODIUM LAURETH SULFATE, COCAMIDOPROPYL BETAINE, GLYCOL DISTEARATE, PEG-2 LAURATE, SODIUM SULFATE, FRAGRANCE, DIPROPYLENE GLYCOL, ISOSTEARYL ALCOHOL, PHENOXYETHANOL, GUAR HYDROXYPROPYLTRIMONIUM CHLORIDE, SODIUM BENZOATE, POLYQUATERNIUM-10, PROPYLTRIMONIUMCHLORIDE ACRYLAMIDE/DIMETHYLACRYLAMIDE COPOLYMER, SALICYLIC ACID, CITRIC ACID, DISODIUM EDTA, SODIUM METHYL COCOYL TAURATE, LAURTRIMONIUM CHLORIDE, SQUALANE, CAMELLIA JAPONICA SEED OIL, BUTYLENE GLYCOL, POLYQUATERNIUM-11, SODIUM DILAURAMIDOGLUTAMIDE LYSINE, TAURINE, PHYTOSTERYL/OCTYLDODECYL LAUROYL GLUTAMATE, PHYTOSTERYL MACADAMIATE, CITRUS UNSHIU PEEL EXTRACT, EUCHEUMA SERRA/GRATELOUPIA SPARSA/SACCHARINA ANGUSTATA/ULVA LINZA/UNDARIA PINNATIFIDA EXTRACT, BIS-ETHYLHEXYLOXYPHENOL METHOXYPHENYL TRIAZINE, SACCHARINA ANGUSTATA/UNDARIA PINNATIFIDA EXTRACT, TOCOPHEROL. Tsubaki Premium Ex Hair Fall Care & Repair Conditioner 450 mL AQUA, STEARYL ALCOHOL, ISOPENTYLDIOL, BEHENTRIMONIUM CHLORIDE, GLYCERIN, DIMETHICONE, SORBITOL, CETYL ALCOHOL, DIPROPYLENE GLYCOL, ISOPROPYL ALCOHOL, FRAGRANCE, AMINOPROPYL DIMETHICONE, ISOPROPYL MYRISTATE, SODIUM METHYLTAURATE, PEG-2 LAURATE, SALICYLIC ACID, SODIUM BENZOATE, PHENOXYETHANOL, C13-16 ISOPARAFFIN, POLYSILICONE-13, STEARTRIMONIUM CHLORIDE, LAURTRIMONIUM CHLORIDE, C10-13 ISOPARAFFIN, SQUALANE, DISODIUM EDTA, CAMELLIA JAPONICA SEED OIL, BUTYLENE GLYCOL, CETRIMONIUM CHLORIDE, SODIUM DILAURAMIDOGLUTAMIDE LYSINE, AMODIMETHICONE, BIS-ETHYLHEXYLOXYPHENOL METHOXYPHENYL TRIAZINE, PHYTOSTERYL MACADAMIATE, PPG-2-DECETH-12, CITRUS UNSHIU PEEL EXTRACT, EUCHEUMA SERRA/GRATELOUPIA SPARSA/SACCHARINA ANGUSTATA/ULVA LINZA/UNDARIA PINNATIFIDA EXTRACT, LACTIC ACID, SACCHARINA ANGUSTATA/UNDARIA PINNATIFIDA EXTRACT, TOCOPHEROL, PHYTOSTERYL/OCTYLDODECYL LAUROYL GLUTAMATE.",https://www.watsons.co.id/id/tsubaki-premium-ex-hair-fall-care-repair-bundle-shampoo-bundle-450ml/p/BP_61256,4/15/2026
P653,Shampoo Soft & Smooth 340ml,SUNSILK,Shampoo,340ml,57.5,,https://www.watsons.co.id/id/sunsilk-shampoo-soft-smooth-340ml/p/BP_72784,4/15/2026
P654,L'Oreal Elseve Hyaluron Moisture 72H Moisture Filling Shampoo 400ml,L'OREAL,Shampoo,400ml,120.5,,https://www.watsons.co.id/id/l-oreal-l-oreal-elseve-hyaluron-moisture-72h-moisture-filling-shampoo-400ml/p/BP_48371,4/15/2026
P655,Argan Oil Anti-Frizz Treatment Shampoo 400Ml,WATSONS,Shampoo,400Ml,30.9,"Aqua (Water), Sodium Coco-Sulfate, Ammonium Laureth Sulfate, Sodium Chloride",https://www.watsons.co.id/id/watsons-argan-oil-anti-frizz-treatment-shampoo-400ml/p/BP_26237,4/15/2026
P656,Original Source Body Wash Vanilla & Raspberry 250ml,ORIGINAL SOURCE,,250ml,48.5,"Aqua, Sodium Laureth Sulfate, Sodium Chloride, Cocamidopropyl Betaine, Glycerin, Vanilla Planifolia (Vanilla) Fruit Extract, Rubus Idaeus (Raspberry) Fruit Extract, Polyquaternium-7, Parfum, Sodium Benzoate, Tetrasodium Glutamate Diacetate, Lactic Acid, Styrene/Acrylates Copolymer, C11-15 Pareth-7, C11-15 Pareth-40, Diethylamino Hydroxybenzoyl Hexyl Benzoate, Ethylhexyl Methoxycinnamate, Phenoxyethanol, Benzoic Acid, Dehydroacetic Acid, Ethylhexylglycerin, Citric Acid, Propylene Glycol Dicaprylate/Dicaprate, Xanthan Gum, Potassium Sorbate, CI 14700, CI 42090,",https://www.watsons.co.id/id/original-source-original-source-body-wash-vanilla-raspberry-250ml/p/BP_24747,4/15/2026
P657,Clear Shampoo Anti Ketombe Ice Cool Menthol 160Ml,CLEAR,Shampoo,160Ml,39.6,,https://www.watsons.co.id/id/clear-clear-shampoo-anti-ketombe-ice-cool-menthol-160ml/p/BP_38691,4/15/2026
P658,Shampoo Perawatan Rambut Rontok Pro-V 900ml,PANTENE,Shampoo,900ml,146.9,"Water, Sodium Laureth Sulfate, Dimethicone, Cocamidopropyl Betaine, Sodium Citrate, Sodium Xylenesulfonate, Glycol Distearate, Sodium Chloride, Fragrance, Stearyl Alcohol, Cetyl Alcohol, Guar Hydroxypropyltrimonium Chloride, Citric Acid, Sodium Benzoate, Tetrasodium Edta, Polyouaternium-6, Histidine, Panthenol Panthenyl Ethyl Ether, Oryza Sativa (Rice.Bran Oil Methylchloroisothiazolinone, Methylisothiazolinone.",https://www.watsons.co.id/id/pantene-shampoo-perawatan-rambut-rontok-pro-v-900ml/p/BP_66879,4/15/2026
P659,Argan Repairing Shampoo Refill 450ml,NATURALS BY WATSONS,Shampoo,450ml,42.9,,https://www.watsons.co.id/id/naturals-by-watsons-argan-repairing-shampoo-refill-450ml/p/BP_49623,4/15/2026
P660,Zinc Shampoo Hair Fall Treatment 340ml,ZINC,Shampoo,340ml,46.7,"Aqua, Cocamidopropyl Betaine, Potassium Cocoyl Hydrolyzed Oat Protein, Sodium Cocoyl Glycinate, PEG-120 Methyl Glucose Dioleate,Butylene Glvcol,Aleurites Moluccana Seed Extract, Propylene Glycol, Fragrance, Panthenol, Polyquaternium-10, Aloe Barbadensis Leaf Extract, Phenoxyeth-anol, Dmdm Hydantoin, Tetrasodium EDIA,Citric Acid",https://www.watsons.co.id/id/zinc-zinc-shampoo-hair-fall-treatment-340ml/p/BP_27077,4/15/2026
P661,Zinc Shampoo Refreshing Cool Green Tea 340ml,ZINC,Shampoo,340ml,46.7,"Aqua, Cocamidopropyl Betaine, Potassium Cocoyl Hydrolyzed Oat Protein, Sodium Cocoyl Glycinate, PEG-120 Methyl Glucose Dioleate,Butylene Glvcol,Aleurites Moluccana Seed Extract, Propylene Glycol, Fragrance, Panthenol, Polyquaternium-10, Aloe Barbadensis Leaf Extract, Phenoxyeth-anol, Dmdm Hydantoin, Tetrasodium EDIA,Citric Acid",https://www.watsons.co.id/id/zinc-zinc-shampoo-refreshing-cool-green-tea-340ml/p/BP_27076,4/15/2026
P662,Serum Shampoo Smooth & Shine 340ml,SERASOFT,Shampoo,340ml,39.9,,https://www.watsons.co.id/id/serasoft-serum-shampoo-smooth-shine-340ml/p/BP_42448,4/15/2026
P663,Cool Menthol Anti-Dandruff Shampoo 180ml,HEAD & SHOULDER,Shampoo,180ml,34.9,,https://www.watsons.co.id/id/head-shoulder-cool-menthol-anti-dandruff-shampoo-180ml/p/BP_45278,4/15/2026
P664,Hijab Shampoo Refresh And Anti Dandruff 170ml,SUNSILK,Shampoo,170ml,30.5,,https://www.watsons.co.id/id/sunsilk-hijab-shampoo-refresh-and-anti-dandruff-170ml/p/BP_72789,4/15/2026
P665,Selsun Blue 5 Shampoo 120ml,SELSUN,Shampoo,120ml,58.9,,https://www.watsons.co.id/id/selsun-selsun-blue-5-shampoo-120ml/p/BP_48649,4/15/2026
P666,Shampoo Selsun Blue 120ml,SELSUN,Shampoo,120ml,41.5,,https://www.watsons.co.id/id/selsun-shampoo-selsun-blue-120ml/p/BP_12480,4/15/2026
P667,Keratin Smooth Shampoo 170ml,TRESEMME,Shampoo,170ml,49.5,,https://www.watsons.co.id/id/tresemme-keratin-smooth-shampoo-170ml/p/BP_70118,4/15/2026
P668,Shampoo Super Cool 400ml,HEAD & SHOULDER,Shampoo,400ml,113.5,"water, sodium laureth sulfate, cocamidopropyl betaine, zinc pyrithione, menthol, fragrance, polyquaternium,",https://www.watsons.co.id/id/head-shoulder-shampoo-super-cool-400ml/p/BP_74789,4/15/2026
P669,Hair Energy Shampoo Olive 330 ml,MAKARIZO,Shampoo,330 ml,58.2,,https://www.watsons.co.id/id/makarizo-hair-energy-shampoo-olive-330-ml/p/BP_72703,4/15/2026
P670,Shampoo Niacinamide Hairfall Control 400ml,DOVE,Shampoo,400ml,60,"Water, Sodium Laureth Sulfate, Cocamidopropyl Betaine, Dimethiconol, Propylene Glycol, Perfume, Sodium Chloride, Citric Acid, Sodium Benzoate, Climbazole, Carbomer, Guar Hydroxypropyltrimonium Chloride, TEA-Dodecylbenzenesulfonate, Glycerin, TEA-Sulfate, Disodium EDTA, Phenoxyethanol, Helianthus Annuus (Sunflower) Seed Oil, Niacinamide, Zinc Sulfate Heptahydrate, Iodopropynyl Butylcarbamate, Ceramide NG, Sodium Hydroxide, Hydrolyzed Yeast Protein, Potassium Sorbate",https://www.watsons.co.id/id/dove-shampoo-niacinamide-hairfall-control-400ml/p/BP_64176,4/15/2026
P671,L'Oreal Excellence Ash Supreme #6.11 Smoky Ash,L'OREAL,,,217.5,,https://www.watsons.co.id/id/l-oreal-l-oreal-excellence-ash-supreme-6.11-smoky-ash/p/BP_25747,4/15/2026
P672,Shampoo Protein 200ml,NR,Shampoo,200ml,54,"Aqua, Sodium laureth sulfate, Cocamide DEA, Sodium chloride, Polysorbate 20, Fragrance, Hydrolized silk, Polyquaternium 10, Methylparaben, DMDM hydantoin, Citric acid, Cl 15985, Cl 17200.",https://www.watsons.co.id/id/nr-shampoo-protein-200ml/p/BP_72777,4/15/2026
P673,Serum Shampoo Smooth & Shine 170ml,SERASOFT,Shampoo,170ml,21.5,,https://www.watsons.co.id/id/serasoft-serum-shampoo-smooth-shine-170ml/p/BP_42447,4/15/2026
P674,Dr Soap Shampoo Infusion No.33 400 Ml,DR SOAP,Shampoo,400 Ml,235,"Aqua, Cocamidopropyl Betaine, Disodium Laureth Sulfosuccinate,Butylene Gycol,Polyquaternium-6 Glycerin, PEG-120 Methyl Glucose Trioleate, Glycol Stearate,parfum,Malus Domesticaa Fruilt Cell Culture Extract, Sodium Benzoate, Citric Acid, Xylitylglucoside,Anhydroxylitol,Xylitol,Sodium Chloride",https://www.watsons.co.id/id/dr-soap-dr-soap-shampoo-infusion-no.33-400-ml/p/BP_35201,4/15/2026
P675,Lemon Fresh Anti-Dandruff Shampoo 170ml,HEAD & SHOULDER,Shampoo,170ml,34.9,"Water, Sodium Lauryl Sulfate, Sodium Laureth Sulfate, Sodium Chloride, Glycol Distearate, Zinc Carbonate, Sodium Xylenesulfonate, Cocamidopropyl Betaine, Fragrance, Zinc Pyrithione, Dimethicone, Sodium Benzoate, Guar Hydroxypropyltrimonium Chloride, Magnesium Carbonate Hydroxide, Citrus Limon (Lemon) Fruit Extract, Methylchloroisothiazolinone, Methylisothiazolinone",https://www.watsons.co.id/id/head-shoulder-lemon-fresh-anti-dandruff-shampoo-170ml/p/BP_72993,4/15/2026
P676,Clear Lemon Fresh Anti-Dandruff Shampoo 320Ml,CLEAR,Shampoo,320Ml,33.9,,https://www.watsons.co.id/id/clear-clear-lemon-fresh-anti-dandruff-shampoo-320ml/p/BP_38686,4/15/2026
P677,Dry Shampoo Fruity 200ml,ELLIPS,Shampoo,200ml,101.9,"Water, Sodium Laureth Sulfate, Sodium Lauryl Sulfate, Dimethicone, Cocamide MEA, Zinc Carbonate, Glycol Distearate, Sodium Chloride, Zinc Pyrithione, Sodium Xylenesulfonate, Fragrance, Cetyl Alcohol, Guar Hydroxypropyltrimonium Chloride, Magnesium Sulfate, Sodium Benzoate, Magnesium Carbonate Hydroxide, Benzyl Alcohol, Methylchloroisothiazolinone, Methylisothiazolinone, CI 19140, CI 17200.",https://www.watsons.co.id/id/ellips-dry-shampoo-fruity-200ml/p/BP_73713,4/15/2026
P678,Cool Menthol Anti-Dandruff Shampoo 350ml,HEAD & SHOULDER,Shampoo,350ml,87.9,"Water, Sodium Lauryl Sulfate, Sodium Laureth Sulfate, Sodium Chloride, Glycol Distearate, Dimethicone, Zinc Carbonate, Sodium Xylenesulfonate, Cocamidopropyl Betaine, Zinc Pyrithione, Fragrance, Menthol, Sodium Benzoate, Guar Hydroxypropyltrimonium Chloride, Magnesium Carbonate Hydroxide, Methylchloroisothiazolinone, Methylisothiazolinone, CI 42090, CI 17200.",https://www.watsons.co.id/id/head-shoulder-cool-menthol-anti-dandruff-shampoo-350ml/p/BP_49115,4/15/2026
P679,Shampoo Hyaluron Hairfall Control 290ml,DOVE,Shampoo,290ml,47.5,"Water, Sodium Laureth Sulfate, Sodium Chloride, Cocamidopropyl Betaine, Glycerin, Perfume, Dimethiconol, Sodium Benzoate, TEA-Dodecylbenzenesulfonate, Citric Acid, Guar Hydroxypropyltrimonium Chloride, Laureth-23, Disodium EDTA, Benzophenone-4, Phenoxyethanol, Sodium Hyaluronate, Zinc Sulfate Heptahydrate, Iodopropynyl Butylcarbamate, Ceramide NG, Sodium Sulfate, Hydrolyzed Yeast Protein, Potassium Sorbate, CI 17200, CI 42090",https://www.watsons.co.id/id/dove-shampoo-hyaluron-hairfall-control-290ml/p/BP_63884,4/15/2026
P680,Wardah Anti Dandruff Shampoo 170ml,WARDAH,Shampoo,170ml,27.5,"Aqua, Sodium Laureth Sulfate, Cocamidopropyl Betaine, Dimethicone , Ethylene Glycol Distearate, Fragrance, Sodium Lauryl Sulfate, Sodium Chloride, Zinc Pyrithione, Polyquaternium-10, Acrylates Copolymer , Guar Hydroxypropyltrimonium Chloride, DMDM Hydantoin, Laureth-23, Laureth-3, Melaleuca Alternifolia (Tea Tree) Leaf Oil, Zinc PCA, Propylene Glycol, Disodium EDTA, Mentha Piperita (Leaf) Extract, Polysorbate 60, Glycerin, Potassium Sorbate, Sodium Benzoate.",https://www.watsons.co.id/id/wardah-wardah-anti-dandruff-shampoo-170ml/p/BP_73743,4/15/2026
P681,Twin Pack Shampoo Active Fresh Botol 680ml,ZINC,Shampoo,680ml,145.8,,https://www.watsons.co.id/id/zinc-twin-pack-shampoo-active-fresh-botol-680ml/p/BP_75104,4/15/2026
P682,Emeron Shampoo Soft & Smooth 340ml,EMERON,Shampoo,340ml,29.9,"Aqua, Sodium Laureth Sulfate, Sodium Lauryl Sulfate, Dimethiconol, Glycol Distearate, Perfume, Cocamidopropyl Betaine, Propylene Glycol, Argania Spinosa Kernel (Argan) Oil, Persea Gratissima (Avocado) Fruit Extract, Cocos Nucifera (Coconut) Oil, Cocamine Oxide, Guar Hydroxypropyltrimonium Chloride, Hydroxypropyl Guar Hydroxypropyltrimonium Chloride, Cocamide DEA, Sodium Sulfate, Sodium Chloride, Potassium Chloride, Citric Acid, Sodium Hydroxide, Tetrasodium EDTA, TEA-Dodecylbenzenesulfonate, Hexylene Glycol, Panthenol (Vitamin B5), Panthenyl Ethyl Ether, Sodium PCA 27. Sodium Lactate, Arginine, Aspartic Acid, PCA, Glycine, Alanine, Serine, Valine, Proline, Threonine, Isoleucine, Histidine, Phenylalanine, Niacinamide, Calcium Pantothenate, Sodium Ascorbyl Phosphate (Vitamin C)",https://www.watsons.co.id/id/emeron-emeron-shampoo-soft-smooth-340ml/p/BP_43238,4/15/2026
P683,Rose Colour Protect Shampoo 490ml,NATURALS BY WATSONS,Shampoo,490ml,57.9,,https://www.watsons.co.id/id/naturals-by-watsons-rose-colour-protect-shampoo-490ml/p/BP_49604,4/15/2026
P684,Batiste Benefit Dry Shampoo & Volume 200ml,BATISTE,Shampoo,200ml,122,"Water, Sodium Laureth Sulfate, Dimethiconol, Cocamidopropyl Betaine, Perfume, Sodium Chloride, Glycol Distearate, Phenoxyethanol, Glycerin, TEA-Dodecylbenzenesulfonate, Carbomer, Piroctone Olamine, Sodium Salicylate, Guar Hydroxypropyltrimonium Chloride, Mica, Cocamide MEA, Citric Acid, Trideceth-10, Sodium Hydroxide, Titanium Dioxide, Cyclotetrasiloxane, Sodium Benzoate, Helianthus Annuus (Sunflower) Seed Oil, Iodopropynyl Butylcarbamate",https://www.watsons.co.id/id/batiste-batiste-benefit-dry-shampoo-volume-200ml/p/BP_22166,4/15/2026
P685,Triple Pack Shampoo Active Fresh Botol 680ml,ZINC,Shampoo,680ml,218.7,,https://www.watsons.co.id/id/zinc-triple-pack-shampoo-active-fresh-botol-680ml/p/BP_75106,4/15/2026
P686,Hairloss Solution Shampoo 200ml,RUDY HADISUWARNO,Shampoo,200ml,35.9,"Panax Ginseng Root Extract, Soybean Protein, Panthenol / Provit. B5, Sophora Root Extract",https://www.watsons.co.id/id/rudy-hadisuwarno-hairloss-solution-shampoo-200ml/p/BP_61458,4/15/2026
P687,Dry Shampoo & Hydrate 200ml,BATISTE,Shampoo,200ml,140.4,"Aqua, Benzalkonium Chloride,Cyclopentasiloxane, Cyclohexasiloxane",https://www.watsons.co.id/id/batiste-dry-shampoo-hydrate-200ml/p/BP_22167,4/15/2026
P688,Keratin Smooth Shampoo 340ml,TRESEMME,Shampoo,340ml,100.5,,https://www.watsons.co.id/id/tresemme-keratin-smooth-shampoo-340ml/p/BP_70125,4/15/2026
P689,Hair Energy Shampoo Royal Jelly 330ml,MAKARIZO,Shampoo,330ml,58.2,,https://www.watsons.co.id/id/makarizo-hair-energy-shampoo-royal-jelly-330ml/p/BP_72702,4/15/2026
P690,Shampoo Arnika 200ml,NR,Shampoo,200ml,72.9,"Aqua, sodium laureth, sulfate, cocamide DEA, cocamidopropylamine oxide, polyquaternum-11, polysorbate 20, PEG-150 disterarate, piroctone olamine, fragrance, sodium chloride, propylene glycol, citric acid, linoleic acid, arnica montana flower extract, glucose, melissa officinalis extract, lactic acid, sodium benzoate, potassium sorbate, CI 42090, CI 17200.",https://www.watsons.co.id/id/nr-shampoo-arnika-200ml/p/BP_72776,4/15/2026
P691,PRO-V Shampoo Hair Fall Control 290ml - Perawatan Rambut Rontok,PANTENE,Shampoo,290ml,46.5,"WATER, SODIUM LAURETH SULFATE, SODIUM CHLORIDE, SODIUM XYLENESULFONATE, COCAMIDOPROPYL BETAINE, SODIUM LAURYL SULFATE, STEARYL ALCOHOL, FRAGRANCE, SODIUM CITRATE, CETYL ALCOHOL, GLYCERIN, DIMETHICONOL, GUAR HYDROXYPROPYLTRIMONIUM CHLORIDE, DIMETHICONE, CITRIC ACID, SODIUM BENZOATE, TEA-DODECYLBENZENESULFONATE, TETRASODIUM EDTA, TRIDECETH-10, POLYQUATERNIUM-6, POLYQUATERNIUM-10, PANTHENOL, TRIHYDROXYSTEARIN, METHYLCHLOROISOTHIAZOLINONE, PROPYLENE GLYCOL, METHYLISOTHIAZOLINONE.",https://www.watsons.co.id/id/pantene-pro-v-shampoo-hair-fall-control-290ml-perawatan-rambut-rontok/p/BP_70216,4/15/2026
P692,Dry Shampoo Clean & Classic Original 50 ml,BATISTE,Shampoo,50 ml,56.5,,https://www.watsons.co.id/id/batiste-dry-shampoo-clean-classic-original-50-ml/p/BP_61726,4/15/2026
P693,Smooth & Sleek Ylang-Ylang & Coconutt Shampoo 700Ml,WATSONS,Shampoo,700Ml,28.9,"Aqua (Water), Sodium Laureth Sulfate, Sodium Chloride, Cocamidopropyl Betaine",https://www.watsons.co.id/id/watsons-smooth-sleek-ylang-ylang-coconutt-shampoo-700ml/p/BP_29440,4/15/2026
P694,Coffee Anti-Hair Fall Shampoo 490ml,NATURALS BY WATSONS,Shampoo,490ml,57.9,,https://www.watsons.co.id/id/naturals-by-watsons-coffee-anti-hair-fall-shampoo-490ml/p/BP_49906,4/15/2026
P695,Moist Diane Shampoo Damage Repair 450ml,MOIST DIANE,Shampoo,450ml,116.9,"Sodium Benzoate, Sodium C 14-16 Olefin Sulfonate, Sodium Cocoamphoacetate, Sodium Methyl Cocoyl Taurate, Soybean ( Glycine Soja ) Sterol, TEA-Cocoyl Glutamate adansonia digitata seed oil, amp-isostearoyl hydrolyzed, keratin, aqua, Argania Spinosa Kernel Oil, behentrimonium chloride, bis-ethoxydiglycol cyclohexane 1,4-dicarboxylate, butylene glycol, caramel, carapa guaianensis seed oil, ceramide 5, cholesterol, cocamide methyl mea, cocamidopropyl betaine, hydrolyzed honey protein, hydrolyzed hyaluronic acid, hydrolyzed keratin, hydroxyproline, hydroxypropyltrimonium hyaluronate isomalt, isononyl isononanoate, lecithin, myristamine oxide, polyquaternium-10, potassium cocoyl hydrolyzed keratin, propanediol, prunus domestica seed extract, quaternium-18, quaternium-33, sclerocarya birrea seed oil, sodium chloride, sodium hyaluronate, sodium pca, steardimonium hydroxypropyl hydrolyzed keratin, theobroma grandiflorum seed butter, xanthan gum, Peg-7 Glyceryl cocoate, Hydrolyzed Conchiolin Protein, Malus Domestica Fruit Cell Culture Extract, Disodium EDTA, Dipropylene Glycol, Ceramide AP, Ceramide NP, Ceramide EOP, Tocopherol, Argania Spinosa Sprout Cell Extract, RHODODENDRON FERRUGINEUM LEAF CELL CULTURE, EXTRACT, OPUNTIA FICUS-INDICA SEED OIL, CETEARAMIDOETHYL DIETHONIUM HYDROLYZED RICE, PROTEIN, Ceramide NG, Gamma-Docosalactone, Pouteria Sapota Seed Oil",https://www.watsons.co.id/id/moist-diane-moist-diane-shampoo-damage-repair-450ml/p/BP_38501,4/15/2026
P696,Soothe & Hydrate Aloe Vera & Lilac Shampoo 700Ml,WATSONS,Shampoo,700Ml,28.9,"Aqua (Water), Sodium Laureth Sulfate, Sodium Chloride, Cocamidopropyl Betaine",https://www.watsons.co.id/id/watsons-soothe-hydrate-aloe-vera-lilac-shampoo-700ml/p/BP_29437,4/15/2026
P697,Shampoo + Kondisioner 2in1 Anti Ketombe Selembut Sutera Perawatan Rambut 300ml,HEAD & SHOULDER,Shampoo,300ml,80,"Air, Natrium Lauret Sulfat, Natrium Lauril Sulfat, Dimetikon, Kokamida MEA, Zinc Karbonat, Glikol Distearat, Natrium Klorida, Zinc Pirition, Natrium Xilenasulfonat, Pewangi, Setil Alkohol, Guar Hidroksipropiltrimonium Klorida, Magnesium Sulfat, Natrium Benzoat, Magnesium Karbonat Hidroksida, Benzil Alkohol, Metilkloroisotiazolinon, Metilisotiazolinon.",https://www.watsons.co.id/id/head-shoulder-shampoo-kondisioner-2in1-anti-ketombe-selembut-sutera-perawatan-rambut-300ml/p/BP_66885,4/15/2026
P698,Natur Shampoo Ginseng Extract 140ml,NATUR,Shampoo,140ml,29.9,"Aqua, Sodium Laureth Sulfate, Sodium Lauryl Sulfate, Glycol Distearate, Cocamidopropyl Betaine, Dimethiconol, Perfume, Dimethicone, Propylene Glycol, Argania Spinosa Kernel (Argan) Oil, Aloe Barbadensis (Aloe Vera) Leaf Extract, Panax Quinquefolium (Ginseng) Root Extract, Guar Hydroxypropyltrimonium Chloride, Polyquaternium-10, Cocamide DEA, Sodium Sulfate, Sodium Chloride, Potassium Chloride, Citric Acid, Sodium Hydroxide, TEA-Sulfate, Tetrasodium EDTA, TEA-Dodecylbenzenesulfonate, Sodium Benzoate, Methylchloroisothiazolinone, Methylisothiazolinone, Benzyl Alcohol, Iodopropynyl Butylcarbamate, DMDM Hydantoin, Panthenol (Vitamin B5), Panthenyl Ethyl Ether, Sodium PCA, Sodium Lactate, Arginine, Aspartic Acid, PCA, Glycine, Alanine, Serine, Valine, Proline, Threonine, Isoleucine, Histidine, Phenylalanine, Niacinamide, Calcium Pantothenate, Sodium Ascorbyl Phosphate (Vitamin C), Tocopheryl Acetate (Vitamin E Acetate), Pyridoxine HCL (Vitamin B6), Cyclotetrasiloxane, Cyclopentasiloxane, Cyclohexasiloxane, Maltodextrin, Sodium Starch Octenylsuccinate, Silica, Hydrogen Peroxide, C12-15 Pareth-3, Hexylene Glycol, CI 42090, CI 47005.",https://www.watsons.co.id/id/natur-natur-shampoo-ginseng-extract-140ml/p/BP_73548,4/15/2026
P699,Bonvie Serum Shampoo Kemiri 250 Ml,BONVIE,Shampoo,250 Ml,115,"Aqua, Cocamidopropyl Betaine, Potassium Cocoyl Hydrolyzed Oat Protein, Sodium Cocoyl Glycinate, PEG-120 Methyl Glucose Dioleate,Butylene Glvcol,Aleurites Moluccana Seed Extract, Propylene Glycol, Fragrance, Panthenol, Polyquaternium-10, Aloe Barbadensis Leaf Extract, Phenoxyeth-anol, Dmdm Hydantoin, Tetrasodium EDIA,Citric Acid",https://www.watsons.co.id/id/bonvie-bonvie-serum-shampoo-kemiri-250-ml/p/BP_35202,4/15/2026
P700,Original Source Body Wash Mint & Tea Tree 250ml,ORIGINAL SOURCE,,250ml,48.5,"Aqua, Sodium Laureth Sulfate, Sodium Chloride, Cocamidopropyl Betaine, Parfum, Citrus Aurantifolia (Lime) Oil, Citrus Sinensis (Orange) Peel Oil Expressed, Polyquaternium-7, Sodium Benzoate, Tetrasodium Glutamate Diacetate, Lactic Acid, Styrene/?Acrylates Copolymer, C11-15 Pareth-7, C11-15 Pareth-40, Diethylamino Hydroxybenzoyl Hexyl Benzoate, Ethylhexyl Methoxycinnamate, Limonene, Ci 19140, Ci 42090 Yuk, bantu Segarkan Bumi, mulai dari kamar mandi. Cobain sabun mandi dan parfum Vegan Original Source lainnya: -Original Source Body Wash Vanilla & Raspberry, sabun mandi Vegan untuk perawatan kulitmu yang lembut -Original Source Body Mist Maple & Vanilla Milk, parfum vegan dengan kesan mewah, manis, memanjakan. -Original Source Body Mist Cherry & Almond Milk, parfum vegan dengan wangi manis, lembut, dan ceria. -Original Source Body Mist Vanilla & Raspberry, parfum vegan dengan wangi musim panas yang memanjakan Commodity Specifications BPOM : NC52220700008 Product Usage Busakan ke seluruh badan atau shower puff, bilas hingga bersih Ingredients Aqua, Sodium Laureth Sulfate, Sodium Chloride, Cocamidopropyl Betaine, Parfum, Citrus Aurantifolia (Lime) Oil, Citrus Sinensis (Orange) Peel Oil Expressed, Polyquaternium-7, Sodium Benzoate, Tetrasodium Glutamate Diacetate, Lactic Acid, Styrene/Acrylates Copolymer, C11-15 Pareth-7, C11-15 Pareth-40, Diethylamino Hydroxybenzoyl Hexyl Benzoate, Ethylhexyl Methoxycinnamate, Limonene, CI 19140, CI 42090,",https://www.watsons.co.id/id/original-source-original-source-body-wash-mint-tea-tree-250ml/p/BP_24746,4/15/2026
P701,Scalperfect Piroctone Olamine & Climbazole Anti Dandruff Shampoo 370ml,ERHA,Shampoo,370ml,204,,https://www.watsons.co.id/id/erha-scalperfect-piroctone-olamine-climbazole-anti-dandruff-shampoo-370ml/p/BP_60904,4/15/2026
P702,Premium Ex Damage Care & Repair Bundle Shampoo + Conditioner 450ml,TSUBAKI,Conditioner,450ml,359.8,"Tsubaki Premium Ex Damage Care & Repair Conditioner 450mL AQUA, STEARYL ALCOHOL, ISOPENTYLDIOL, BEHENTRIMONIUM CHLORIDE, GLYCERIN, DIMETHICONE, SORBITOL, CETYL ALCOHOL, DIPROPYLENE GLYCOL, ISOPROPYL ALCOHOL, FRAGRANCE, ISOPROPYL MYRISTATE, AMINOPROPYL DIMETHICONE, SODIUM METHYLTAURATE, PEG-2 LAURATE, SALICYLIC ACID, SODIUM BENZOATE, PHENOXYETHANOL, HYDROXYETHYL UREA, C13-16 ISOPARAFFIN, POLYSILICONE-13, STEARTRIMONIUM CHLORIDE, LAURTRIMONIUM CHLORIDE, C10-13 ISOPARAFFIN, LACTIC ACID, SQUALANE, DISODIUM EDTA, CAMELLIA JAPONICA SEED OIL, BUTYLENE GLYCOL, AMMONIUM LACTATE, CETRIMONIUM CHLORIDE, ALCOHOL, SODIUM DILAURAMIDOGLUTAMIDE LYSINE, AMODIMETHICONE, PHYTOSTERYL/OCTYLDODECYL LAUROYL GLUTAMATE, PHYTOSTERYL MACADAMIATE, PPG-2-DECETH-12, ROYAL JELLY EXTRACT, GLYCINE SOJA (SOYBEAN) SEED EXTRACT, CAMELLIA SINENSIS LEAF EXTRACT, BIS-ETHYLHEXYLOXYPHENOL METHOXYPHENYL TRIAZINE, SODIUM ACETYLATED HYALURONATE, TOCOPHEROL, HYDROLYZED CONCHIOLIN PROTEIN. Tsubaki Premium Ex Damage Care & Repair Shampoo 450 mL AQUA, SODIUM LAURETH SULFATE, COCAMIDOPROPYL BETAINE, GLYCOL DISTEARATE, SORBITOL, GLYCERIN, PEG-2 LAURATE, SODIUM SULFATE, FRAGRANCE, DIPROPYLENE GLYCOL, GUAR HYDROXYPROPYLTRIMONIUM CHLORIDE, PHENOXYETHANOL, LAURIC ACID, SODIUM BENZOATE, HYDROXYPROPYL ARGININE LAURYL/MYRISTYL ETHER HCL, POLYQUATERNIUM-10, SALICYLIC ACID, HYDROXYETHYL UREA, CITRIC ACID, DISODIUM EDTA, ALCOHOL, LAURTRIMONIUM CHLORIDE, LACTIC ACID, SQUALANE, CAMELLIA JAPONICA SEED OIL, BUTYLENE GLYCOL, AMMONIUM LACTATE, SODIUM DILAURAMIDOGLUTAMIDE LYSINE, AMODIMETHICONE, PHYTOSTERYL/OCTYLDODECYL LAUROYL GLUTAMATE, PHYTOSTERYL MACADAMIATE, PPG-2-DECETH-12, ROYAL JELLY EXTRACT, GLYCINE SOJA (SOYBEAN) SEED EXTRACT, CAMELLIA SINENSIS LEAF EXTRACT, BIS-ETHYLHEXYLOXYPHENOL METHOXYPHENYL TRIAZINE, SODIUM ACETYLATED HYALURONATE, HYDROLYZED CONCHIOLIN PROTEIN, TOCOPHEROL.",https://www.watsons.co.id/id/tsubaki-premium-ex-damage-care-repair-bundle-shampoo-conditioner-450ml/p/BP_61246,4/15/2026
P703,Bio+Peptide Complex Shampoo 250ml,CBD,Shampoo,250ml,44.9,,https://www.watsons.co.id/id/cbd-bio-peptide-complex-shampoo-250ml/p/BP_48336,4/15/2026
P704,Triple Pack Shampoo Refreshing Cool Botol 680ml,ZINC,Shampoo,680ml,218.7,,https://www.watsons.co.id/id/zinc-triple-pack-shampoo-refreshing-cool-botol-680ml/p/BP_75111,4/15/2026
P705,Shampoo Anti Ketombe Pro-V 400ml,PANTENE,Shampoo,400ml,96.5,"Water, Sodium Lauryl Sulfate, Sodium Laureth Sulfate, Dimethicone, Cocamidopropyl Betaine, Glycol Distearate, Fragrance, Zinc Pyrithione, Sodium Citrate, Cocamide Mea, Sodium Xylenesulfonate, Sodium Chloride, Sodium Benzoate, Guar Hy Droxypropyltrimonium Chloride, Benzyl Alcohol, Citric Acid, Panthenol, Panthenyl Ethyl Ether, Oryza Sativa (Rice) Bran Oil, Methylchloroisothiazolinone, Methylisothiazounone.",https://www.watsons.co.id/id/pantene-shampoo-anti-ketombe-pro-v-400ml/p/BP_70993,4/15/2026
P706,HE BIO SHP ARGAN 400ML,HERBAL ESSENCES,,400ML,93,"Water/eau, Sodium Lauryl Sulfate, Sodium Laureth Sulfate, Cocamidopropyl Betaine, Glycol Distearate, Dimethicone, Fragrance/parfum, Argania Spinosa Kernel Oil, Histidine, Aloe Barbadensis Leaf Juice, Ecklonia Radiata Extract, Sodium Citrate, Cocamide Mea, Sodium Xylenesulfonate, Citric Acid, Sodium Benzoate, Sodium Chloride, Guar Hydroxypropyltrimonium Chloride, Tetrasodium Edta, Polyquaternium-6, Methylchloroisothiazolinone, Methylisothiazolinone.",https://www.watsons.co.id/id/herbal-essences-he-bio-shp-argan-400ml/p/BP_15137,4/15/2026
P707,Tsubaki Premium Ex Hair Fall Care & Repair Shampoo 450ml,TSUBAKI,Shampoo,450ml,179.9,"AQUA, SODIUM LAURETH SULFATE, COCAMIDOPROPYL BETAINE, GLYCOL DISTEARATE, PEG-2 LAURATE, SODIUM SULFATE, FRAGRANCE, DIPROPYLENE GLYCOL, ISOSTEARYL ALCOHOL, PHENOXYETHANOL, GUAR HYDROXYPROPYLTRIMONIUM CHLORIDE, SODIUM BENZOATE, POLYQUATERNIUM-10, PROPYLTRIMONIUMCHLORIDE ACRYLAMIDE/DIMETHYLACRYLAMIDE COPOLYMER, SALICYLIC ACID, CITRIC ACID, DISODIUM EDTA, SODIUM METHYL COCOYL TAURATE, LAURTRIMONIUM CHLORIDE, SQUALANE, CAMELLIA JAPONICA SEED OIL, BUTYLENE GLYCOL, POLYQUATERNIUM-11, SODIUM DILAURAMIDOGLUTAMIDE LYSINE, TAURINE, PHYTOSTERYL/OCTYLDODECYL LAUROYL GLUTAMATE, PHYTOSTERYL MACADAMIATE, CITRUS UNSHIU PEEL EXTRACT, EUCHEUMA SERRA/GRATELOUPIA SPARSA/SACCHARINA ANGUSTATA/ULVA LINZA/UNDARIA PINNATIFIDA EXTRACT, BIS-ETHYLHEXYLOXYPHENOL METHOXYPHENYL TRIAZINE, SACCHARINA ANGUSTATA/UNDARIA PINNATIFIDA EXTRACT, TOCOPHEROL.?",https://www.watsons.co.id/id/tsubaki-tsubaki-premium-ex-hair-fall-care-repair-shampoo-450ml/p/BP_44339,4/15/2026
P708,Shampoo Active Fresh Lemon Mint Botol 680ml,ZINC,Shampoo,680ml,51,"Aqua, Cocamidopropyl Betaine, Potassium Cocoyl Hydrolyzed Oat Protein, Sodium Cocoyl Glycinate, PEG-120 Methyl Glucose Dioleate,Butylene Glvcol,Aleurites Moluccana Seed Extract, Propylene Glycol, Fragrance, Panthenol, Polyquaternium-10, Aloe Barbadensis Leaf Extract, Phenoxyeth-anol, Dmdm Hydantoin, Tetrasodium EDIA,Citric Acid",https://www.watsons.co.id/id/zinc-shampoo-active-fresh-lemon-mint-botol-680ml/p/BP_27078,4/15/2026
P709,Twin Pack Body Wash - Vanilla & Raspberry 250ml,ORIGINAL SOURCE,,250ml,97,"Aqua, Sodium Laureth Sulfate, Sodium Chloride, Cocamidopropyl Betaine, Glycerin, Vanilla Planifolia (Vanilla) Fruit Extract, Rubus Idaeus (Raspberry) Fruit Extract, Polyquaternium-7, Parfum, Sodium Benzoate, Tetrasodium Glutamate Diacetate, Lactic Acid, Styrene/Acrylates Copolymer, C11-15 Pareth-7, C11-15 Pareth-40, Diethylamino Hydroxybenzoyl Hexyl Benzoate, Ethylhexyl Methoxycinnamate, Phenoxyethanol, Benzoic Acid, Dehydroacetic Acid, Ethylhexylglycerin, Citric Acid, Propylene Glycol Dicaprylate/Dicaprate, Xanthan Gum, Potassium Sorbate, CI 14700, CI 42090,",https://www.watsons.co.id/id/original-source-twin-pack-body-wash-vanilla-raspberry-250ml/p/BP_59790,4/15/2026
P710,HairGrow Hair Fall Protection Shampoo 250ml,ERHA,Shampoo,250ml,161.5,,https://www.watsons.co.id/id/erha-hairgrow-hair-fall-protection-shampoo-250ml/p/BP_60906,4/15/2026
P711,Extra Night Repair Shampoo 450ml,MOIST DIANE,Shampoo,450ml,116.9,"aqua, sodium c14-16 olefin sulfonate, Cocamidopropyl betaine, cocamide methyl mea, Lauryl betaine, Fragrance, Sodium Chloride, Polyquaternium-10, Sodium Benzoate, Phenoxyethanol, Citric Acid, Disodium EDTA, Propylene Glycol, POUTERIA SAPOTA SEED OIL, mangifera indica seed oil, carapa guaianensis seed oil, OPUNTIA FICUS-INDICA SEED OIL, bis-ethoxydiglycol cyclohexane 1,4-dicarboxylate, Isononyl isononanoate, Isostearoyl Hydrolyzed Keratin, PROPANEDIOL, Keratin, Quaternium-18, behentrimonium chloride, GAMMA-DOCOSALACTONE, Quaternium-33, Cholesterol, GLYCINE SOJA STEROLS, Hydrolyzed keratin, Ceramide NG, Argania Spinosa Kernel Oil, Ceramide AS, Ceramide NP, Ceramide AP, Ceramide EOP",https://www.watsons.co.id/id/moist-diane-extra-night-repair-shampoo-450ml/p/BP_45667,4/15/2026
P712,L'Oreal Paris Extraordinary Oil Shampoo Sleek 440ml,L'OREAL,Shampoo,440ml,279.9,,https://www.watsons.co.id/id/l-oreal-l-oreal-paris-extraordinary-oil-shampoo-sleek-440ml/p/BP_24382,4/15/2026
P713,Coconut Nourishing Shampoo Refill 450ml,NATURALS BY WATSONS,Shampoo,450ml,42.9,"Aqua, Ammonium Lauryl Sulfate, Glycerin, Cocamidopropyl Betaine, Cocamide MEA, Phenoxyethanol, Sodium Chloride, Parfum, Polysorbate 20, Chlorphenesin, Polyquaternium-10, Polyquaternium-7, Sodium Benzoate, Butyl Methoxydibenzoylmethane, Trisodium Ethylenediamine Disuccinate, Citric Acid, Butyrospermum Parkii (Shea) Butter*, Cocos Nucifera (Coconut) Oil*, Crambe Abyssinica (Abyssinian) Seed Oil, Panthenol, Sodium Hyaluronate, Linoleic Acid, Oleic Acid, Cocos Nucifera (Coconut) Fruit Extract*, Lavandula Angustifolia (Lavender) Oil, Palmitic Acid, Stearic Acid, Linolenic Acid, Tocopherol, Hexyl Cinnamal *ingredients from certified organic agriculture",https://www.watsons.co.id/id/naturals-by-watsons-coconut-nourishing-shampoo-refill-450ml/p/BP_60127,4/15/2026
P714,&Honey Melty Moist Repair Shampoo 1.0 440ml,AND HONEY,Shampoo,440ml,254,,https://www.watsons.co.id/id/and-honey-honey-melty-moist-repair-shampoo-1.0-440ml/p/BP_51700,4/15/2026
P715,Moist Diane Shampoo Extra Smooth & Straight 450ml,MOIST DIANE,Shampoo,450ml,116.9,"Sodium Benzoate, Sodium Bicarbonate, Sodium C 14-16 Olefin Sulfonate, Sodium Cocoamphoacetate, Sodium Methyl Cocoyl Taurate, Soybean ( Glycine Soja ) Sterol, TEA-Cocoyl Glutamate, adansonia digitata seed oil, aqua, argan oil polyglyceryl-6 esters, Argania Spinosa Kernel Oil, behentrimonium chloride, butylene glycol, caramel, carapa guaianensis seed oil, ceramide 5, chenopodium quinoa seed oil, cocamide methyl mea, cocamidopropyl betaine, disodium c12-14 pareth-2 sulfosuccinate, glyoxylic acid, hydrolyzed adansonia digitata extract, hydrolyzed keratin, hydrolyzed silk pg-propyl methylsilanediol, hydroxypropyltrimonium hydrolyzed keratin, isomalt, isostearoyl hydrolyzed collagen, laurdimonium hydroxypropyl hydrolyzed keratin, lecithin, myristamine oxide, oenocarpus bataua fruit oil, polyquaternium-10, potassium cocoyl hydrolyzed keratin, potassium sorbate, propanediol, propylene glycol, prunus domestica seed extract, quaternium-18, quaternium-33, schinziophyton rautanenii kernel oil, sclerocarya birrea seed oil, sodium chloride, sodium lauraminopropionate, terminalia ferdinandiana fruit extract, theobroma grandiflorum seed butter, xanthan gum, Acetyl cysteine, Hydrolyzed quinoa, Hydrolyzed Conchiolin Protein, Malus Domestica Fruit Cell Culture Extract, Disodium EDTA, Dipropylene Glycol, Ceramide AP, Ceramide NP, Ceramide EOP, Tocopherol, Argania Spinosa Sprout Cell Extract, CETEARAMIDOETHYL DIETHONIUM HYDROLYZED RICE PROTEIN, Ceramide NG, Gamma-Docosalactone, Pouteria Sapota Seed Oil",https://www.watsons.co.id/id/moist-diane-moist-diane-shampoo-extra-smooth-straight-450ml/p/BP_38500,4/15/2026
P716,L'Oreal Paris Elseve Total Repair 5 Repairing Shampoo Hair Care 650ml,L'OREAL,Shampoo,650ml,148.7,"WATER, SODIUM LAURETH SULFATE, COCO-BETAINE, DIMETHICONE, GLYCOL DISTEARATE, SODIUM CHLORIDE, GUAR HYDROXYPROPYLTRIMONIUM CHLORIDE, LACTIC ACID, SODIUM BENZOATE, SODIUM HYDROXIDE, PPG-5-CETETH-20, SALICYLIC ACID, POLYQUATERNIUM-7, LIMONENE, LINALOOL, BENZYL SALICYLATE, BENZYL ALCOHOL, 2.0LEAMIDO-1,3-0CTADECANEDIOL, FRAGRANCE, CARBOMER,BUTYLPHENYL METHYLPROPIONAL, CITRIC ACID, HEXYL CINNAMAL (F.I.L. C16847713).",https://www.watsons.co.id/id/l-oreal-l-oreal-paris-elseve-total-repair-5-repairing-shampoo-hair-care-650ml/p/BP_21475,4/15/2026
P717,Scalperfect Piroctone Olamine & Climbazole Anti Dandruff Shampoo 100ml,ERHA,Shampoo,100ml,90,,https://www.watsons.co.id/id/erha-scalperfect-piroctone-olamine-climbazole-anti-dandruff-shampoo-100ml/p/BP_60901,4/15/2026
P718,Shampoo Hair Fall Treatment 170 ml Estamp,WARDAH,Shampoo,170 ml,27.5,,https://www.watsons.co.id/id/wardah-shampoo-hair-fall-treatment-170-ml-estamp/p/BP_66895,4/15/2026
P719,Lavojoy Hold Me Tight Pro Conditioner Spring Wonder 280ml,LAVOJOY,Conditioner,280ml,100.9,,https://www.watsons.co.id/id/lavojoy-lavojoy-hold-me-tight-pro-conditioner-spring-wonder-280ml/p/BP_43479,4/17/2026
P720,Keratin Smooth Conditioner 170ml,TRESEMME,Conditioner,170ml,37.9,"AQUA, ISOPENTYLDIOL, BEHENTRIMONIUM CHLORIDE, GLYCERIN, STEARYL ALCOHOL, DIMETHICONE, BEHENYL ALCOHOL, CETYL ALCOHOL, ISOPROPYL ALCOHOL, FRAGRANCE, DIPROPYLENE GLYCOL, MENTHOL, ISOPROPYL MYRISTATE, PEG-2 LAURATE, SODIUM BENZOATE, PHENOXYETHANOL, AMODIMETHICONE, SODIUM METHYLTAURATE, SALICYLIC ACID, HYDROXYETHYL UREA, AMINOPROPYL DIMETHICONE, PPG-2-DECETH-12, STEARTRIMONIUM CHLORIDE, C13-16 ISOPARAFFIN, LACTIC ACID, POLYSILICONE-13, DISODIUM EDTA, SQUALANE, CAMELLIA JAPONICA SEED OIL, C10-13 ISOPARAFFIN, AMMONIUM LACTATE, BUTYLENE GLYCOL, SODIUM DILAURAMIDOGLUTAMIDE LYSINE, ETHYLHEXYL PALMITATE, BIS-ETHYLHEXYLOXYPHENOL METHOXYPHENYL TRIAZINE, CETRIMONIUM CHLORIDE, PHYTOSTERYL/OCTYLDODECYL LAUROYL GLUTAMATE, PHYTOSTERYL MACADAMIATE, MENTHA PIPERITA (PEPPERMINT) LEAF EXTRACT, TOCOPHEROL.",https://www.watsons.co.id/id/tresemme-keratin-smooth-conditioner-170ml/p/BP_73932,4/17/2026
P721,Lavojoy Out Of My Head Conditioner 300ml,LAVOJOY,Conditioner,300ml,71.9,"Water, Cetearyl Alcohol, Glycerin, Dimethicone, Behentrimonium Chloride, Bis-Aminopropyl Dimethicone, Phenoxyethanol, Aroma, Isopropyl Alcohol, Hydroxyethylcellulose, Chlorphenesin, Dimethiconol, Acrylamidopropyltrimonium Chloride/Acrylamide Copolymer, Disodium EDTA, Citric Acid, Squalane, Polysorbate 60, Disodium Phosphate, Keratin, Hydrolyzed Keratin, Oxidized Keratin, Salicylic Acid, Sodium Phosphate, Yeast Extract, Phragmites Communis Extract, Zea Mays (Corn) Silk Extract, Oryza Sativa (Rice) Extract, Aloe Barbadensis Leaf Extract, 1,2-Hexanediol, Butylene Glycol, Malva Sylvestris (Mallow) Flower/Leaf/Stem Extract, Ethylhexylglycerin.",https://www.watsons.co.id/id/lavojoy-lavojoy-out-of-my-head-conditioner-300ml/p/BP_39934,4/17/2026
P722,Conditioner Hair Fall 170ml,WARDAH,Conditioner,170ml,27.5,"AQUA, STEARYL ALCOHOL, ISOPENTYLDIOL, BEHENTRIMONIUM CHLORIDE, GLYCERIN, DIMETHICONE, SORBITOL, CETYL ALCOHOL, DIPROPYLENE GLYCOL, ISOPROPYL ALCOHOL, FRAGRANCE, AMINOPROPYL DIMETHICONE, ISOPROPYL MYRISTATE, SODIUM METHYLTAURATE, PEG-2 LAURATE, SALICYLIC ACID, SODIUM BENZOATE, PHENOXYETHANOL, C13-16 ISOPARAFFIN, POLYSILICONE-13, STEARTRIMONIUM CHLORIDE, LAURTRIMONIUM CHLORIDE, C10-13 ISOPARAFFIN, SQUALANE, DISODIUM EDTA, CAMELLIA JAPONICA SEED OIL, BUTYLENE GLYCOL, CETRIMONIUM CHLORIDE, SODIUM DILAURAMIDOGLUTAMIDE LYSINE, AMODIMETHICONE, BIS-ETHYLHEXYLOXYPHENOL METHOXYPHENYL TRIAZINE, PHYTOSTERYL MACADAMIATE, PPG-2-DECETH-12, CITRUS UNSHIU PEEL EXTRACT, EUCHEUMA SERRA/GRATELOUPIA SPARSA/SACCHARINA ANGUSTATA/ULVA LINZA/UNDARIA PINNATIFIDA EXTRACT, LACTIC ACID, SACCHARINA ANGUSTATA/UNDARIA PINNATIFIDA EXTRACT, TOCOPHEROL, PHYTOSTERYL/OCTYLDODECYL LAUROYL GLUTAMATE.?",https://www.watsons.co.id/id/wardah-conditioner-hair-fall-170ml/p/BP_14649,4/17/2026
P723,L'Oreal Elseve Total Repair 5 Restoring Conditioner 265ml,L'OREAL,Conditioner,265ml,91.5,,https://www.watsons.co.id/id/l-oreal-l-oreal-elseve-total-repair-5-restoring-conditioner-265ml/p/BP_48373,4/17/2026
P724,Conditioner Anti Kusut Collagen Repair Perawatan Rambut Pro-V 300ml,PANTENE,Conditioner,300ml,59.9,,https://www.watsons.co.id/id/pantene-conditioner-anti-kusut-collagen-repair-perawatan-rambut-pro-v-300ml/p/BP_66878,4/17/2026
P725,Tsubaki Premium Cool & Repair Conditioner 450ml,TSUBAKI,Conditioner,450ml,82,"AQUA, ISOPENTYLDIOL, BEHENTRIMONIUM CHLORIDE, GLYCERIN, STEARYL ALCOHOL, DIMETHICONE, BEHENYL ALCOHOL, CETYL ALCOHOL, ISOPROPYL ALCOHOL, FRAGRANCE, DIPROPYLENE GLYCOL, MENTHOL, ISOPROPYL MYRISTATE, PEG-2 LAURATE, SODIUM BENZOATE, PHENOXYETHANOL, AMODIMETHICONE, SODIUM METHYLTAURATE, SALICYLIC ACID, HYDROXYETHYL UREA, AMINOPROPYL DIMETHICONE, PPG-2-DECETH-12, STEARTRIMONIUM CHLORIDE, C13-16 ISOPARAFFIN, LACTIC ACID, POLYSILICONE-13, DISODIUM EDTA, SQUALANE, CAMELLIA JAPONICA SEED OIL, C10-13 ISOPARAFFIN, AMMONIUM LACTATE, BUTYLENE GLYCOL, SODIUM DILAURAMIDOGLUTAMIDE LYSINE, ETHYLHEXYL PALMITATE, BIS-ETHYLHEXYLOXYPHENOL METHOXYPHENYL TRIAZINE, CETRIMONIUM CHLORIDE, PHYTOSTERYL/OCTYLDODECYL LAUROYL GLUTAMATE, PHYTOSTERYL MACADAMIATE, MENTHA PIPERITA (PEPPERMINT) LEAF EXTRACT, TOCOPHEROL.",https://www.watsons.co.id/id/tsubaki-tsubaki-premium-cool-repair-conditioner-450ml/p/BP_45147,4/17/2026
P726,Conditioner Biotin Hairfall Control 135ml,DOVE,Conditioner,135ml,25.5,"Water, Cetearyl Alcohol, Behentrimonium Chloride, Glycerin, Dimethicone, Dipropylene Glycol, Perfume, Citric Acid, Amodimethicone, Sodium Benzoate, Sodium Gluconate, Sodium Citrate, Disodium EDTA, Lactic Acid, PEG-7 Propylheptyl Ether, Phenoxyethanol, Cetrimonium Chloride, Urea, Disodium Phosphate, Biotin, Zinc Sulfate Heptahydrate, Ceramide NG, Sodium Sulfate, Sodium Chloride, Hydrolyzed Yeast Protein, Potassium Sorbate, CI 15985, CI 19140",https://www.watsons.co.id/id/dove-conditioner-biotin-hairfall-control-135ml/p/BP_64322,4/17/2026
P727,Lavojoy So So So Smooth Conditioner 300ml,LAVOJOY,Conditioner,300ml,71.9,"1. Amino Acid 2. Hyaluronic Acid 3. Olive Oil Fresh Floral Fragrance - Berry Fragrance Top Notes: Orange Citrus Lemon Middle Notes: Mimosa, Jasmine, Ylang Ylang Base Notes: Tonka Beans, Patchouli, Myrrh, Vetiver Origin Indonesia Commodity Specifications BPOM : NA11231000223 Product Usage Tuangkan kondisioner dalam jumlah yang sesuai ke telapak tangan, lalu aplikasikan merata dari tengah hingga ujung rambut. Biarkan selama beberapa menit, bilas hingga bersih dengan air. Ingredients Water, Cetearyl Alcohol, Glycerin, Dimethicone, Behentrimonium Chloride, Bis-Aminopropyl Dimethicone, Phenoxyethanol, Isopropyl Alcohol, Aroma, Chlorphenesin, Hydroxyethylcellulose, Dimethiconol, Acrylamidopropyltrimonium Chloride / Acrylamide Copolymer, Disodium EDTA, Citric Acid, Limnanthes Alba (Meadowfoam) Seed Oil, Simsmondsia Chinensis (Jojoba) Seed Oil, Squalane, Olea Europaea (Olive) Fruit Oil, Polysorbate 60, Disodium Phosphate, Sodium Hyaluronate, Sodium Phosphate.",https://www.watsons.co.id/id/lavojoy-lavojoy-so-so-so-smooth-conditioner-300ml/p/BP_39935,4/17/2026
P728,PRO-V Conditioner Hair Fall Control 290ml - Perawatan Rambut Rontok,PANTENE,Conditioner,290ml,35.5,"Water, Glycerin, Stearyl Alcohol, Befientrimonium Methosulfate, Bis-aminopropyl Dimethicone, Cetyl Alcohol,Fragrance, Dicetyldimonium Chloride, Isopropyl Alcohol, Benzyl Alcohol, Propylene Glycol, Disodium Edta, Histidine, Citric Acid, Panthenol Panthe",https://www.watsons.co.id/id/pantene-pro-v-conditioner-hair-fall-control-290ml-perawatan-rambut-rontok/p/BP_70224,4/17/2026
P729,L'Oreal Elseve Fall Resist 3x Anti-Hairfall Conditioner Scalp + Hair 265ml,L'OREAL,Conditioner,265ml,91.5,,https://www.watsons.co.id/id/l-oreal-l-oreal-elseve-fall-resist-3x-anti-hairfall-conditioner-scalp-hair-265ml/p/BP_48374,4/17/2026
P730,Coffee Anti-Hair Fall Conditioner 490ml,NATURALS BY WATSONS,Conditioner,490ml,57.9,,https://www.watsons.co.id/id/naturals-by-watsons-coffee-anti-hair-fall-conditioner-490ml/p/BP_49904,4/17/2026
P731,Tsubaki Premium Moist & Repair Conditioner 450ml,TSUBAKI,Conditioner,450ml,94,"AQUA, STEARYL ALCOHOL, ISOPENTYLDIOL, BEHENTRIMONIUM CHLORIDE, GLYCERIN, DIMETHICONE, CETYL ALCOHOL, ISOPROPYL ALCOHOL, FRAGRANCE, DIPROPYLENE GLYCOL, ISOPROPYL MYRISTATE, AMINOPROPYL DIMETHICONE, PEG-2 LAURATE, SODIUM BENZOATE, PHENOXYETHANOL, SODIUM METHYLTAURATE, SALICYLIC ACID, C13-16 ISOPARAFFIN, POLYSILICONE-13, STEARTRIMONIUM CHLORIDE, LAURTRIMONIUM CHLORIDE, C10-13 ISOPARAFFIN, DISODIUM EDTA, SQUALANE, CAMELLIA JAPONICA SEED OIL, CETRIMONIUM CHLORIDE, BUTYLENE GLYCOL, SODIUM DILAURAMIDOGLUTAMIDE LYSINE, AMODIMETHICONE, PHYTOSTERYL/OCTYLDODECYL LAUROYL GLUTAMATE, PHYTOSTERYL MACADAMIATE, PPG-2-DECETH-12, GLYCINE SOJA (SOYBEAN) SEED EXTRACT, BIS-ETHYLHEXYLOXYPHENOL METHOXYPHENYL TRIAZINE, LACTIC ACID, SODIUM ACETYLATED HYALURONATE, TOCOPHEROL.",https://www.watsons.co.id/id/tsubaki-tsubaki-premium-moist-repair-conditioner-450ml/p/BP_45145,4/17/2026
P732,Hair Strengthening Keratin Conditione 200ml,WATSONS,Conditioner,200ml,27.9,"Keratin, Panthenol (Pro-Vitamin B5), Olive Oil, Ginseng Extract, dan Vitamin Complex.",https://www.watsons.co.id/id/watsons-hair-strengthening-keratin-conditione-200ml/p/BP_67919,4/17/2026
P733,Serasoft Conditioner Hair Fall 170ml,SERASOFT,Conditioner,170ml,18.5,"Water, Cetearyl Alcohol, Behentrimonium Chloride, Dipropylene Glycol, Glycerin, Perfume, Dimethicone, Gluconolactone, Trehalose, Helianthus Annuus (Sunflower) Seed Oil, C10-40 Isoalkylamidopropylethyldimonium Ethosulfate, Sodium Sulfate, Tocopheryl Acetate, Argania Spinosa Kernel Oil, Cocos Nucifera (Coconut) Oil, Prunus Amygdalus Dulcis (Sweet Almond) Oil, Mineral Oil, Amodimethicone, Disodium EDTA, Phenoxyethanol, Cetrimonium Chloride, PEG-7 Propylheptyl Ether, Magnesium Nitrate, Cyclotetrasiloxane, Methylchloroisothiazolinone, Magnesium Chloride, Methylarachidic Acid, Methylisothiazolinone, Sodium Chloride, Acetic Acid",https://www.watsons.co.id/id/serasoft-serasoft-conditioner-hair-fall-170ml/p/BP_73395,4/17/2026
P734,Tsubaki Premium Ex Hair Fall Care & Repair Conditioner 450ml,TSUBAKI,Conditioner,450ml,179.9,"AQUA, STEARYL ALCOHOL, ISOPENTYLDIOL, BEHENTRIMONIUM CHLORIDE, GLYCERIN, DIMETHICONE, SORBITOL, CETYL ALCOHOL, DIPROPYLENE GLYCOL, ISOPROPYL ALCOHOL, FRAGRANCE, AMINOPROPYL DIMETHICONE, ISOPROPYL MYRISTATE, SODIUM METHYLTAURATE, PEG-2 LAURATE, SALICYLIC ACID, SODIUM BENZOATE, PHENOXYETHANOL, C13-16 ISOPARAFFIN, POLYSILICONE-13, STEARTRIMONIUM CHLORIDE, LAURTRIMONIUM CHLORIDE, C10-13 ISOPARAFFIN, SQUALANE, DISODIUM EDTA, CAMELLIA JAPONICA SEED OIL, BUTYLENE GLYCOL, CETRIMONIUM CHLORIDE, SODIUM DILAURAMIDOGLUTAMIDE LYSINE, AMODIMETHICONE, BIS-ETHYLHEXYLOXYPHENOL METHOXYPHENYL TRIAZINE, PHYTOSTERYL MACADAMIATE, PPG-2-DECETH-12, CITRUS UNSHIU PEEL EXTRACT, EUCHEUMA SERRA/GRATELOUPIA SPARSA/SACCHARINA ANGUSTATA/ULVA LINZA/UNDARIA PINNATIFIDA EXTRACT, LACTIC ACID, SACCHARINA ANGUSTATA/UNDARIA PINNATIFIDA EXTRACT, TOCOPHEROL, PHYTOSTERYL/OCTYLDODECYL LAUROYL GLUTAMATE.?",https://www.watsons.co.id/id/tsubaki-tsubaki-premium-ex-hair-fall-care-repair-conditioner-450ml/p/BP_44344,4/17/2026
P735,Argan Repairing Conditioner 490ml,NATURALS BY WATSONS,Conditioner,490ml,57.9,,https://www.watsons.co.id/id/naturals-by-watsons-argan-repairing-conditioner-490ml/p/BP_49594,4/17/2026
P736,Collagen Repair Conditioner 250ml,CBD,Conditioner,250ml,44.9,,https://www.watsons.co.id/id/cbd-collagen-repair-conditioner-250ml/p/BP_48337,4/17/2026
P737,Aloe Vera Conditioner 100ml,NATURALS BY WATSONS,Conditioner,100ml,18.9,,https://www.watsons.co.id/id/naturals-by-watsons-aloe-vera-conditioner-100ml/p/BP_48138,4/17/2026
P738,Conditioner Anti Kusut Miracles Collagen Repair Pro-V 150ml,PANTENE,Conditioner,150ml,28.5,"AQUA, STEARYL ALCOHOL, ISOPENTYLDIOL, BEHENTRIMONIUM CHLORIDE, GLYCERIN, DIMETHICONE, SORBITOL, CETYL ALCOHOL, DIPROPYLENE GLYCOL, ISOPROPYL ALCOHOL, FRAGRANCE, ISOPROPYL MYRISTATE, AMINOPROPYL DIMETHICONE, SODIUM METHYLTAURATE, PEG-2 LAURATE, SALICYLIC ACID, SODIUM BENZOATE, PHENOXYETHANOL, HYDROXYETHYL UREA, C13-16 ISOPARAFFIN, POLYSILICONE-13, STEARTRIMONIUM CHLORIDE, LAURTRIMONIUM CHLORIDE, C10-13 ISOPARAFFIN, LACTIC ACID, SQUALANE, DISODIUM EDTA, CAMELLIA JAPONICA SEED OIL, BUTYLENE GLYCOL, AMMONIUM LACTATE, CETRIMONIUM CHLORIDE, ALCOHOL, SODIUM DILAURAMIDOGLUTAMIDE LYSINE, AMODIMETHICONE, PHYTOSTERYL/OCTYLDODECYL LAUROYL GLUTAMATE, PHYTOSTERYL MACADAMIATE, PPG-2-DECETH-12, ROYAL JELLY EXTRACT, GLYCINE SOJA (SOYBEAN) SEED EXTRACT, CAMELLIA SINENSIS LEAF EXTRACT, BIS-ETHYLHEXYLOXYPHENOL METHOXYPHENYL TRIAZINE, SODIUM ACETYLATED HYALURONATE, TOCOPHEROL, HYDROLYZED CONCHIOLIN PROTEIN.",https://www.watsons.co.id/id/pantene-conditioner-anti-kusut-miracles-collagen-repair-pro-v-150ml/p/BP_25751,4/17/2026
P739,Rosemary Conditioner 490ml,NATURALS BY WATSONS,Conditioner,490ml,57.9,"AQUA, CETEARYL ALCOHOL, GLYCERIN, PHENOXYETHANOL, BEHENTRIMONIUM METHOSULFATE, BUTYROSPERMUM PARKII (SHEA) BUTTER, CETYL ALCOHOL, PROPYLENE GLYCOL, CETRIMONIUM CHLORIDE, PARFUM, HYDROXYETHYLCELLULOSE, CHLORPHENESIN, MENTHOL, CLIMBAZOLE, CITRIC ACID, TRISODIUM ETHYLENEDIAMINE DISUCCINATE, SODIUM ACETATE, MENTHA PIPERITA (PEPPERMINT) OIL, ROSMARINUS OFFICINALIS (ROSEMARY) LEAF OIL*, PROPANEDIOL, ARGININE, LACTIC ACID, GLYCINE SOJA (SOYBEAN) GERM EXTRACT, TRITICUM VULGARE (WHEAT) GERM EXTRACT, ROSMARINUS OFFICINALIS (ROSEMARY) LEAF EXTRACT*, GLUCONOLACTONE, SCUTELLARIA BAICALENSIS (CHINESE SKULLCAP) ROOT EXTRACT, SODIUM BENZOATE, POTASSIUM SORBATE, ETHYLHEXYLGLYCERIN, COPPER TRIPEPTIDE-1, CALCIUM GLUCONATE, *INGREDIENTS FROM CERTIFIED ORGANIC AGRICULTURE",https://www.watsons.co.id/id/naturals-by-watsons-rosemary-conditioner-490ml/p/BP_59971,4/17/2026
P740,Bonvie Arkeratin Condimask 100 Ml,BONVIE,Conditioner,100 Ml,66.5,,https://www.watsons.co.id/id/bonvie-bonvie-arkeratin-condimask-100-ml/p/BP_35203,4/17/2026
P741,Olive Deep Moisturising Conditioner 490ml,NATURALS BY WATSONS,Conditioner,490ml,57.9,,https://www.watsons.co.id/id/naturals-by-watsons-olive-deep-moisturising-conditioner-490ml/p/BP_48143,4/17/2026
P742,L'Oreal Paris Extraordinary Oil Conditioner Sleek 440ml,L'OREAL,Conditioner,440ml,279.9,"AQUA / WATER, CETEARYL ALCOHOL, AMODIMETHICONE, BEHENTRIMONIUM CHLORIDE, CETYL ESTERS, CI 77891 / TITANIUM DIOXIDE, CI 77491 / IRON OXIDES, CI 15985 / YELLOW 6, CI 19140 / YELLOW 5, MICA, TOCOPHERYL ACETATE, CEDRUS ATLANTICA BARK OIL, PHENOXYETHANOL, ETHYLHEXYL SALICYLATE, TRIDECETH-6, CHLORHEXIDINE DIHYDROCHLORIDE, LIMONENE, LINALOOL, ISOPROPYL ALCOHOL, 2-OLEAMIDO-1,3-OCTADECANEDIOL, CARAMEL, CETRIMONIUM CHLORIDE, COUMARIN, LAVANDULA ANGUSTIFOLIA OIL / LAVENDER OIL, HEXYL CINNAMAL, PARFUM / FRAGRANCE",https://www.watsons.co.id/id/l-oreal-l-oreal-paris-extraordinary-oil-conditioner-sleek-440ml/p/BP_24385,4/17/2026
P743,SELSUN COND NOURISHING 100GR,SELSUN,Conditioner,100GR,26.5,,https://www.watsons.co.id/id/selsun-selsun-cond-nourishing-100gr/p/BP_70344,4/17/2026
P744,Conditioner Miracles Collagen Repair Daily Hair Supplement for Damage Care 70ml,PANTENE,Conditioner,70ml,18,"AQUA, STEARYL ALCOHOL, ISOPENTYLDIOL, BEHENTRIMONIUM CHLORIDE, GLYCERIN, DIMETHICONE, SORBITOL, CETYL ALCOHOL, DIPROPYLENE GLYCOL, ISOPROPYL ALCOHOL, FRAGRANCE, ISOPROPYL MYRISTATE, AMINOPROPYL DIMETHICONE, SODIUM METHYLTAURATE, PEG-2 LAURATE, SALICYLIC ACID, SODIUM BENZOATE, PHENOXYETHANOL, HYDROXYETHYL UREA, C13-16 ISOPARAFFIN, POLYSILICONE-13, STEARTRIMONIUM CHLORIDE, LAURTRIMONIUM CHLORIDE, C10-13 ISOPARAFFIN, LACTIC ACID, SQUALANE, DISODIUM EDTA, CAMELLIA JAPONICA SEED OIL, BUTYLENE GLYCOL, AMMONIUM LACTATE, CETRIMONIUM CHLORIDE, ALCOHOL, SODIUM DILAURAMIDOGLUTAMIDE LYSINE, AMODIMETHICONE, PHYTOSTERYL/OCTYLDODECYL LAUROYL GLUTAMATE, PHYTOSTERYL MACADAMIATE, PPG-2-DECETH-12, ROYAL JELLY EXTRACT, GLYCINE SOJA (SOYBEAN) SEED EXTRACT, CAMELLIA SINENSIS LEAF EXTRACT, BIS-ETHYLHEXYLOXYPHENOL METHOXYPHENYL TRIAZINE, SODIUM ACETYLATED HYALURONATE, TOCOPHEROL, HYDROLYZED CONCHIOLIN PROTEIN.",https://www.watsons.co.id/id/pantene-conditioner-miracles-collagen-repair-daily-hair-supplement-for-damage-care-70ml/p/BP_25754,4/17/2026
P745,CBD Keratin Pro Daily Conditioner 250ml,CBD,Conditioner,250ml,47.9,"Aqua, Cetearyl Alcohol, Glycerin, Dimethicone, Behentrimonium Chloride, Glyceryl Stearate, Perfume, Hydroxypropyl Starch Phosphate, Phenoxyethanol, Cetrimonium Chloride, PEG-100 Stearate, Isopropanol, Sodium Metabisulfite, BHT, Disodium EDTA, Panthenol, Aminomethyl Propanol, Hydrolyzed Keratin, Citric Acid",https://www.watsons.co.id/id/cbd-cbd-keratin-pro-daily-conditioner-250ml/p/BP_35458,4/17/2026
P746,Wardah Nutri Shine Conditioner 170ml,WARDAH,Conditioner,170ml,27.5,,https://www.watsons.co.id/id/wardah-wardah-nutri-shine-conditioner-170ml/p/BP_14647,4/17/2026
P747,Lavender Balancing Conditioner 490ml,NATURALS BY WATSONS,Conditioner,490ml,57.9,,https://www.watsons.co.id/id/naturals-by-watsons-lavender-balancing-conditioner-490ml/p/BP_48142,4/17/2026
P748,Clean White Strawberry and Sweet Mint Hair Conditioner 400ml,HERBAL ESSENCES,Conditioner,400ml,93,"Water/eau, Stearyl Alcohol, Cetyl Alcohol, Stearamidopropyl Dimethylamine, Fragrance/parfum, Benzyl Alcohol, Dicetyldimonium Chloride, Glutamic Acid, Disodium Edta, Bis-aminopropyl Dimethicone, Citric Acid, Histidine, Aloe Barbadensis Leaf Juice, Fragaria Chiloensis (Strawberry) Fruit Extract, Menthol, Mentha Piperita (Peppermint) Oil, Mentha Arvensis Leaf Oil, Methylchloroisothiazolinone, Methylisothiazolinone, Ecklonia Radiata Extract.",https://www.watsons.co.id/id/herbal-essences-clean-white-strawberry-and-sweet-mint-hair-conditioner-400ml/p/BP_15140,4/17/2026
P749,Bio+Peptide Complex Conditiener 250ml,CBD,Conditioner,250ml,44.9,,https://www.watsons.co.id/id/cbd-bio-peptide-complex-conditiener-250ml/p/BP_48340,4/17/2026
P750,Dove 1 Minute Super Conditioner - Intensive Damage Treatment 170ml,DOVE,Conditioner,170ml,37.7,"Water, Cetearyl Alcohol, Behentrimonium Chloride, Dipropylene Glycol, Glycerin, Perfume, Dimethicone, Gluconolactone, Trehalose, Helianthus Annuus (Sunflower) Seed Oil, C10-40 Isoalkylamidopropylethyldimonium Ethosulfate, Sodium Sulfate, Tocopheryl Acetate, Argania Spinosa Kernel Oil, Cocos Nucifera (Coconut) Oil, Prunus Amygdalus Dulcis (Sweet Almond) Oil, Mineral Oil, Amodimethicone, Disodium EDTA, Phenoxyethanol, Cetrimonium Chloride, PEG-7 Propylheptyl Ether, Magnesium Nitrate, Cyclotetrasiloxane, Methylchloroisothiazolinone, Magnesium Chloride, Methylarachidic Acid, Methylisothiazolinone, Sodium Chloride, Acetic Acid",https://www.watsons.co.id/id/dove-dove-1-minute-super-conditioner-intensive-damage-treatment-170ml/p/BP_70286,4/17/2026
P751,Lavojoy Hair We Bloom Conditioner 300ml,LAVOJOY,Conditioner,300ml,71.9,"1. Zinc PCA 2. Tea Tree Oil 3. Salicylic Acid Fresh Fragrance - Season of Flower Top Notes: Bellflower, Male Lilac Middle Notes: Lily Of The Valley, Rose, Jasmine Base Notes: Cedar, Musk, Oakmoss Origin Indonesia Commodity Specifications BPOM : NA11231000222 Product Usage Tuangkan kondisioner dalam jumlah yang sesuai ke telapak tangan, lalu aplikasikan merata dari tengah hingga ujung rambut. Biarkan selama beberapa menit, bilas hingga bersih dengan air. Ingredients Water, Sodium Laureth Sulfate, Sodium Chloride, Cocamidopropyl Hydroxysultaine, Cocamide Methyl MEA, Aroma, Phenoxyethanol, Cocamidopropyl Betaine, Sodium Benzoate, Trimethylolpropane Tricaprylate/Tricaprate, Coco-Glucoside, Glyceryl Oleate, Sodium Lauroyl Sarcosinate, Hydroxypropyl Guar Hydroxypropyltrimonium Chloride, Polyquaternium-7, Citric Acid, Glycerin, Sodium PCA, Myristamidopropyl PG-Dimonium Chloride Phosphate, Disodium EDTA, Sodium Cocamidopropyl PG-Dimonium Chloride Phosphate, Phytosteryl Oleate, Glyceryl Behenate, Sodium Polyaspartate, Propylene Glycol, PPG-26-Buteth-26, Butylene Glycol, 1,2-Hexanediol, Tocopherol, Pentylene Glycol, Hydrogenated Palm Glycerides Citrate, Salicylic Acid, Melaleuca Alternifolia (Tea Tree) Leaf Oil, Maris Sal, Zinc PCA, Rosmarinus Officinalis (Rosemary) Leaf Extract, Yeast Extract, Ethylhexylglycerin.",https://www.watsons.co.id/id/lavojoy-lavojoy-hair-we-bloom-conditioner-300ml/p/BP_39942,4/17/2026
P752,PRO-V Perfect On Conditioner Tanpa Bilas 40ml,PANTENE,Conditioner,40ml,14.5,,https://www.watsons.co.id/id/pantene-pro-v-perfect-on-conditioner-tanpa-bilas-40ml/p/BP_70321,4/17/2026
P753,L'Oreal Elseve Hyaluron Pure 72H Rehydrating Conditioner 265ml,L'OREAL,Conditioner,265ml,99.5,"Aqua / Water, Cetearyl Alcohol, Dimethicone, Glycerin, Behentrimonium Chloride, Ci 17200 / Red 33, Ci 42090 / Blue 1, Lactic Acid, Sodium Laureth Sulfate, Sodium Hydroxide, Sodium Hyaluronate, Phenoxyethanol, Limonene, Amodimethicone, Isopropyl Alcohol, Cetrimonium Chloride, Parfum / Fragrance. (F.I.L. T70011643/1)",https://www.watsons.co.id/id/l-oreal-l-oreal-elseve-hyaluron-pure-72h-rehydrating-conditioner-265ml/p/BP_44812,4/17/2026
P754,Treatment Care Keratin Conditioner 200ml,WATSONS,Conditioner,200ml,27.9,"Keratin, Panthenol, Olive Oil, Sunflower Extract, dan Vitamin Complex.",https://www.watsons.co.id/id/watsons-treatment-care-keratin-conditioner-200ml/p/BP_67918,4/17/2026
P755,Conditioner Classics Weighty and Smooth Rosehip with Camellia Oil 400ml,HERBAL ESSENCES,Conditioner,400ml,69.5,"Water 400ml Rp69.500 25% off Rp92.900 (2) Indonesia MENGAPA MEMILIH AIR KELAPA? Kelapa adalah pohon kehidupan, yang digunakan secara luas oleh wanita Polinesia dalam rutinitas perawatan kecantikan mereka. Daging kelapa dapat dikeringkan atau diperas guna menghasilkan minyak kelapa, air kelapa, atau santan.",https://www.watsons.co.id/id/herbal-essences-conditioner-classics-weighty-and-smooth-rosehip-with-camellia-oil-400ml/p/BP_37778,4/17/2026
P756,Tsubaki Premium Ex Damage Care & Repair Conditioner 450ml,TSUBAKI,Conditioner,450ml,116.9,"AQUA, STEARYL ALCOHOL, ISOPENTYLDIOL, BEHENTRIMONIUM CHLORIDE, GLYCERIN, DIMETHICONE, SORBITOL, CETYL ALCOHOL, DIPROPYLENE GLYCOL, ISOPROPYL ALCOHOL, FRAGRANCE, ISOPROPYL MYRISTATE, AMINOPROPYL DIMETHICONE, SODIUM METHYLTAURATE, PEG-2 LAURATE, SALICYLIC ACID, SODIUM BENZOATE, PHENOXYETHANOL, HYDROXYETHYL UREA, C13-16 ISOPARAFFIN, POLYSILICONE-13, STEARTRIMONIUM CHLORIDE, LAURTRIMONIUM CHLORIDE, C10-13 ISOPARAFFIN, LACTIC ACID, SQUALANE, DISODIUM EDTA, CAMELLIA JAPONICA SEED OIL, BUTYLENE GLYCOL, AMMONIUM LACTATE, CETRIMONIUM CHLORIDE, ALCOHOL, SODIUM DILAURAMIDOGLUTAMIDE LYSINE, AMODIMETHICONE, PHYTOSTERYL/OCTYLDODECYL LAUROYL GLUTAMATE, PHYTOSTERYL MACADAMIATE, PPG-2-DECETH-12, ROYAL JELLY EXTRACT, GLYCINE SOJA (SOYBEAN) SEED EXTRACT, CAMELLIA SINENSIS LEAF EXTRACT, BIS-ETHYLHEXYLOXYPHENOL METHOXYPHENYL TRIAZINE, SODIUM ACETYLATED HYALURONATE, TOCOPHEROL, HYDROLYZED CONCHIOLIN PROTEIN.",https://www.watsons.co.id/id/tsubaki-tsubaki-premium-ex-damage-care-repair-conditioner-450ml/p/BP_45148,4/17/2026
P757,Argan Repairing Conditioner 100ml,NATURALS BY WATSONS,Conditioner,100ml,18.9,,https://www.watsons.co.id/id/naturals-by-watsons-argan-repairing-conditioner-100ml/p/BP_49593,4/17/2026
P758,Elseve Glycolic Gloss Conditioner 265ml,L'OREAL,Conditioner,265ml,91.5,,https://www.watsons.co.id/id/l-oreal-elseve-glycolic-gloss-conditioner-265ml/p/BP_61220,4/17/2026
P759,Argan Oil Anti-Frizz Treatment Conditioner 200Ml,WATSONS,Conditioner,200Ml,30.9,"Aqua (Water), Cetyl Alcohol, Stearyl Alcohol, Dimathicone",https://www.watsons.co.id/id/watsons-argan-oil-anti-frizz-treatment-conditioner-200ml/p/BP_26246,4/17/2026
P760,Conditioner Micellar Hairfall Control 90ml,DOVE,Conditioner,90ml,11.5,"Water, Cetearyl Alcohol, Behentrimonium Chloride, Glycerin, Dimethicone, Dipropylene Glycol, Perfume, Citric Acid, Amodimethicone, Sodium Benzoate, Disodium EDTA, Lactic Acid, PEG-7 Propylheptyl Ether, Phenoxyethanol, Cetrimonium Chloride, Ceramide NG, Zinc Sulfate Heptahydrate, Hydrolyzed Yeast Protein, Potassium Sorbate",https://www.watsons.co.id/id/dove-conditioner-micellar-hairfall-control-90ml/p/BP_66724,4/17/2026
P761,L'Oreal Paris Elseve Hyaluron Moisture Conditioner 280ml,L'OREAL,Conditioner,280ml,99.5,"Aqua / Water, Cetearyl Alcohol, Dimethicone, Glycerin, Behentrimonium Chloride, Ci 17200 / Red 33, Ci 42090 / Blue 1, Lactic Acid, Sodium Laureth Sulfate, Sodium Hydroxide, Sodium Hyaluronate, Phenoxyethanol, Limonene, Amodimethicone, Isopropyl Alcohol, Cetrimonium Chloride, Parfum / Fragrance. (F.I.L. T70011643/1)",https://www.watsons.co.id/id/l-oreal-l-oreal-paris-elseve-hyaluron-moisture-conditioner-280ml/p/BP_29754,4/17/2026
P762,Kondisioner 3in1 Korean Lavender 150ml,REJOICE,Conditioner,150ml,27.9,,https://www.watsons.co.id/id/rejoice-kondisioner-3in1-korean-lavender-150ml/p/BP_37780,4/17/2026
P763,Yogurt Smoothing Treatment Conditioner 200Ml,WATSONS,Conditioner,200Ml,30.9,"Aqua (Water), Cetyl Alcohol, Stearyl Alcohol, Dimathicone",https://www.watsons.co.id/id/watsons-yogurt-smoothing-treatment-conditioner-200ml/p/BP_26247,4/17/2026
P764,Olive Deep Moisturising Conditioner 100ml,NATURALS BY WATSONS,Conditioner,100ml,18.9,,https://www.watsons.co.id/id/naturals-by-watsons-olive-deep-moisturising-conditioner-100ml/p/BP_48140,4/17/2026
P765,Lavender Balancing Conditioner 100ml,NATURALS BY WATSONS,Conditioner,100ml,18.9,,https://www.watsons.co.id/id/naturals-by-watsons-lavender-balancing-conditioner-100ml/p/BP_48139,4/17/2026
P766,PRO-V Conditioner Hair Fall Control 160 ml - Perawatan Rambut Rontok,PANTENE,Conditioner,160 ml,31,"Water, Glycerin, Stearyl Alcohol, Befientrimonium Methosulfate, Bis-aminopropyl Dimethicone, Cetyl Alcohol,Fragrance, Dicetyldimonium Chloride, Isopropyl Alcohol, Benzyl Alcohol, Propylene Glycol, Disodium Edta, Histidine, Citric Acid, Panthenol Panthe",https://www.watsons.co.id/id/pantene-pro-v-conditioner-hair-fall-control-160-ml-perawatan-rambut-rontok/p/BP_70220,4/17/2026
P767,Tsubaki Premium Volume & Repair Conditioner 450ml,TSUBAKI,Conditioner,450ml,149.9,"AQUA, ISOPENTYLDIOL, BEHENTRIMONIUM CHLORIDE, GLYCERIN, STEARYL ALCOHOL, BEHENYL ALCOHOL, DIMETHICONE, CETYL ALCOHOL, ISOPROPYL ALCOHOL, FRAGRANCE, DIPROPYLENE GLYCOL, ISOPROPYL MYRISTATE, PEG-2 LAURATE, SODIUM BENZOATE, AMODIMETHICONE, PHENOXYETHANOL, SODIUM METHYLTAURATE, SALICYLIC ACID, AMINOPROPYL DIMETHICONE, PPG-2-DECETH-12, LAURTRIMONIUM CHLORIDE, C13-16 ISOPARAFFIN, STEARTRIMONIUM CHLORIDE, POLYSILICONE-13, SQUALANE, ASPARTIC ACID, DISODIUM EDTA, CAMELLIA JAPONICA SEED OIL, POLYQUATERNIUM-11, C10-13 ISOPARAFFIN, LACTIC ACID, SODIUM DILAURAMIDOGLUTAMIDE LYSINE, TAURINE, CETRIMONIUM CHLORIDE, PHYTOSTERYL/OCTYLDODECYL LAUROYL GLUTAMATE, PHYTOSTERYL MACADAMIATE, BIS-ETHYLHEXYLOXYPHENOL METHOXYPHENYL TRIAZINE, TOCOPHEROL.",https://www.watsons.co.id/id/tsubaki-tsubaki-premium-volume-repair-conditioner-450ml/p/BP_45146,4/17/2026
P768,Conditioner Classics Hydrated and Refreshed Coconut Water 400ml,HERBAL ESSENCES,Conditioner,400ml,69.5,"Water 400ml Rp69.500 25% off Rp92.900 (2) Indonesia MENGAPA MEMILIH AIR KELAPA? Kelapa adalah pohon kehidupan, yang digunakan secara luas oleh wanita Polinesia dalam rutinitas perawatan kecantikan mereka. Daging kelapa dapat dikeringkan atau diperas guna menghasilkan minyak kelapa, air kelapa, atau santan.",https://www.watsons.co.id/id/herbal-essences-conditioner-classics-hydrated-and-refreshed-coconut-water-400ml/p/BP_37779,4/17/2026
P769,Safi Hijab Expert Conditioner 160ml,SAFI,Conditioner,160ml,40.7,"Water, Glycerin, Stearyl Alcohol, Befientrimonium Methosulfate, Bis-aminopropyl Dimethicone, Cetyl Alcohol,Fragrance, Dicetyldimonium Chloride, Isopropyl Alcohol, Benzyl Alcohol, Propylene Glycol, Disodium Edta, Histidine, Citric Acid, Panthenol Panthe",https://www.watsons.co.id/id/safi-safi-hijab-expert-conditioner-160ml/p/BP_17360,4/17/2026
P770,Coconut Nourishing Conditioner 490ml,NATURALS BY WATSONS,Conditioner,490ml,57.9,"Aqua, Cetearyl Alcohol, Glycerin, Behentrimonium Methosulfate, Butyrospermum Parkii (Shea) Butter, Cetyl Alcohol, Phenoxyethanol, Cetrimonium Chloride, Parfum, Hydroxyethylcellulose, Chlorphenesin, Citric Acid, Trisodium Ethylenediamine Disuccinate, Sodium Acetate, Butyrospermum Parkii (Shea) Butter*, Cocos Nucifera (Coconut) Oil*, Crambe Abyssinica (Abyssinian) Seed Oil, Panthenol, Sodium Hyaluronate, Linoleic Acid, Oleic Acid, Cocos Nucifera (Coconut) Fruit Extract*, Lavandula Angustifolia (Lavender) Oil, Palmitic Acid, Stearic Acid, Linolenic Acid, Sodium Benzoate, Tocopherol, Hexyl Cinnamal *ingredients from certified organic agriculture",https://www.watsons.co.id/id/naturals-by-watsons-coconut-nourishing-conditioner-490ml/p/BP_59970,4/17/2026
P771,Dove 1 Minute Super Conditioner - Intensive Hair Fall Treatment 170ml,DOVE,Conditioner,170ml,37.7,"Water, Cetearyl Alcohol, Behentrimonium Chloride, Dipropylene Glycol, Glycerin, Perfume, Dimethicone, Gluconolactone, Trehalose, Helianthus Annuus (Sunflower) Seed Oil, C10-40 Isoalkylamidopropylethyldimonium Ethosulfate, Sodium Sulfate, Tocopheryl Acetate, Argania Spinosa Kernel Oil, Cocos Nucifera (Coconut) Oil, Prunus Amygdalus Dulcis (Sweet Almond) Oil, Mineral Oil, Amodimethicone, Disodium EDTA, Phenoxyethanol, Cetrimonium Chloride, PEG-7 Propylheptyl Ether, Magnesium Nitrate, Cyclotetrasiloxane, Methylchloroisothiazolinone, Magnesium Chloride, Methylarachidic Acid, Methylisothiazolinone, Sodium Chloride, Acetic Acid",https://www.watsons.co.id/id/dove-dove-1-minute-super-conditioner-intensive-hair-fall-treatment-170ml/p/BP_70287,4/17/2026
P772,Rose Colour Protect Conditioner 490ml,NATURALS BY WATSONS,Conditioner,490ml,57.9,,https://www.watsons.co.id/id/naturals-by-watsons-rose-colour-protect-conditioner-490ml/p/BP_49595,4/17/2026
P773,Honey Repairing Treatment Conditioner 200Ml,WATSONS,Conditioner,200Ml,30.9,"Aqua (Water), Cetyl Alcohol, Stearyl Alcohol, Dimathicone",https://www.watsons.co.id/id/watsons-honey-repairing-treatment-conditioner-200ml/p/BP_26245,4/17/2026
P774,Conditioner Micellar Hairfall Control 135ml,DOVE,Conditioner,135ml,25.5,"Water, Cetearyl Alcohol, Behentrimonium Chloride, Glycerin, Dimethicone, Dipropylene Glycol, Perfume, Citric Acid, Amodimethicone, Sodium Benzoate, Disodium EDTA, Lactic Acid, PEG-7 Propylheptyl Ether, Phenoxyethanol, Cetrimonium Chloride, Ceramide NG, Zinc Sulfate Heptahydrate, Hydrolyzed Yeast Protein, Potassium Sorbate",https://www.watsons.co.id/id/dove-conditioner-micellar-hairfall-control-135ml/p/BP_64317,4/17/2026
P775,Color Shield Conditioner 250ml,CBD,Conditioner,250ml,50.5,,https://www.watsons.co.id/id/cbd-color-shield-conditioner-250ml/p/BP_48339,4/17/2026
P776,Ultimate Botanical Hair Oil 70ml,HAIR-SYSTEM,Hair Oil,70ml,54.9,"AQUA, GLYCERIN, STEARYL ALCOHOL, BEHENYL ALCOHOL, STEARTRIMONIUM CHLORIDE, SORBITOL, ISOPROPYL MYRISTATE, HYDROGENATED POLYDECENE, FRAGRANCE, ISOPROPYL ALCOHOL, AMODIMETHICONE, PHENOXYETHANOL, METHYLPARABEN, PPG-2-DECETH-12, LAURTRIMONIUM CHLORIDE, SQUALANE, CAMELLIA JAPONICA SEED OIL, POLYQUATERNIUM-11, LACTIC ACID, ASPARTIC ACID, CITRIC ACID, BUTYLENE GLYCOL, SODIUM DILAURAMIDOGLUTAMIDE LYSINE, PHYTOSTERYL/OCTYLDODECYL LAUROYL GLUTAMATE, PHYTOSTERYL MACADAMIATE, TAURINE, GLYCINE SOJA (SOYBEAN) SEED EXTRACT, TOCOPHEROL, HYDROXYPROPYL ARGININE LAURYL/MYRISTYL ETHER HCL, ALCOHOL. HIDE PROMOSI: (3) LESS 50% *Online and Standard Delivery Only - Buy 1 of any Watsons Personal Care, get free Sakatonik Gummy *Online and Standard Delivery only - min. purchase 100K of any Personal care, get free Deorex Body Spray Minisize Random PAYMENT & DELIVERY SEMBUNYIKAN Metode Pembayaran Untuk kenyamanan belanja online Anda di Watsons, kami menawarkan beberapa metode pembayaran berikut ini: Kartu Kredit / Kartu Debit, Transfer Bank, Cash on Delivery (COD), eWallet (GoPay, ShopeePay), Watsons Points, e-Kupon & e-Voucher tersedia bagi Anda untuk berbelanja online bersama kami! Shipping & Delivery Home Delivery. Jangka waktu pengiriman mengikuti estimasi jadwal pengiriman reguler: Area Jabodetabek: 1-2 hari kerja. Area Jawa, Bali, NTT, dan NTB: 2-6 hari kerja. Area Sumatera, Kalimantan, Sulawesi: 2 - 7 hari kerja. Area Maluku dan Papua: 3 - 12 hari kerja. Home Delivery Express. Metode pengiriman di mana barang dipesan secara online dan diantarkan langsung ke rumah Anda hanya dalam waktu 2 jam atau kurang. Click & Collect Express. Metode pengiriman barang yang dipesan secara online dan diambil di toko, dan Anda dapat datang ke toko untuk mengambil pesanan. Kebijakan Pengembalian & Pengembalian Dana Untuk meminta pengembalian atau pengembalian dana, silakan isi pertanyaan riwayat pesanan dengan memilih kategori pengembalian & pengembalian dana. Jika Anda membutuhkan bantuan lebih lanjut, silakan hubungi Live Chat atau Hotline Layanan Pelanggan kami di +62 21 30022833 (08.30 - 17.30 WIB) dan email ke customerservice@watsons.co.id. ULASAN 5.0 5 0 0 0 0 5 Ulasan TULIS ULASAN Semua Terbaru Penilaian & ulasan yang bermanfaat Qonita Tata 20/01/2026 Vitamin rambut yang gacor.. halus banget buat rambut Suka Balas Bagikan Qonita Tata 20/01/2026 Bagus banget.enak. bikin halus Suka Balas Bagikan",https://www.watsons.co.id/id/hair-system-ultimate-botanical-hair-oil-70ml/p/BP_44667,4/18/2026
P777,Hair Energy Scensations Blue Coast 100 ml,MAKARIZO,,100 ml,29.9,"Water, Cetearyl Alcohol, Glycerin, Behentrimonium Chloride, Dimethicone, Stearamidopropyl Dimethylamine Lactate, Phenoxyethanol, Glyceryl Stearate, Isopropyl Alcohol, Sodium Benzoate, Fragrance, Hydroxypropyl Guar Hydroxypropyltrimonium Chloride, C12-15 Pareth-3, Lactic Acid, Cocamidopropyl Betaine, Guar Hydroxypropyltrimonium Chloride, Ethylhexylglycerin, Citric Acid, Disodium EDTA, Olea Europaea (Olive) Fruit Oil, Hyaluronic Acid, Squalane, Simmondsia Chinensis (Jojoba) Seed Oil, Limnanthes Alba (Meadowfoam) Seed Oil, Honey Extract.",https://www.watsons.co.id/id/makarizo-hair-energy-scensations-blue-coast-100-ml/p/BP_73146,4/18/2026
P778,Professional Keratin Pro Daily Use Hair Mask Sachet 35g,CBD,Hair Mask,35g,10.6,,https://www.watsons.co.id/id/cbd-professional-keratin-pro-daily-use-hair-mask-sachet-35g/p/BP_48354,4/18/2026
P779,CBD Keratin Pro Daily Hair Vitamin Spray 100Ml,CBD,Hair Vitamin,100Ml,69.5,"aqua, Argania Spinosa Kernel Oil, asparagopsis armata extract, behentrimonium chloride, bis-behenyl/isostearyl/phytosteryl dimer dilinoleyl dimerdilinoleate, butylene glycol, caramel, carapa guaianensis seed oil, ceramide 5, cetearyl alcohol, cetrimonium chloride, chamomilla recutita flower extract, chenopodium quinoa seed oil, dicocodimonium chloride dimethicone, ethylhexyl palmitate, glucose, glucosyl hesperidin, glycerin, glyceryl tri-hydrogenated rosinate, glycerylamidoethyl methacrylate/stearyl methacrylate, copolymer, hydrogenated lecithin, hydrolyzed keratin, hydrolyzed rice protein, hydrolyzed silk, hydrolyzed silk pg-propyl methylsilanediol, isomalt, isopropyl alcohol, o-cymen-5-ol, pca ethyl cocoyl arginate, polyquaternium-10 propanediol, propylene glycol, prunus domestica seed extract, quaternium-18, quaternium-33, sclerocarya birrea seed oil, sodium hyaluronate, sodium lactate, sorbitol, spiraea ulmaria flower extract, theobroma grandiflorum seed butter, ubiquinone, Amodimethicone, Disodium EDTA, Ceramide AP, Ceramide NP, Ceramide EOP Tocopherol, Phytosteryl/Octyldodecyl Lauroyl Glutamate, Ceramide NG, Pisum Sativum Sprout Extract, Gamma-Docosalactone, Pouteria Sapota Seed Oil",https://www.watsons.co.id/id/cbd-cbd-keratin-pro-daily-hair-vitamin-spray-100ml/p/BP_35468,4/18/2026
P780,Makarizo Vitaglitz Hair Serum Strength Booster 8ml,MAKARIZO,Hair Serum,8ml,19.5,"Water, Cyclopentasiloxane, Phenyl Trimethicone, Glycerin, Dimethicone, Perfume, Citric Acid, Sodium Benzoate, PEG/PPG-18/18 Dimethicone, Cetrimonium Chloride, Polyquaternium-16, Disodium EDTA, Benzophenone-4, Panthenol, Tocopheryl Acetate, Niacinamide.",https://www.watsons.co.id/id/makarizo-makarizo-vitaglitz-hair-serum-strength-booster-8ml/p/BP_29519,4/18/2026
P781,HairGrow Hair Fall Protection Serum 7'S @ 8ml (Box),ERHA,,8ml,268,,https://www.watsons.co.id/id/erha-hairgrow-hair-fall-protection-serum-7-s-8ml-box/p/BP_60920,4/18/2026
P782,Tresemme Color VIbrancy Hair Serum 100ml,TRESEMME,Hair Serum,100ml,135,,https://www.watsons.co.id/id/tresemme-tresemme-color-vibrancy-hair-serum-100ml/p/BP_39813,4/18/2026
P783,Wonderlux Calm it Down! Sensitive & Dry Care Scalp Serum 75ml,WONDERLUX,Scalp Serum,75ml,137,"aqua, Lactobacillus ferment, BUTYLENE GLYCOL, Lactococcus ferment, Saccharomyces ferment, PROPANEDIOL Maltodextrin, Panthenol, chlorphenesin, Phenoxyethanol, Polyacrylate Crosspolymer-6, madecassoside, Propylene Glycol, 1,2-hexanediol schinus terebinthifolius seed extract, glycerin, pelvetia canaliculata extract, pogostemon cablin leaf extract, Aloe Barbadensis Extract, Laminaria Digitata Extract, ceramide 3, Glycine, SERINE, Glutamic Acid, Aspartic Acid, Leucine, Alanine, Lysine, Arginine, Tyrosine, Phenylalanine, Threonine, Proline, Valine, Isoleucine, histidine",https://www.watsons.co.id/id/wonderlux-wonderlux-calm-it-down-sensitive-dry-care-scalp-serum-75ml/p/BP_39914,4/18/2026
P784,Color Shield Hair Mask 250ml,CBD,Hair Mask,250ml,71.5,,https://www.watsons.co.id/id/cbd-color-shield-hair-mask-250ml/p/BP_48350,4/18/2026
P785,Tsubaki Premium Volume & Repair Treatment 160g,TSUBAKI,Conditioner,160g,72.5,"AQUA, GLYCERIN, STEARYL ALCOHOL, BEHENYL ALCOHOL, STEARTRIMONIUM CHLORIDE, SORBITOL, ISOPROPYL MYRISTATE, HYDROGENATED POLYDECENE, FRAGRANCE, ISOPROPYL ALCOHOL, AMODIMETHICONE, PHENOXYETHANOL, METHYLPARABEN, PPG-2-DECETH-12, LAURTRIMONIUM CHLORIDE, SQUALANE, CAMELLIA JAPONICA SEED OIL, POLYQUATERNIUM-11, LACTIC ACID, ASPARTIC ACID, CITRIC ACID, BUTYLENE GLYCOL, SODIUM DILAURAMIDOGLUTAMIDE LYSINE, PHYTOSTERYL/OCTYLDODECYL LAUROYL GLUTAMATE, PHYTOSTERYL MACADAMIATE, TAURINE, GLYCINE SOJA (SOYBEAN) SEED EXTRACT, TOCOPHEROL, HYDROXYPROPYL ARGININE LAURYL/MYRISTYL ETHER HCL, ALCOHOL.",https://www.watsons.co.id/id/tsubaki-tsubaki-premium-volume-repair-treatment-160g/p/BP_45150,4/18/2026
P786,Natur Hair Vit Alovera Vit B5 80ml,NATUR,Hair Vitamin,80ml,34.5,,https://www.watsons.co.id/id/natur-natur-hair-vit-alovera-vit-b5-80ml/p/BP_73918,4/18/2026
P787,Ultimate Hair Oil 70ml,HAIR-SYSTEM,Hair Oil,70ml,54.9,"AQUA, GLYCERIN, STEARYL ALCOHOL, BEHENYL ALCOHOL, STEARTRIMONIUM CHLORIDE, SORBITOL, ISOPROPYL MYRISTATE, HYDROGENATED POLYDECENE, FRAGRANCE, ISOPROPYL ALCOHOL, AMODIMETHICONE, PHENOXYETHANOL, METHYLPARABEN, PPG-2-DECETH-12, LAURTRIMONIUM CHLORIDE, SQUALANE, CAMELLIA JAPONICA SEED OIL, POLYQUATERNIUM-11, LACTIC ACID, ASPARTIC ACID, CITRIC ACID, BUTYLENE GLYCOL, SODIUM DILAURAMIDOGLUTAMIDE LYSINE, PHYTOSTERYL/OCTYLDODECYL LAUROYL GLUTAMATE, PHYTOSTERYL MACADAMIATE, TAURINE, GLYCINE SOJA (SOYBEAN) SEED EXTRACT, TOCOPHEROL, HYDROXYPROPYL ARGININE LAURYL/MYRISTYL ETHER HCL, ALCOHOL. HIDE PROMOSI: (3) LESS 50% *Online and Standard Delivery Only - Buy 1 of any Watsons Personal Care, get free Sakatonik Gummy *Online and Standard Delivery only - min. purchase 100K of any Personal care, get free Deorex Body Spray Minisize Random PAYMENT & DELIVERY SEMBUNYIKAN Metode Pembayaran Untuk kenyamanan belanja online Anda di Watsons, kami menawarkan beberapa metode pembayaran berikut ini: Kartu Kredit / Kartu Debit, Transfer Bank, Cash on Delivery (COD), eWallet (GoPay, ShopeePay), Watsons Points, e-Kupon & e-Voucher tersedia bagi Anda untuk berbelanja online bersama kami! Shipping & Delivery Home Delivery. Jangka waktu pengiriman mengikuti estimasi jadwal pengiriman reguler: Area Jabodetabek: 1-2 hari kerja. Area Jawa, Bali, NTT, dan NTB: 2-6 hari kerja. Area Sumatera, Kalimantan, Sulawesi: 2 - 7 hari kerja. Area Maluku dan Papua: 3 - 12 hari kerja. Home Delivery Express. Metode pengiriman di mana barang dipesan secara online dan diantarkan langsung ke rumah Anda hanya dalam waktu 2 jam atau kurang. Click & Collect Express. Metode pengiriman barang yang dipesan secara online dan diambil di toko, dan Anda dapat datang ke toko untuk mengambil pesanan. Kebijakan Pengembalian & Pengembalian Dana Untuk meminta pengembalian atau pengembalian dana, silakan isi pertanyaan riwayat pesanan dengan memilih kategori pengembalian & pengembalian dana. Jika Anda membutuhkan bantuan lebih lanjut, silakan hubungi Live Chat atau Hotline Layanan Pelanggan kami di +62 21 30022833 (08.30 - 17.30 WIB) dan email ke customerservice@watsons.co.id. ULASAN 5.0 6 0 0 0 0 6 Ulasan TULIS ULASAN Semua Terbaru Penilaian & ulasan yang bermanfaat Yunnike Indryandana 1 bulan lalu wanginya enakkkk seger dan manis, tapi pakenya dikit aja soalnya bisa bikin lepek kalo terlalu banyakk. sejauh ini cuma wangi dan bikin volume rambut lebih naik aja sih kelebihannya Suka Balas Bagikan widya rosalia 18/01/2026 Reviewnya bagus jadi saya mau coba. Kalo lihat dari kemasan keliatan berkualitas. Semoga cocok jadi bisa beli lagi di Watson. Suka Balas Bagikan",https://www.watsons.co.id/id/hair-system-ultimate-hair-oil-70ml/p/BP_44670,4/18/2026
P788,Hair Vitamin Milkshakes 5In1 45ml,ELLIPS,Hair Vitamin,45ml,57,,https://www.watsons.co.id/id/ellips-hair-vitamin-milkshakes-5in1-45ml/p/BP_27104,4/18/2026
P789,Hair Vitamin Smooth&Shine Blister,ELLIPS,Hair Vitamin,,16,"AQUA / WATER, SODIUM LAURETH SULFATE, COCO-BETAINE, COCAMIDE MIPA, SODIUM CHLORIDE, CI 17200 / RED 33, COCOS NUCIFERA OIL / COCONUT OIL, LACTIC ACID, TOCOPHEROL, SODIUM BENZOATE, HYDROXYCITRONELLAL, HYDROLYZED SILKSODIUM ACETATESODIUM HYDROXIDE, PPG-5-CETETH-20, PEG-55 PROPYLENE GLYCOL OLEATE, POLYQUATERNIUM-10, SALICYLIC ACID, BENZYL SALICYLATE, BENZYL ALCOHOL, LINALOOL, LINUM USITATISSIMUM, FLOWEREXTRACT /LINSEED FLOWER EXTRACT, AMODIMETHICONE, PROPYLENE GLYCOL, ISOPROPYL ALCOHOL, CAPRYLIC/CAPRIC TRIGLYCERIDE, GERANIOL, GARDENIA TAHITENSIS FLOWER EXTRACT, ROSA CANINA FLOWER EXTRACT, DISODIUM EDTA, CITRIC ACID, CITRONELLOL,LAURETH-5 CARBOXYLIC ACID, HEXYL CINNAMAL, GLYCOLIC ACID, PARFUM / FRAGRANCE",https://www.watsons.co.id/id/ellips-hair-vitamin-smooth-shine-blister/p/BP_41335,4/18/2026
P790,So So So Smooth Hair Mask 180g,LAVOJOY,Hair Mask,180g,65,"Water, Cetearyl Alcohol, Glycerin, Behentrimonium Chloride, Dimethicone, Stearamidopropyl Dimethylamine Lactate, Phenoxyethanol, Glyceryl Stearate, Isopropyl Alcohol, Sodium Benzoate, Fragrance, Hydroxypropyl Guar Hydroxypropyltrimonium Chloride, C12-15 Pareth-3, Lactic Acid, Cocamidopropyl Betaine, Guar Hydroxypropyltrimonium Chloride, Ethylhexylglycerin, Citric Acid, Disodium EDTA, Olea Europaea (Olive) Fruit Oil, Hyaluronic Acid, Squalane, Simmondsia Chinensis (Jojoba) Seed Oil, Limnanthes Alba (Meadowfoam) Seed Oil, Honey Extract.",https://www.watsons.co.id/id/lavojoy-so-so-so-smooth-hair-mask-180g/p/BP_44814,4/18/2026
P791,Hair Spray Non Aerosol Super Strong New 200ml,RUDY HADISUWARNO,,200ml,48.6,"Ginseng Extract, Panthenol / Provit. B5, UV Protection, Hair Fixative",https://www.watsons.co.id/id/rudy-hadisuwarno-hair-spray-non-aerosol-super-strong-new-200ml/p/BP_61456,4/18/2026
P792,Emeron Hair Vitamin Black & Shinee,EMERON,Hair Vitamin,,8.5,,https://www.watsons.co.id/id/emeron-emeron-hair-vitamin-black-shinee/p/BP_36583,4/18/2026
P793,Hair Vitamin Hair Treatment Jar 50s,ELLIPS,Hair Vitamin,,108,"AQUA, GLYCERIN, STEARYL ALCOHOL, BEHENYL ALCOHOL, STEARTRIMONIUM CHLORIDE, SORBITOL, ISOPROPYL MYRISTATE, HYDROGENATED POLYDECENE, FRAGRANCE, ISOPROPYL ALCOHOL, AMODIMETHICONE, PHENOXYETHANOL, METHYLPARABEN, PPG-2-DECETH-12, LAURTRIMONIUM CHLORIDE, SQUALANE, CAMELLIA JAPONICA SEED OIL, POLYQUATERNIUM-11, LACTIC ACID, ASPARTIC ACID, CITRIC ACID, BUTYLENE GLYCOL, SODIUM DILAURAMIDOGLUTAMIDE LYSINE, PHYTOSTERYL/OCTYLDODECYL LAUROYL GLUTAMATE, PHYTOSTERYL MACADAMIATE, TAURINE, GLYCINE SOJA (SOYBEAN) SEED EXTRACT, TOCOPHEROL, HYDROXYPROPYL ARGININE LAURYL/MYRISTYL ETHER HCL, ALCOHOL.",https://www.watsons.co.id/id/ellips-hair-vitamin-hair-treatment-jar-50s/p/BP_41390,4/18/2026
P794,Bio+Peptide Complex Tonic 100ml,CBD,,100ml,55,,https://www.watsons.co.id/id/cbd-bio-peptide-complex-tonic-100ml/p/BP_48348,4/18/2026
P795,Hair Energy Easy Straight Medium 120ml,MAKARIZO,,120ml,49.4,,https://www.watsons.co.id/id/makarizo-hair-energy-easy-straight-medium-120ml/p/BP_73914,4/18/2026
P796,Wonderlux Ready Set Smooth! Hair Perfecting Oil 75ml,WONDERLUX,,75ml,127,,https://www.watsons.co.id/id/wonderlux-wonderlux-ready-set-smooth-hair-perfecting-oil-75ml/p/BP_39910,4/18/2026
P797,Makarizo Hair Energy Vitaglitz Hair Serum Royal Jelly 6'S,MAKARIZO,Hair Serum,,16.7,"AQUA / WATER, SODIUM LAURETH SULFATE, COCO-BETAINE, COCAMIDE MIPA, SODIUM CHLORIDE, CI 17200 / RED 33, COCOS NUCIFERA OIL / COCONUT OIL, LACTIC ACID, TOCOPHEROL, SODIUM BENZOATE, HYDROXYCITRONELLAL, HYDROLYZED SILKSODIUM ACETATESODIUM HYDROXIDE, PPG-5-CETETH-20, PEG-55 PROPYLENE GLYCOL OLEATE, POLYQUATERNIUM-10, SALICYLIC ACID, BENZYL SALICYLATE, BENZYL ALCOHOL, LINALOOL, LINUM USITATISSIMUM, FLOWEREXTRACT /LINSEED FLOWER EXTRACT, AMODIMETHICONE, PROPYLENE GLYCOL, ISOPROPYL ALCOHOL, CAPRYLIC/CAPRIC TRIGLYCERIDE, GERANIOL, GARDENIA TAHITENSIS FLOWER EXTRACT, ROSA CANINA FLOWER EXTRACT, DISODIUM EDTA, CITRIC ACID, CITRONELLOL,LAURETH-5 CARBOXYLIC ACID, HEXYL CINNAMAL, GLYCOLIC ACID, PARFUM / FRAGRANCE",https://www.watsons.co.id/id/makarizo-makarizo-hair-energy-vitaglitz-hair-serum-royal-jelly-6-s/p/BP_72688,4/18/2026
P798,Keratin Smooth Keratinbond+ No 4 Hair Serum 30ml,TRESEMME,Hair Serum,30ml,74.5,,https://www.watsons.co.id/id/tresemme-keratin-smooth-keratinbond-no-4-hair-serum-30ml/p/BP_51930,4/18/2026
P799,Tresemme Hair Mask Keratin Smooth Treatment 30g,TRESEMME,Hair Mask,30g,7.5,"Water, Cetearyl Alcohol, Behentrimonium Chloride, Dimethicone, Dipropylene Glycol, Glycerin, Perfume, Cetyl Palmitate, Amodimethicone, Gluconolactone, Trehalose, Disodium EDTA, Phenoxyethanol, PEG-7 Propylheptyl Ether, Cetrimonium Chloride, Magnesium Nitrate, Helianthus Annuus (Sunflower) Seed Oil, Sodium Sulfate, Hydrolyzed Keratin, Lactic Acid, Methylchloroisothiazolinone, Methylisothiazolinone.",https://www.watsons.co.id/id/tresemme-tresemme-hair-mask-keratin-smooth-treatment-30g/p/BP_45018,4/18/2026
P800,Elseve Glycolic Gloss Acidifer 100ml,L'OREAL,,100ml,124.9,"1260600 PT1 - INGREDIENTS: AQUA / WATER / EAU, CETEARYL ALCOHOL, DIMETHICONE, GLYCERIN, BEHENTRIMONIUM CHLORIDE, PARFUM / FRAGRANCE, AMODIMETHICONE, PHENOXYETHANOL, CETRIMONIUM CHLORIDE, ISOPROPYL ALCOHOL, SODIUM LAURETH SULFATE, LACTIC ACID, HEXYL CINNAMAL, LINALOOL, LIMONENE, HYDROXYCITRONELLAL, SODIUM HYDROXIDE, GLYCOLIC ACID (F.I.L. T70054738/1).",https://www.watsons.co.id/id/l-oreal-elseve-glycolic-gloss-acidifer-100ml/p/BP_61193,4/18/2026
P801,&Honey Deep Moist Treatment 2.0 445g,AND HONEY,Conditioner,445g,239,"Aqua (Water), Cetyl Alcohol, Cocamide MEA, Cetrimonium Chloride",https://www.watsons.co.id/id/and-honey-honey-deep-moist-treatment-2.0-445g/p/BP_51701,4/18/2026
P802,Color Shield Intense Serum Spray 100ml,CBD,Hair Serum,100ml,71.5,,https://www.watsons.co.id/id/cbd-color-shield-intense-serum-spray-100ml/p/BP_48341,4/18/2026
P803,Hair Recovery Pump 50ml,MAKARIZO,,50ml,69.7,"Water, Cyclopentasiloxane, Phenyl Trimethicone, Glycerin, Dimethicone, Perfume, Citric Acid, Sodium Benzoate, PEG/PPG-18/18 Dimethicone, Cetrimonium Chloride, Polyquaternium-16, Disodium EDTA, Benzophenone-4, Panthenol, Tocopheryl Acetate, Niacinamide.",https://www.watsons.co.id/id/makarizo-hair-recovery-pump-50ml/p/BP_45180,4/18/2026
P804,Lavojoy Hold Me Tight Pro Scalp Essence 60ml,LAVOJOY,Scalp Serum,60ml,121.9,"Water, Glycerin, Propylene Glycol, Butylene Glycol, PEG-40 Hydrogenated Castor Oil, Phenoxyethanol, Hydroxyacetophenone, Zingiber Officinale (Ginger) Root Extract, Anemarrhena Asphodeloides Root Extract, Panax Ginseng Root Extract, Disodium EDTA, Fragrance, Ethylhexylglycerin, Niacinamide, Caffeine, Angelica Polymorpha Sinensis Root Extract, Biota Orientalis Leaf Extract, Polygonum Multiflorum Root Extract, 1,2-Hexanediol, Caprylyl Glycol, Yeast Extract, Aesculus Hippocastanum (Horse Chestnut) Seed Extract, Cyclodextrin, Arginine, Ammonium Glycyrrhizate, Chlorphenesin, Panthenol, Zinc Gluconate, Sodium Citrate, Citric Acid, Biotin, Chrysin, Oleanolic Acid, Palmitoyl Tripeptide-1, Oxothiazolidinecarboxylic Acid, Diaminopyrimidine Oxide. Width 4.5 Height 14.2 Depth 4.5 BANDINGKAN DENGAN PRODUK SERUPA Harga Ukuran kemasan Rating Produk Asal Bahan Produk ini",https://www.watsons.co.id/id/lavojoy-lavojoy-hold-me-tight-pro-scalp-essence-60ml/p/BP_38285,4/18/2026
P805,Sasha Hair Creambath Royal Jelly 30g (Sachet),SASHA,Creambath,30g,7.4,"Aqua, Stearyl Alcohol, Behentrimonium Chloride, Cetyl Alcohol, Dimethicone, Fragrance, Amodimethicone, Phenoxyethanol, Royal Jelly Extract, Isopropyl Alcohol, Dimethiconol, Betaine, Hydroxyethylcellulose, Chlorphenesin, Trideceth-12, Disodium EDTA, Lactic Acid, Sodium Nitrate, Cetrimonium Chloride, Citric Acid, Sodium Benzoate, CI 19140, Glyoxal, CI 17200.",https://www.watsons.co.id/id/sasha-sasha-hair-creambath-royal-jelly-30g-sachet/p/BP_45179,4/18/2026
P806,Honey Repairing Treatment Wax 500Ml,WATSONS,Hair Mask,500Ml,34.9,"Aqua (Water), Cetyl Alcohol, Cocamide MEA, Cetrimonium Chloride",https://www.watsons.co.id/id/watsons-honey-repairing-treatment-wax-500ml/p/BP_26252,4/18/2026
P807,L'Oreal Elseve Hyaluron Moisture Hydra Filling Night Cream 150ml,L'OREAL,,150ml,91.5,,https://www.watsons.co.id/id/l-oreal-l-oreal-elseve-hyaluron-moisture-hydra-filling-night-cream-150ml/p/BP_29755,4/18/2026
P808,HairGrow Hair Tonic Strengthen & Nourish Hair Biotin Keratin 60ml,ERHA,Hair Tonic,60ml,148.5,,https://www.watsons.co.id/id/erha-hairgrow-hair-tonic-strengthen-nourish-hair-biotin-keratin-60ml/p/BP_60909,4/18/2026
P809,Figo Hair Boost Fragrance Love Blooms 100ml,CBD,Hair Mist,100ml,25,,https://www.watsons.co.id/id/cbd-figo-hair-boost-fragrance-love-blooms-100ml/p/BP_48342,4/18/2026
P810,Elseve Extraordinary Oil Mask 250ml,L'OREAL,,250ml,170.5,,https://www.watsons.co.id/id/l-oreal-elseve-extraordinary-oil-mask-250ml/p/BP_61190,4/18/2026
P811,Mylea Ginseng Hair Mask 25g,MYLEA,Hair Mask,25g,12.9,"Water, Cetearyl Alcohol, Glycerin, Behentrimonium Chloride, Dimethicone, Stearamidopropyl Dimethylamine Lactate, Phenoxyethanol, Glyceryl Stearate, Isopropyl Alcohol, Sodium Benzoate, Fragrance, Hydroxypropyl Guar Hydroxypropyltrimonium Chloride, C12-15 Pareth-3, Lactic Acid, Cocamidopropyl Betaine, Guar Hydroxypropyltrimonium Chloride, Ethylhexylglycerin, Citric Acid, Disodium EDTA, Olea Europaea (Olive) Fruit Oil, Hyaluronic Acid, Squalane, Simmondsia Chinensis (Jojoba) Seed Oil, Limnanthes Alba (Meadowfoam) Seed Oil, Honey Extract.",https://www.watsons.co.id/id/mylea-mylea-ginseng-hair-mask-25g/p/BP_37465,4/18/2026
P812,Figo Hair Boost Fragrance Aqua Glow 100ml,CBD,Hair Mist,100ml,25,,https://www.watsons.co.id/id/cbd-figo-hair-boost-fragrance-aqua-glow-100ml/p/BP_48344,4/18/2026
P813,Hair Vitamin Nutri Color Blister 6S,ELLIPS,Hair Vitamin,,16,,https://www.watsons.co.id/id/ellips-hair-vitamin-nutri-color-blister-6s/p/BP_94914,4/18/2026
P814,Hair Vitamin Shiny Black Blister,ELLIPS,Hair Vitamin,,16,"Aqua Cetearyl Alcohol Dimethicone Dimethiconol Cetyl Esters Amodimethicone Trideceth12 Cetrimonium Chloride Cyclopentasiloxane Cyclotetrasiloxane Hexadecyl Dimethylamine Methyl Alcohol Steartrimonium Chloride Isopropyl Alcohol Potato Starch Modified Fragrance Phenoxyethanol Methylparaben Ethylparaben Butylparaben Propylparaben Lactic Acid Panthenol Soybean Glycine Soja Oil Aloe Barbadensis Leaf Oil Tocopheryl Acetate Petinyl Palmitate Ascorbyl Palmitate PROMOSI: (3) BUY 2 25K *Online and Standard Delivery Only - Buy 1 of any Watsons Personal Care, get free Sakatonik Gummy *Online and Standard Delivery only - min. purchase 100K of any Personal care, get free Deorex Body Spray Minisize Random PAYMENT & DELIVERY SEMBUNYIKAN Metode Pembayaran Untuk kenyamanan belanja online Anda di Watsons, kami menawarkan beberapa metode pembayaran berikut ini: Kartu Kredit / Kartu Debit, Transfer Bank, Cash on Delivery (COD), eWallet (GoPay, ShopeePay), Watsons Points, e-Kupon & e-Voucher tersedia bagi Anda untuk berbelanja online bersama kami! Shipping & Delivery Home Delivery. Jangka waktu pengiriman mengikuti estimasi jadwal pengiriman reguler: Area Jabodetabek: 1-2 hari kerja. Area Jawa, Bali, NTT, dan NTB: 2-6 hari kerja. Area Sumatera, Kalimantan, Sulawesi: 2 - 7 hari kerja. Area Maluku dan Papua: 3 - 12 hari kerja. Home Delivery Express. Metode pengiriman di mana barang dipesan secara online dan diantarkan langsung ke rumah Anda hanya dalam waktu 2 jam atau kurang. Click & Collect Express. Metode pengiriman barang yang dipesan secara online dan diambil di toko, dan Anda dapat datang ke toko untuk mengambil pesanan. Kebijakan Pengembalian & Pengembalian Dana Untuk meminta pengembalian atau pengembalian dana, silakan isi pertanyaan riwayat pesanan dengan memilih kategori pengembalian & pengembalian dana. Jika Anda membutuhkan bantuan lebih lanjut, silakan hubungi Live Chat atau Hotline Layanan Pelanggan kami di +62 21 30022833 (08.30 - 17.30 WIB) dan email ke customerservice@watsons.co.id. BELI SEKALIGUS Tambahkan ke Keranjang (20) Rp16.000 ULASAN 4.9 12 1 0 0 0 13 Ulasan TULIS ULASAN Semua Terbaru Penilaian & ulasan yang bermanfaat Ardi Bayu 29/11/2025 Barang ini memiliki kualitas yang bagus dengan isi yang sesuai dengan kemasan, harga cukup terjangkau, pengiriman cepat dan aman, packing juga rapi, exp date produk lama, sudah bersertifikasi halal dan BPOM, Terima kasih Suka Balas Bagikan Siti Adawiyah 17/08/2025 Harga murah,pick up nya gampang banget. Kualitas produk juga bagus pastinya. Suka Balas Bagikan",https://www.watsons.co.id/id/ellips-hair-vitamin-shiny-black-blister/p/BP_46253,4/18/2026
P815,Hair Vitamin Hair Repair Blister 6s,ELLIPS,Hair Vitamin,,16,"AQUA, GLYCERIN, STEARYL ALCOHOL, BEHENYL ALCOHOL, STEARTRIMONIUM CHLORIDE, SORBITOL, ISOPROPYL MYRISTATE, HYDROGENATED POLYDECENE, FRAGRANCE, ISOPROPYL ALCOHOL, AMODIMETHICONE, PHENOXYETHANOL, METHYLPARABEN, PPG-2-DECETH-12, LAURTRIMONIUM CHLORIDE, SQUALANE, CAMELLIA JAPONICA SEED OIL, POLYQUATERNIUM-11, LACTIC ACID, ASPARTIC ACID, CITRIC ACID, BUTYLENE GLYCOL, SODIUM DILAURAMIDOGLUTAMIDE LYSINE, PHYTOSTERYL/OCTYLDODECYL LAUROYL GLUTAMATE, PHYTOSTERYL MACADAMIATE, TAURINE, GLYCINE SOJA (SOYBEAN) SEED EXTRACT, TOCOPHEROL, HYDROXYPROPYL ARGININE LAURYL/MYRISTYL ETHER HCL, ALCOHOL.",https://www.watsons.co.id/id/ellips-hair-vitamin-hair-repair-blister-6s/p/BP_71764,4/18/2026
P816,XL Hair Smoothie Mask Peach & Kiwi 25g,XL PROFESSIONNEL,Hair Mask,25g,10.6,,https://www.watsons.co.id/id/xl-professionnel-xl-hair-smoothie-mask-peach-kiwi-25g/p/BP_71363,4/18/2026
P817,Hair Vitamin Hair Treatment - Woody & Bobeep 30'S,ELLIPS,Hair Vitamin,,71.5,,https://www.watsons.co.id/id/ellips-hair-vitamin-hair-treatment-woody-bobeep-30-s/p/BP_61716,4/18/2026
P818,Collagen Repair Hair Mask 250ml,CBD,Hair Mask,250ml,61.9,,https://www.watsons.co.id/id/cbd-collagen-repair-hair-mask-250ml/p/BP_48349,4/18/2026
P819,HairGrow Hairfall Protection Moisturizer 200ml,ERHA,,200ml,114.5,,https://www.watsons.co.id/id/erha-hairgrow-hairfall-protection-moisturizer-200ml/p/BP_60913,4/18/2026
P820,Ginseng Hair Tonic 200 ml,MYLEA,Hair Tonic,200 ml,71.3,,https://www.watsons.co.id/id/mylea-ginseng-hair-tonic-200-ml/p/BP_72455,4/18/2026
P821,Natur Hair Tonic Ginseng 90ml & Shampoo Aloe Vera 80ml Banded,NATUR,Hair Tonic,90ml,50,,https://www.watsons.co.id/id/natur-natur-hair-tonic-ginseng-90ml-shampoo-aloe-vera-80ml-banded/p/BP_43207,4/18/2026
P822,Professionnel Hair Serum Invigorating 125ml,XL PROFESSIONNEL,Hair Serum,125ml,132,,https://www.watsons.co.id/id/xl-professionnel-professionnel-hair-serum-invigorating-125ml/p/BP_48505,4/18/2026
P823,Natur Hair Tonic Aloevera 90ml,NATUR,Hair Tonic,90ml,39,"Water, Glycerin, Propylene Glycol, Butylene Glycol, PEG-40 Hydrogenated Castor Oil, Phenoxyethanol, Hydroxyacetophenone, Zingiber Officinale (Ginger) Root Extract, Anemarrhena Asphodeloides Root Extract, Panax Ginseng Root Extract, Disodium EDTA, Fragrance, Ethylhexylglycerin, Niacinamide, Caffeine, Angelica Polymorpha Sinensis Root Extract, Biota Orientalis Leaf Extract, Polygonum Multiflorum Root Extract, 1,2-Hexanediol, Caprylyl Glycol, Yeast Extract, Aesculus Hippocastanum (Horse Chestnut) Seed Extract, Cyclodextrin, Arginine, Ammonium Glycyrrhizate, Chlorphenesin, Panthenol, Zinc Gluconate, Sodium Citrate, Citric Acid, Biotin, Chrysin, Oleanolic Acid, Palmitoyl Tripeptide-1, Oxothiazolidinecarboxylic Acid, Diaminopyrimidine Oxide.",https://www.watsons.co.id/id/natur-natur-hair-tonic-aloevera-90ml/p/BP_73552,4/18/2026
P824,Wonderlux Instant Showstopper! Hair Perfecting Oil 75ml,WONDERLUX,,75ml,148,,https://www.watsons.co.id/id/wonderlux-wonderlux-instant-showstopper-hair-perfecting-oil-75ml/p/BP_39909,4/18/2026
P825,Powershot Creambath Silky Gloss 180g,SUNSILK,Creambath,180g,40.9,"Water, Cetearyl Alcohol, Behentrimonium Chloride, Perfume, Dimethicone, Dipropylene Glycol, Lactic Acid, Amodimethicone, Sodium Benzoate, Disodium EDTA, Helianthus Annuus (Sunflower) Seed Oil, Phenoxyethanol, PEG-7 Propylheptyl Ether, Cetrimonium Chloride, Ceramide NG, Sodium Ascorbyl Phosphate, Hydrolyzed Collagen.",https://www.watsons.co.id/id/sunsilk-powershot-creambath-silky-gloss-180g/p/BP_59207,4/18/2026
P826,Nature Republic Black Bean Anti Hair Loss Treatment 200ml,NATURE REPUBLIC,,200ml,300,,https://www.watsons.co.id/id/nature-republic-nature-republic-black-bean-anti-hair-loss-treatment-200ml/p/BP_41383,4/18/2026
P827,Lucido-L Hair Vitamin Oil for Damaged 200ml,LUCIDO L,Hair Vitamin,200ml,50.6,,https://www.watsons.co.id/id/lucido-l-lucido-l-hair-vitamin-oil-for-damaged-200ml/p/BP_71026,4/18/2026
P828,Extra Moist and Shine Treatment 450ml,MOIST DIANE,,450ml,137.9,"aqua, cetearyl alcohol, dimethicone, Steartrimonium Chloride, Fragrance, Phenoxyethanol, bis-behenyl/isostearyl/phytosteryl dimer dilinoleyl dimer dilinoleate, ethylhexyl palmitate, hydrogenated castor oil isostearate, ricinus communis seed oil, Isopropyl Alcohol, cetrimonium chloride, glucose, hydroxyethylcellulose, Dimethiconol, glyceryl tri-hydrogenated rosinate, dicocodimonium chloride, Disodium EDTA, caramel, Lactic Acid, dipentaerythrityl hexahydroxystearate/hexastearate/hexarosinate, o-cymen-5-ol, sodium lactate, Coconut (Cocos Nucifera) Oil, Pouteria Sapota Seed Oil, Propylene Glycol, CETEARAMIDOETHYL DIETHONIUM HYDROLYZED RICE PROTEIN, butylene glycol, Glycerin, Tocopherol, Mango (Mangifera Indica) Seed Oil, adansonia digitata seed oil, carapa guaianensis seed oil, prunus domestica seed extract, sclerocarya birrea seed oil, theobroma grandiflorum seed butter, hydrolyzed keratin, hydrolyzed hyaluronic acid, propanediol, C12-13 Alkyl Glyceryl Hydrolyzed Hyaluronate, locust bean hydroxypropyltrimonium chloride, trigonella foenum-graecum hydroxypropyltrimonium chloride, quaternium-18, Argania Spinosa Kernel Oil, hydrogenated apricot kernel oil, hydrogenated argania spinosa kernel oil, prunus armeniaca kernel oil, Hydrolyzed Collagen, starch hydroxypropyltrimonium chloride, quaternium-33, sodium chloride, Cholesterol, behentrimonium chloride, Gamma-Docosalactone, Ceramide NG, urea, Alcohol Denat, Cellulose Gum, Sodium Bicarbonate, Soybean ( Glycine Soja ) Sterol, hydroxypropyltrimonium hyaluronate, sodium hyaluronate, isomalt, Sodium Benzoate, Keratin, ceramide 5, terminalia ferdinandiana fruit extract, Microcitrus Australasica Fruit Extract, Hydrolyzed Conchiolin Protein, platinum powder, Malus Domestica Fruit Cell Culture Extract, Ceramide NP, Ceramide AP, lecithin, xanthan gum, Argania Spinosa Sprout Cell Extract, Ceramide EOP, Collagen, hylocereus undatus fruit extract",https://www.watsons.co.id/id/moist-diane-extra-moist-and-shine-treatment-450ml/p/BP_45671,4/18/2026
P829,Collagen Repair Hair Serum Oil 100ml,CBD,Hair Serum,100ml,65.9,,https://www.watsons.co.id/id/cbd-collagen-repair-hair-serum-oil-100ml/p/BP_48346,4/18/2026
P830,Hair Smoothie Mask Grape & Blueberry Sachet 25g,XL PROFESSIONNEL,Hair Mask,25g,10.6,"AQUA, GLYCERIN, DIMETHICONE, ISOPENTYLDIOL, HYDROGENATED RAPESEED ALCOHOL, BEHENTRIMONIUM CHLORIDE, STEARYL ALCOHOL, SORBITOL, ISOPROPYL ALCOHOL, CETYL ALCOHOL, AMINOPROPYL DIMETHICONE, PHENOXYETHANOL, FRAGRANCE, HYDROXYETHYL UREA, HYDROXYPROPYL ARGININE LAURYL/MYRISTYL ETHER HCl, SODIUM BENZOATE, OCTYLDODECANOL, STEARTRIMONIUM CHLORIDE, ALCOHOL, LACTIC ACID, CITRIC ACID, AMMONIUM LACTATE, LAURTRIMONIUM CHLORIDE, CAMELLIA JAPONICA SEED OIL, SODIUM CHLORIDE, BUTYLENE GLYCOL, PHYTOSTERYL/OCTYL DODECYL LAUROYL GLUTAMATE, SODIUM DILAURAMIDOGLUTAMIDE LYSINE, DIPROPYLENE GLYCOL, AMINOMETHYL PROPANOL, ROYAL JELLY EXTRACT, CI 19140, AMODIMETHICONE, PPG-2-DECETH-12, CI 17200, GLYCINE SOJA (SOYBEAN) SEED EXTRACT, SODIUM ACETYLATED HYALURONATE, HYDROLYZED CONCHIOLIN PROTEIN, TOCOPHEROL.",https://www.watsons.co.id/id/xl-professionnel-hair-smoothie-mask-grape-blueberry-sachet-25g/p/BP_71364,4/18/2026
P831,Hair Scentsations Morning Dew 100ml,MAKARIZO,Hair Mist,100ml,29.9,,https://www.watsons.co.id/id/makarizo-hair-scentsations-morning-dew-100ml/p/BP_72236,4/18/2026
P832,Ellips Vitamin Hair Mask With Pro-keratin Complex Hair Repair 18g,ELLIPS,Hair Mask,18g,10.4,"AQUA / WATER, CETEARYL ALOCHOL, PARAFFINUM LIQUIDUM/ MINERAL OIL, DIPALMITOYLETHYL HYDROXYETHYLMONIUM METHOSULFATE, CETYL ESTERS, LACTIC ACOD, PHENOXYETHANOL, ARGNNINE, TRIDECETH-6 CHLORHEXIDINE DIGLUCONATE, LIMONENE, LINALOOL, BENZYL ALCOHOL, BENZYL SALICYLATE, AMODIMETHICONE, FRAGRANCE, CITRIC ACID, AITRONELLOL",https://www.watsons.co.id/id/ellips-ellips-vitamin-hair-mask-with-pro-keratin-complex-hair-repair-18g/p/BP_39564,4/18/2026
P833,&Honey Deep Moist Hair Oil 3.0 100ml,AND HONEY,Hair Oil,100ml,239,"Aqua (Water), Cetyl Alcohol, Cocamide MEA, Cetrimonium Chloride",https://www.watsons.co.id/id/and-honey-honey-deep-moist-hair-oil-3.0-100ml/p/BP_51714,4/18/2026
P834,Hair Vitamin Nutri Color Jar,ELLIPS,Hair Vitamin,,108,,https://www.watsons.co.id/id/ellips-hair-vitamin-nutri-color-jar/p/BP_94915,4/18/2026
P835,Creambath Biotin Haifall Control 30g,DOVE,Creambath,30g,10,"Water, Cetearyl Alcohol, Behentrimonium Chloride, Glycerin, Dimethicone, Perfume , Dipropylene Glycol, Citric Acid, Sodium Benzoate, Amodimethicone, Sodium Gluconate, Sodium Citrate, Disodium EDTA, Cetrimonium Chloride, Phenoxyethanol, PEG-7 Propylheptyl Ether, Zinc Sulfate Heptahydrate, Ceramide NG, Urea, Hydrolyzed Yeast Protein, Biotin, Disodium Phosphate, Potassium Sorbate",https://www.watsons.co.id/id/dove-creambath-biotin-haifall-control-30g/p/BP_64362,4/18/2026
P836,Rosemary Hair & Scalp Tonic 120ml,NATURALS BY WATSONS,Hair Tonic,120ml,54.9,"Aqua, Glycerin, Propanediol, Polysorbate 20, Propylene Glycol, Parfum, Chlorphenesin, Climbazole, Mentha Piperita (Peppermint) Oil, Rosmarinus Officinalis (Rosemary) Leaf Oil*, Citric Acid, Arginine, Lactic Acid, Glycine Soja (Soybean) Germ Extract, Triticum Vulgare (Wheat) Germ Extract, Rosmarinus Officinalis (Rosemary) Leaf Extract*, Phenoxyethanol, Gluconolactone, Scutellaria Baicalensis (Chinese Skullcap) Root Extract, Sodium Benzoate, Potassium Sorbate, Ethylhexylglycerin, Copper Tripeptide-1, Calcium Gluconate, Limonene, Linalool, *ingredients from certified organic agriculture",https://www.watsons.co.id/id/naturals-by-watsons-rosemary-hair-scalp-tonic-120ml/p/BP_60121,4/18/2026
P837,&Honey Melty Moist Repair Treatment 2.0 445g,AND HONEY,Conditioner,445g,239,"Aqua (Water), Cetyl Alcohol, Cocamide MEA, Cetrimonium Chloride",https://www.watsons.co.id/id/and-honey-honey-melty-moist-repair-treatment-2.0-445g/p/BP_51702,4/18/2026
P838,Hair Vitamin Silky Black 1 Jar x 50 Caps,ELLIPS,Hair Vitamin,,108,,https://www.watsons.co.id/id/ellips-hair-vitamin-silky-black-1-jar-x-50-caps/p/BP_70248,4/18/2026
P839,Moist Diane Perfect Beauty Damage Repair Treatment 450ml,MOIST DIANE,Conditioner,450ml,137.9,"WATER, CETEARYL ALCOHOL, DIMETHICONE, STEARTRIMONIUM CHLORIDE, ETHYLHEXYL PALMITATE, FRAGRANCE, PHENOXYETHANOL, HYDROGENATED CASTOR OIL ISOSTEARATE, BIS-BEHENYL/ISOSTEARYL/PHYTOSTERYL DIMER DILINOLEYL DIMER DILINOLEATE, ISOPROPYL ALCOHOL, RICINUS COMMUNIS (CASTOR) SEED OIL, CARAMEL, CETRIMONIUM CHLORIDE, PROPANEDIOL, QUATERNIUM-33, STEARDIMONIUM HYDROXYPROPYL HYDROLYZED KERATIN, GAMMA- DOCOSALACTONE, GLUCOSE, HYDROXYPROLINE, BUTYLENE GLYCOL, PRUNUS DOMESTICA SEED EXTRACT, SODIUM HYALURONATE, HYDROXYPROPYL TRIMONIUM HYALURONATE, ALANINE, HYDROLYZED HONEY PROTEIN, SODIUM PCA, KERATIN, HYDROLYZED CONCHIOLIN PROTEIN, MALUS DOMESTICA FRUIT CELL CULTURE EXTRACT, RHODODENDRON FERRUGINEUM LEAF CELL CULTURE EXTRACT, COLLAGEN, ISOMALT, HYDROLYZED KERATIN, HYDROLYZED HYALURONIC ACID, CETEARAMIDOETHYL DIETHONIUM HYDROLYZED RICE PROTEIN, BIS-ETHOXYDIGLYCOL CYCLOHEXANE 1,4-DICARBOXYLATE, POUTERIA SAPOTA SEED OIL, ISONONYL ISONONANOATE, ISOSTEAROYL HYDROLYZED KERATIN, SCLEROCARYA BIRREA SEED OIL, THEOBROMA GRANDIFLORUM SEED BUTTER, MANGIFERA INDICA (MANGO) SEED OIL, CERAMIDE NG, GLYCINE SOJA (SOYBEAN) STEROLS), ARGANIA SPINOSA KERNEL OIL, CERAMIDE AG, CERAMIDE NP, CERAMIDE AP, CERAMIDE EOP, CARAPA GUAIANENSIS SEED OIL, ADANSONIA DIGITATA SEED OIL, OPUNTIA FICUS-INDICA SEED OIL, DIMETHICONOL, SODIUM LACTATE, CHOLESTEROL, ARGANIA SPINOSA SPROUT CELL EXTRACT, HYDROXYETHYLCELLULOSE, XANTHAN GUM, GLYCERYL TRI-HYDROGENATED ROSINATE, LECITHIN, DICOCODIMONIUM CHLORIDE, QUATERNIUM-18, BEHENTRIMONIUM CHLORIDE, PROPYLENE GLYCOL, GLYCERIN, LACTIC ACID, TOCOPHEROL,DISODIUM EDTA,",https://www.watsons.co.id/id/moist-diane-moist-diane-perfect-beauty-damage-repair-treatment-450ml/p/BP_45675,4/18/2026
P840,Hair Tonic 200ml,NR,Hair Tonic,200ml,70,"Aqua, Isopropyl Alcohol, Fragrance, Triticum Vulgare (Wheat Germ) Oil, PEG-40 Hydrogenated Castor Oil, Piroctone Olamine, Sodium Salicylate, Propylene Glycol, D-Panthenol, Citric Acid, Menthol, Camphor, Tocopheryl Acetate, Lysine, Methionine, Chamomilla Recutita (Matricaria) Flower Extract, Glucose, Glycine, Linoleic Acid, Retinyl Palmitate, Arginine, Leucine, Histidine, Proline, Valine, Lactic Acid, Serine, Sodium Benzoate, CI 42090, Urtica Dioica (Nettle) Extract, Betula Alba Leaf Extract, Equisetum Arvense Extract, Capric Acid, Potassium Sorbate, Caramel, Tartaric Acid, CI 17200, Biotin, Riboflavin.",https://www.watsons.co.id/id/nr-hair-tonic-200ml/p/BP_72452,4/18/2026
P841,Hair Vitamin Shiny Black Jar,ELLIPS,Hair Vitamin,,108,"Aqua Cetearyl Alcohol Dimethicone Dimethiconol Cetyl Esters Amodimethicone Trideceth12 Cetrimonium Chloride Cyclopentasiloxane Cyclotetrasiloxane Hexadecyl Dimethylamine Methyl Alcohol Steartrimonium Chloride Isopropyl Alcohol Potato Starch Modified Fragrance Phenoxyethanol Methylparaben Ethylparaben Butylparaben Propylparaben Lactic Acid Panthenol Soybean Glycine Soja Oil Aloe Barbadensis Leaf Oil Tocopheryl Acetate Petinyl Palmitate Ascorbyl Palmitate HIDE PROMOSI: (2) *Online and Standard Delivery Only - Buy 1 of any Watsons Personal Care, get free Sakatonik Gummy *Online and Standard Delivery only - min. purchase 100K of any Personal care, get free Deorex Body Spray Minisize Random PAYMENT & DELIVERY SEMBUNYIKAN Metode Pembayaran Untuk kenyamanan belanja online Anda di Watsons, kami menawarkan beberapa metode pembayaran berikut ini: Kartu Kredit / Kartu Debit, Transfer Bank, Cash on Delivery (COD), eWallet (GoPay, ShopeePay), Watsons Points, e-Kupon & e-Voucher tersedia bagi Anda untuk berbelanja online bersama kami! Shipping & Delivery Home Delivery. Jangka waktu pengiriman mengikuti estimasi jadwal pengiriman reguler: Area Jabodetabek: 1-2 hari kerja. Area Jawa, Bali, NTT, dan NTB: 2-6 hari kerja. Area Sumatera, Kalimantan, Sulawesi: 2 - 7 hari kerja. Area Maluku dan Papua: 3 - 12 hari kerja. Home Delivery Express. Metode pengiriman di mana barang dipesan secara online dan diantarkan langsung ke rumah Anda hanya dalam waktu 2 jam atau kurang. Click & Collect Express. Metode pengiriman barang yang dipesan secara online dan diambil di toko, dan Anda dapat datang ke toko untuk mengambil pesanan. Kebijakan Pengembalian & Pengembalian Dana Untuk meminta pengembalian atau pengembalian dana, silakan isi pertanyaan riwayat pesanan dengan memilih kategori pengembalian & pengembalian dana. Jika Anda membutuhkan bantuan lebih lanjut, silakan hubungi Live Chat atau Hotline Layanan Pelanggan kami di +62 21 30022833 (08.30 - 17.30 WIB) dan email ke customerservice@watsons.co.id. ULASAN 4.6 6 0 0 1 0 7 Ulasan TULIS ULASAN Semua Terbaru Penilaian & ulasan yang bermanfaat Angie 03/08/2025 Suka Balas Bagikan Moudy Shelita 26/05/2019 Suka Balas Bagikan",https://www.watsons.co.id/id/ellips-hair-vitamin-shiny-black-jar/p/BP_46252,4/18/2026
P842,Olive Deep Moisturising Hair Mask 200ml,NATURALS BY WATSONS,Hair Mask,200ml,38.9,,https://www.watsons.co.id/id/naturals-by-watsons-olive-deep-moisturising-hair-mask-200ml/p/BP_48155,4/18/2026
P843,Moist Diane Treatment Extra Volume & Scalp 450ml,MOIST DIANE,,450ml,137.9,"aqua, Argania Spinosa Kernel Oil, asparagopsis armata extract, behentrimonium chloride, bis-behenyl/isostearyl/phytosteryl dimer dilinoleyl dimerdilinoleate, butylene glycol, caramel, carapa guaianensis seed oil, ceramide 5, cetearyl alcohol, cetrimonium chloride, chamomilla recutita flower extract, chenopodium quinoa seed oil, dicocodimonium chloride dimethicone, ethylhexyl palmitate, glucose, glucosyl hesperidin, glycerin, glyceryl tri-hydrogenated rosinate, glycerylamidoethyl methacrylate/stearyl methacrylate, copolymer, hydrogenated lecithin, hydrolyzed keratin, hydrolyzed rice protein, hydrolyzed silk, hydrolyzed silk pg-propyl methylsilanediol, isomalt, isopropyl alcohol, o-cymen-5-ol, pca ethyl cocoyl arginate, polyquaternium-10 propanediol, propylene glycol, prunus domestica seed extract, quaternium-18, quaternium-33, sclerocarya birrea seed oil, sodium hyaluronate, sodium lactate, sorbitol, spiraea ulmaria flower extract, theobroma grandiflorum seed butter, ubiquinone, Amodimethicone, Disodium EDTA, Ceramide AP, Ceramide NP, Ceramide EOP Tocopherol, Phytosteryl/Octyldodecyl Lauroyl Glutamate, Ceramide NG, Pisum Sativum Sprout Extract, Gamma-Docosalactone, Pouteria Sapota Seed Oil",https://www.watsons.co.id/id/moist-diane-moist-diane-treatment-extra-volume-scalp-450ml/p/BP_38503,4/18/2026
P844,Keratin Smooth Heat Protection Spray with Marula Oil for Dry Hair 236ML,TRESEMME,Heat Protection,236ML,112,"Sodium Benzoate, Sodium Bicarbonate, Soybean ( Glycine Soja ) Sterol, Steartrimonium Chloride, acetyl cysteine, adansonia digitata seed oil, aqua, Argania Spinosa Kernel Oil, behentrimonium chloride, butylene glycol caramel, carapa guaianensis seed oil, ceramide 5, cetearyl alcohol, cetrimonium chloride, chenopodium quinoa seed oil, dicocodimonium chloride, dimethicone, ethylhexyl palmitate, glucose, glyoxylic acid, gold, hydrogenated castor oil isostearate, hydrolyzed adansonia digitata extract, hydrolyzed keratin, hydrolyzed silk pg-propyl methylsilanediol, hydroxyethylcellulose, hydroxypropyltrimonium hydrolyzed keratin, isomalt, isopropyl alcohol, isostearoyl hydrolyzed collagen, laurdimonium hydroxypropyl hydrolyzed keratin, lecithin, o-cymen-5-ol, oenocarpus bataua fruit oil, potassium sorbate, propanediol, prunus domestica seed extract, quaternium-18, quaternium-33, ricinus communis seed oil, schinziophyton rautanenii kernel oil, sclerocarya birrea seed oil, sodium lactate, sodium lauraminopropionate, terminalia ferdinandiana fruit extract, theobroma grandiflorum seed butter, xanthan gum, Hydrolyzed quinoa, Dimethiconol, Hydrolyzed Conchiolin Protein, Malus Domestica Fruit Cell Culture Extract, Disodium EDTA, Ceramide AP, Ceramide NP, Ceramide EOP, Tocopherol, Argania Spinosa Sprout Cell Extract, CETEARAMIDOETHYL DIETHONIUM HYDROLYZED RICE PROTEIN, Ceramide NG, Gamma-Docosalactone, Pouteria Sapota Seed Oil",https://www.watsons.co.id/id/tresemme-keratin-smooth-heat-protection-spray-with-marula-oil-for-dry-hair-236ml/p/BP_27807,4/18/2026
P845,Hair Scentasations Morning Dew 30 ml,MAKARIZO,,30 ml,17.2,,https://www.watsons.co.id/id/makarizo-hair-scentasations-morning-dew-30-ml/p/BP_72232,4/18/2026
P846,Hair Vitamin Silky Black Blister 6S,ELLIPS,Hair Vitamin,,16,,https://www.watsons.co.id/id/ellips-hair-vitamin-silky-black-blister-6s/p/BP_71763,4/18/2026
P847,L'Oreal Elseve Extraordinary Oil Gold 100ml,L'OREAL,,100ml,212.5,"AQUA, GLYCERIN, DIMETHICONE, ISOPENTYLDIOL, HYDROGENATED RAPESEED ALCOHOL, BEHENTRIMONIUM CHLORIDE, STEARYL ALCOHOL, SORBITOL, ISOPROPYL ALCOHOL, CETYL ALCOHOL, FRAGRANCE, AMINOPROPYL DIMETHICONE, PHENOXYETHANOL, HYDROXYETHYL UREA, HYDROXYPROPYL ARGININE LAURYL/MYRISTYL ETHER HCL, SODIUM BENZOATE, OCTYLDODECANOL, STEARTRIMONIUM CHLORIDE, ALCOHOL, LACTIC ACID, CITRIC ACID, AMMONIUM LACTATE, LAURTRIMONIUM CHLORIDE, SQUALANE, CAMELLIA JAPONICA SEED OIL, BUTYLENE GLYCOL, SODIUM DILAURAMIDOGLUTAMIDE LYSINE, DIPROPYLENE GLYCOL, PHYTOSTERYL/OCTYLDODECYL LAUROYL GLUTAMATE, PHYTOSTERYL MACADAMIATE, AMINOMETHYL PROPANOL, AMODIMETHICONE, GLYCINE SOJA (SOYBEAN) SEED EXTRACT, PPG-2-DECETH-12, SODIUM ACETYLATED HYALURONATE, HYDROLYZED CONCHIOLIN PROTEIN, TOCOPHEROL.",https://www.watsons.co.id/id/l-oreal-l-oreal-elseve-extraordinary-oil-gold-100ml/p/BP_71321,4/18/2026
P848,Miracle Hair Oil Repair and Protect 90 ml,PANTENE,Hair Oil,90 ml,90.5,,https://www.watsons.co.id/id/pantene-miracle-hair-oil-repair-and-protect-90-ml/p/BP_67042,4/18/2026
P849,Scalperfect BHA & Allantoin Scalp Exfoliating Gel 30g,ERHA,Scalp Serum,30g,80,,https://www.watsons.co.id/id/erha-scalperfect-bha-allantoin-scalp-exfoliating-gel-30g/p/BP_60910,4/18/2026
P850,Hair Vitamin Oil Normal 50M,LUCIDO L,Hair Vitamin,,52.8,"AQUA / WATER, SODIUM LAURETH SULFATE, COCO-BETAINE, COCAMIDE MIPA, SODIUM CHLORIDE, CI 17200 / RED 33, COCOS NUCIFERA OIL / COCONUT OIL, LACTIC ACID, TOCOPHEROL, SODIUM BENZOATE, HYDROXYCITRONELLAL, HYDROLYZED SILKSODIUM ACETATESODIUM HYDROXIDE, PPG-5-CETETH-20, PEG-55 PROPYLENE GLYCOL OLEATE, POLYQUATERNIUM-10, SALICYLIC ACID, BENZYL SALICYLATE, BENZYL ALCOHOL, LINALOOL, LINUM USITATISSIMUM, FLOWEREXTRACT /LINSEED FLOWER EXTRACT, AMODIMETHICONE, PROPYLENE GLYCOL, ISOPROPYL ALCOHOL, CAPRYLIC/CAPRIC TRIGLYCERIDE, GERANIOL, GARDENIA TAHITENSIS FLOWER EXTRACT, ROSA CANINA FLOWER EXTRACT, DISODIUM EDTA, CITRIC ACID, CITRONELLOL,LAURETH-5 CARBOXYLIC ACID, HEXYL CINNAMAL, GLYCOLIC ACID, PARFUM / FRAGRANCE",https://www.watsons.co.id/id/lucido-l-hair-vitamin-oil-normal-50m/p/BP_71021,4/18/2026
P851,&Honey Melty Moist Repair Oil 3.0 100ml,AND HONEY,,100ml,239,"Aqua (Water), Cetyl Alcohol, Cocamide MEA, Cetrimonium Chloride",https://www.watsons.co.id/id/and-honey-honey-melty-moist-repair-oil-3.0-100ml/p/BP_51723,4/18/2026
P852,Hair Energy Normal 60g,MAKARIZO,,60g,19.8,,https://www.watsons.co.id/id/makarizo-hair-energy-normal-60g/p/BP_46459,4/18/2026
P853,Powershot Creambath Silky Smooth 30g,SUNSILK,Creambath,30g,9.7,"Water, Cetearyl Alcohol, Behentrimonium Chloride, Perfume, Dimethicone, Dipropylene Glycol, Lactic Acid, Amodimethicone, Sodium Benzoate, Disodium EDTA, Helianthus Annuus (Sunflower) Seed Oil, Phenoxyethanol, PEG-7 Propylheptyl Ether, Cetrimonium Chloride, Argania Spinosa Kernel Oil, Sodium Hyaluronate, Tocopheryl Acetate.",https://www.watsons.co.id/id/sunsilk-powershot-creambath-silky-smooth-30g/p/BP_51929,4/18/2026
P854,Hair Mask Revitalizing 50g,XL PROFESSIONNEL,Hair Mask,50g,17,"Water, Cetearyl Alcohol, Glycerin, Behentrimonium Chloride, Dimethicone, Stearamidopropyl Dimethylamine Lactate, Phenoxyethanol, Glyceryl Stearate, Isopropyl Alcohol, Sodium Benzoate, Fragrance, Hydroxypropyl Guar Hydroxypropyltrimonium Chloride, C12-15 Pareth-3, Lactic Acid, Cocamidopropyl Betaine, Guar Hydroxypropyltrimonium Chloride, Ethylhexylglycerin, Citric Acid, Disodium EDTA, Olea Europaea (Olive) Fruit Oil, Hyaluronic Acid, Squalane, Simmondsia Chinensis (Jojoba) Seed Oil, Limnanthes Alba (Meadowfoam) Seed Oil, Honey Extract.",https://www.watsons.co.id/id/xl-professionnel-hair-mask-revitalizing-50g/p/BP_71170,4/18/2026
P855,Hair Energy Damage 60g,MAKARIZO,,60g,19.8,,https://www.watsons.co.id/id/makarizo-hair-energy-damage-60g/p/BP_46457,4/18/2026
P856,Hair Energy Easy Straight Mild 120ml,MAKARIZO,,120ml,49.4,,https://www.watsons.co.id/id/makarizo-hair-energy-easy-straight-mild-120ml/p/BP_73913,4/18/2026
P857,Hair Energy Color 60g,MAKARIZO,,60g,19.8,,https://www.watsons.co.id/id/makarizo-hair-energy-color-60g/p/BP_46458,4/18/2026
P858,Hair Tonic Micellar Hairfall Control 75ml,DOVE,Hair Tonic,75ml,39.9,"Water, Oleth-20, Phenoxyethanol, Glycerin, Caprylyl Glycol, Perfume, Disodium EDTA, Zinc Sulfate Heptahydrate, Hydrolyzed Yeast Protein, Urea, Sodium Benzoate, Disodium Phosphate, Sodium Hydroxide, Potassium Sorbate, Biotin, Citric Acid, Ceramide NG",https://www.watsons.co.id/id/dove-hair-tonic-micellar-hairfall-control-75ml/p/BP_64364,4/18/2026
P859,Restore Hair Shield Serum 70ml,ERHA,Heat Protection,70ml,142.5,,https://www.watsons.co.id/id/erha-restore-hair-shield-serum-70ml/p/BP_60919,4/18/2026
P860,Hair Energy Scentsations Cherry Blossoms 100ml,MAKARIZO,Hair Mist,100ml,29.9,,https://www.watsons.co.id/id/makarizo-hair-energy-scentsations-cherry-blossoms-100ml/p/BP_72237,4/18/2026
P861,Yogurt Smoothing Treatment Wax 500Ml,WATSONS,Hair Mask,500Ml,34.9,"Aqua (Water), Cetyl Alcohol, Cocamide MEA, Cetrimonium Chloride",https://www.watsons.co.id/id/watsons-yogurt-smoothing-treatment-wax-500ml/p/BP_26254,4/18/2026
P862,Hair Energy Olive 60g,MAKARIZO,,60g,19.8,"aqua, Argania Spinosa Kernel Oil, asparagopsis armata extract, behentrimonium chloride, bis-behenyl/isostearyl/phytosteryl dimer dilinoleyl dimerdilinoleate, butylene glycol, caramel, carapa guaianensis seed oil, ceramide 5, cetearyl alcohol, cetrimonium chloride, chamomilla recutita flower extract, chenopodium quinoa seed oil, dicocodimonium chloride dimethicone, ethylhexyl palmitate, glucose, glucosyl hesperidin, glycerin, glyceryl tri-hydrogenated rosinate, glycerylamidoethyl methacrylate/stearyl methacrylate, copolymer, hydrogenated lecithin, hydrolyzed keratin, hydrolyzed rice protein, hydrolyzed silk, hydrolyzed silk pg-propyl methylsilanediol, isomalt, isopropyl alcohol, o-cymen-5-ol, pca ethyl cocoyl arginate, polyquaternium-10 propanediol, propylene glycol, prunus domestica seed extract, quaternium-18, quaternium-33, sclerocarya birrea seed oil, sodium hyaluronate, sodium lactate, sorbitol, spiraea ulmaria flower extract, theobroma grandiflorum seed butter, ubiquinone, Amodimethicone, Disodium EDTA, Ceramide AP, Ceramide NP, Ceramide EOP Tocopherol, Phytosteryl/Octyldodecyl Lauroyl Glutamate, Ceramide NG, Pisum Sativum Sprout Extract, Gamma-Docosalactone, Pouteria Sapota Seed Oil",https://www.watsons.co.id/id/makarizo-hair-energy-olive-60g/p/BP_72695,4/18/2026
P863,Hair Energy Aloe & Melon 500G,MAKARIZO,,500G,120.6,,https://www.watsons.co.id/id/makarizo-hair-energy-aloe-melon-500g/p/BP_47079,4/18/2026
P864,Sasha Hair Creambath Avocado 30g (Sachet),SASHA,Creambath,30g,7.4,,https://www.watsons.co.id/id/sasha-sasha-hair-creambath-avocado-30g-sachet/p/BP_45178,4/18/2026
P865,L'Oreal Paris Elseve Extraordinary Oil Gold Hair Treatment Serum 30mL,L'OREAL,,30mL,72,,https://www.watsons.co.id/id/l-oreal-l-oreal-paris-elseve-extraordinary-oil-gold-hair-treatment-serum-30ml/p/BP_29447,4/18/2026
P866,Advisor Hair Tonic 150ml,MAKARIZO,Hair Tonic,150ml,81.2,,https://www.watsons.co.id/id/makarizo-advisor-hair-tonic-150ml/p/BP_33530,4/18/2026
P867,Tresemme Bond Repair Serum 100ml,TRESEMME,Hair Serum,100ml,135,"AQUA, GLYCERIN, STEARYL ALCOHOL, BEHENYL ALCOHOL, STEARTRIMONIUM CHLORIDE, SORBITOL, ISOPROPYL MYRISTATE, HYDROGENATED POLYDECENE, FRAGRANCE, ISOPROPYL ALCOHOL, AMODIMETHICONE, PHENOXYETHANOL, METHYLPARABEN, PPG-2-DECETH-12, LAURTRIMONIUM CHLORIDE, SQUALANE, CAMELLIA JAPONICA SEED OIL, POLYQUATERNIUM-11, LACTIC ACID, ASPARTIC ACID, CITRIC ACID, BUTYLENE GLYCOL, SODIUM DILAURAMIDOGLUTAMIDE LYSINE, PHYTOSTERYL/OCTYLDODECYL LAUROYL GLUTAMATE, PHYTOSTERYL MACADAMIATE, TAURINE, GLYCINE SOJA (SOYBEAN) SEED EXTRACT, TOCOPHEROL, HYDROXYPROPYL ARGININE LAURYL/MYRISTYL ETHER HCL, ALCOHOL.",https://www.watsons.co.id/id/tresemme-tresemme-bond-repair-serum-100ml/p/BP_39814,4/18/2026
P868,Coconut Hair Oil Mist 60ml,NATURALS BY WATSONS,Hair Oil,60ml,54.9,"AQUA, CETEARYL ALCOHOL, GLYCERIN, PHENOXYETHANOL, BEHENTRIMONIUM METHOSULFATE, BUTYROSPERMUM PARKII (SHEA) BUTTER, CETYL ALCOHOL, PROPYLENE GLYCOL, CETRIMONIUM CHLORIDE, PARFUM, HYDROXYETHYLCELLULOSE, CHLORPHENESIN, MENTHOL, CLIMBAZOLE, CITRIC ACID, TRISODIUM ETHYLENEDIAMINE DISUCCINATE, SODIUM ACETATE, MENTHA PIPERITA (PEPPERMINT) OIL, ROSMARINUS OFFICINALIS (ROSEMARY) LEAF OIL*, PROPANEDIOL, ARGININE, LACTIC ACID, GLYCINE SOJA (SOYBEAN) GERM EXTRACT, TRITICUM VULGARE (WHEAT) GERM EXTRACT, ROSMARINUS OFFICINALIS (ROSEMARY) LEAF EXTRACT*, GLUCONOLACTONE, SCUTELLARIA BAICALENSIS (CHINESE SKULLCAP) ROOT EXTRACT, SODIUM BENZOATE, POTASSIUM SORBATE, ETHYLHEXYLGLYCERIN, COPPER TRIPEPTIDE-1, CALCIUM GLUCONATE, *INGREDIENTS FROM CERTIFIED ORGANIC AGRICULTURE",https://www.watsons.co.id/id/naturals-by-watsons-coconut-hair-oil-mist-60ml/p/BP_59974,4/18/2026
P869,Advisor Hair Recovery Vitamax 3X8ml,MAKARIZO,Hair Vitamin,8ml,41.3,"Water, Cyclopentasiloxane, Phenyl Trimethicone, Glycerin, Dimethicone, Perfume, Citric Acid, Sodium Benzoate, PEG/PPG-18/18 Dimethicone, Cetrimonium Chloride, Polyquaternium-16, Disodium EDTA, Benzophenone-4, Panthenol, Tocopheryl Acetate, Niacinamide.",https://www.watsons.co.id/id/makarizo-advisor-hair-recovery-vitamax-3x8ml/p/BP_45862,4/18/2026
P870,Tsubaki Premium Ex Repair Mask 180g,TSUBAKI,,180g,148.5,"AQUA, GLYCERIN, DIMETHICONE, ISOPENTYLDIOL, HYDROGENATED RAPESEED ALCOHOL, BEHENTRIMONIUM CHLORIDE, STEARYL ALCOHOL, SORBITOL, ISOPROPYL ALCOHOL, CETYL ALCOHOL, AMINOPROPYL DIMETHICONE, PHENOXYETHANOL, FRAGRANCE, HYDROXYETHYL UREA, HYDROXYPROPYL ARGININE LAURYL/MYRISTYL ETHER HCl, SODIUM BENZOATE, OCTYLDODECANOL, STEARTRIMONIUM CHLORIDE, ALCOHOL, LACTIC ACID, CITRIC ACID, AMMONIUM LACTATE, LAURTRIMONIUM CHLORIDE, CAMELLIA JAPONICA SEED OIL, SODIUM CHLORIDE, BUTYLENE GLYCOL, PHYTOSTERYL/OCTYL DODECYL LAUROYL GLUTAMATE, SODIUM DILAURAMIDOGLUTAMIDE LYSINE, DIPROPYLENE GLYCOL, AMINOMETHYL PROPANOL, ROYAL JELLY EXTRACT, CI 19140, AMODIMETHICONE, PPG-2-DECETH-12, CI 17200, GLYCINE SOJA (SOYBEAN) SEED EXTRACT, SODIUM ACETYLATED HYALURONATE, HYDROLYZED CONCHIOLIN PROTEIN, TOCOPHEROL.",https://www.watsons.co.id/id/tsubaki-tsubaki-premium-ex-repair-mask-180g/p/BP_45154,4/18/2026
P871,Miracles Intensive Shot (12 ml X 4),PANTENE,,12 ml,31,,https://www.watsons.co.id/id/pantene-miracles-intensive-shot-12-ml-x-4/p/BP_67018,4/18/2026
P872,Tea Tree Hair & Scalp Tonic 120ml,NATURALS BY WATSONS,Hair Tonic,120ml,54.9,"Aqua, Glycerin, Propanediol, Polysorbate 20, Propylene Glycol, Chlorphenesin, Parfum, Piroctone Olamine, Melaleuca Alternifolia (Tea Tree) Leaf Oil*, Panthenol, Simmondsia Chinensis (Jojoba) Seed Oil, Hamamelis Virginiana (Witch Hazel) Water, Melaleuca Alternifolia (Tea Tree) Leaf Extract*, Citric Acid, Laminaria Digitata (Brown Algae) Extract, Phenoxyethanol, Potassium Sorbate, Sodium Benzoate, Benzoic Acid, Ethylhexylglycerin, Copper Tripeptide-1, Limonene, Linalool, Eugenol, Geraniol *ingredients from certified organic agriculture",https://www.watsons.co.id/id/naturals-by-watsons-tea-tree-hair-scalp-tonic-120ml/p/BP_60122,4/18/2026
P873,Hair Vitamin Nutri Color - Buzz & Jessie 30'S,ELLIPS,Hair Vitamin,,71.5,,https://www.watsons.co.id/id/ellips-hair-vitamin-nutri-color-buzz-jessie-30-s/p/BP_61717,4/18/2026
P874,Emeron Hair Vitamin Soft & Smooth,EMERON,Hair Vitamin,,8.5,,https://www.watsons.co.id/id/emeron-emeron-hair-vitamin-soft-smooth/p/BP_36582,4/18/2026
P875,Hair Energy Royal Jelly 500Gr,MAKARIZO,,500Gr,120.6,,https://www.watsons.co.id/id/makarizo-hair-energy-royal-jelly-500gr/p/BP_47078,4/18/2026
P876,Natur Hair Tonic Ginseng 90ml,NATUR,Hair Tonic,90ml,40,"Water, Glycerin, Propylene Glycol, Butylene Glycol, PEG-40 Hydrogenated Castor Oil, Phenoxyethanol, Hydroxyacetophenone, Zingiber Officinale (Ginger) Root Extract, Anemarrhena Asphodeloides Root Extract, Panax Ginseng Root Extract, Disodium EDTA, Fragrance, Ethylhexylglycerin, Niacinamide, Caffeine, Angelica Polymorpha Sinensis Root Extract, Biota Orientalis Leaf Extract, Polygonum Multiflorum Root Extract, 1,2-Hexanediol, Caprylyl Glycol, Yeast Extract, Aesculus Hippocastanum (Horse Chestnut) Seed Extract, Cyclodextrin, Arginine, Ammonium Glycyrrhizate, Chlorphenesin, Panthenol, Zinc Gluconate, Sodium Citrate, Citric Acid, Biotin, Chrysin, Oleanolic Acid, Palmitoyl Tripeptide-1, Oxothiazolidinecarboxylic Acid, Diaminopyrimidine Oxide.",https://www.watsons.co.id/id/natur-natur-hair-tonic-ginseng-90ml/p/BP_73553,4/18/2026
P877,Sasha Hair Vitamin With Virgin Olive Oil Color Glow 6'S Blister,SASHA,Hair Vitamin,,12.3,,https://www.watsons.co.id/id/sasha-sasha-hair-vitamin-with-virgin-olive-oil-color-glow-6-s-blister/p/BP_45181,4/18/2026
P878,Hair Energy Kiwi Extract 500 Gr,MAKARIZO,,500 Gr,120.6,,https://www.watsons.co.id/id/makarizo-hair-energy-kiwi-extract-500-gr/p/BP_47077,4/18/2026
P879,Scentsations Fresh Bouquet 30 ml,MAKARIZO,Hair Mist,30 ml,17.2,,https://www.watsons.co.id/id/makarizo-scentsations-fresh-bouquet-30-ml/p/BP_72234,4/18/2026
P880,Strawberry Creambath 500ml,CULTUSIA,Creambath,500ml,54.5,,https://www.watsons.co.id/id/cultusia-strawberry-creambath-500ml/p/BP_72227,4/18/2026
P881,Vitamin Hair Mist - Mist Me Up 50ml,ELLIPS,Hair Mist,50ml,13.9,"Aqua, Alcohol Denat, Fragrance, Polyglyceryl-10, Isostearate, Glycerin, PEG-12 Dimenthicone, Cetrimonium Chloride, PPG-2 Methyl Ether, Sodium Benzoate, Propanediol, Salix Alba Bark Extract, Disodium EDTA, Panthenol, Ethylhexyl Methoxycinnamate, Polyquaternium-10, Hydrolyzed Sodium Hyaluronate, Phenoxyethanol Sodium Hyaluronate, Ethylhexylglycerin, BHT",https://www.watsons.co.id/id/ellips-vitamin-hair-mist-mist-me-up-50ml/p/BP_74748,4/18/2026
P882,Argan Repairing Hair Mask 200ml,NATURALS BY WATSONS,Hair Mask,200ml,38.9,,https://www.watsons.co.id/id/naturals-by-watsons-argan-repairing-hair-mask-200ml/p/BP_48154,4/18/2026
P883,Coffee Anti-Hair Fall Hair & Scalp Tonic 120ml,NATURALS BY WATSONS,Hair Tonic,120ml,54.9,,https://www.watsons.co.id/id/naturals-by-watsons-coffee-anti-hair-fall-hair-scalp-tonic-120ml/p/BP_49905,4/18/2026
P884,Professionnel Hair Serum Revitalizing 125ml,XL PROFESSIONNEL,Hair Serum,125ml,132,,https://www.watsons.co.id/id/xl-professionnel-professionnel-hair-serum-revitalizing-125ml/p/BP_46561,4/18/2026
P885,Chief Hair Tonic 100 Ml,CHIEF,Hair Tonic,100 Ml,78,"AQUA, GLYCERIN, DIMETHICONE, ISOPENTYLDIOL, HYDROGENATED RAPESEED ALCOHOL, BEHENTRIMONIUM CHLORIDE, STEARYL ALCOHOL, SORBITOL, ISOPROPYL ALCOHOL, CETYL ALCOHOL, AMINOPROPYL DIMETHICONE, PHENOXYETHANOL, FRAGRANCE, HYDROXYETHYL UREA, HYDROXYPROPYL ARGININE LAURYL/MYRISTYL ETHER HCl, SODIUM BENZOATE, OCTYLDODECANOL, STEARTRIMONIUM CHLORIDE, ALCOHOL, LACTIC ACID, CITRIC ACID, AMMONIUM LACTATE, LAURTRIMONIUM CHLORIDE, CAMELLIA JAPONICA SEED OIL, SODIUM CHLORIDE, BUTYLENE GLYCOL, PHYTOSTERYL/OCTYL DODECYL LAUROYL GLUTAMATE, SODIUM DILAURAMIDOGLUTAMIDE LYSINE, DIPROPYLENE GLYCOL, AMINOMETHYL PROPANOL, ROYAL JELLY EXTRACT, CI 19140, AMODIMETHICONE, PPG-2-DECETH-12, CI 17200, GLYCINE SOJA (SOYBEAN) SEED EXTRACT, SODIUM ACETYLATED HYALURONATE, HYDROLYZED CONCHIOLIN PROTEIN, TOCOPHEROL.",https://www.watsons.co.id/id/chief-chief-hair-tonic-100-ml/p/BP_31251,4/18/2026
P886,Avocado Conditioning Treatment Wax 500Ml,WATSONS,Hair Mask,500Ml,34.9,"Aqua (Water), Cetyl Alcohol, Cocamide MEA, Cetrimonium Chloride",https://www.watsons.co.id/id/watsons-avocado-conditioning-treatment-wax-500ml/p/BP_26257,4/18/2026
P887,Makarizo Vitaglitz Hair Serum Revitalizing Care 8ml,MAKARIZO,Hair Serum,8ml,19.5,"Water, Cyclopentasiloxane, Phenyl Trimethicone, Glycerin, Dimethicone, Perfume, Citric Acid, Sodium Benzoate, PEG/PPG-18/18 Dimethicone, Cetrimonium Chloride, Polyquaternium-16, Disodium EDTA, Benzophenone-4, Panthenol, Tocopheryl Acetate, Niacinamide.",https://www.watsons.co.id/id/makarizo-makarizo-vitaglitz-hair-serum-revitalizing-care-8ml/p/BP_29520,4/18/2026
P888,Hairloss Solution Hair Tonic 220ml,RUDY HADISUWARNO,Hair Tonic,220ml,65.7,"Panax Ginseng Root Extract, Capsicum Extract, Panthenol / Provit. B5, Sophora Root Extract, Soybean Protein, allantoin",https://www.watsons.co.id/id/rudy-hadisuwarno-hairloss-solution-hair-tonic-220ml/p/BP_61455,4/18/2026
P889,Ellips Vitamin Hair Mist Sweet & Silky 100ml,ELLIPS,Hair Mist,100ml,32.7,,https://www.watsons.co.id/id/ellips-ellips-vitamin-hair-mist-sweet-silky-100ml/p/BP_31329,4/18/2026
P890,Hair Vitamin Smooth & Silky 1 Jar x 50 Caps,ELLIPS,Hair Vitamin,,108,,https://www.watsons.co.id/id/ellips-hair-vitamin-smooth-silky-1-jar-x-50-caps/p/BP_70244,4/18/2026
P891,Moist Diane Treatment Extra Smooth & Straight 450ml,MOIST DIANE,,450ml,137.9,"Sodium Benzoate, Sodium Bicarbonate, Soybean ( Glycine Soja ) Sterol, Steartrimonium Chloride, acetyl cysteine, adansonia digitata seed oil, aqua, Argania Spinosa Kernel Oil, behentrimonium chloride, butylene glycol caramel, carapa guaianensis seed oil, ceramide 5, cetearyl alcohol, cetrimonium chloride, chenopodium quinoa seed oil, dicocodimonium chloride, dimethicone, ethylhexyl palmitate, glucose, glyoxylic acid, gold, hydrogenated castor oil isostearate, hydrolyzed adansonia digitata extract, hydrolyzed keratin, hydrolyzed silk pg-propyl methylsilanediol, hydroxyethylcellulose, hydroxypropyltrimonium hydrolyzed keratin, isomalt, isopropyl alcohol, isostearoyl hydrolyzed collagen, laurdimonium hydroxypropyl hydrolyzed keratin, lecithin, o-cymen-5-ol, oenocarpus bataua fruit oil, potassium sorbate, propanediol, prunus domestica seed extract, quaternium-18, quaternium-33, ricinus communis seed oil, schinziophyton rautanenii kernel oil, sclerocarya birrea seed oil, sodium lactate, sodium lauraminopropionate, terminalia ferdinandiana fruit extract, theobroma grandiflorum seed butter, xanthan gum, Hydrolyzed quinoa, Dimethiconol, Hydrolyzed Conchiolin Protein, Malus Domestica Fruit Cell Culture Extract, Disodium EDTA, Ceramide AP, Ceramide NP, Ceramide EOP, Tocopherol, Argania Spinosa Sprout Cell Extract, CETEARAMIDOETHYL DIETHONIUM HYDROLYZED RICE PROTEIN, Ceramide NG, Gamma-Docosalactone, Pouteria Sapota Seed Oil",https://www.watsons.co.id/id/moist-diane-moist-diane-treatment-extra-smooth-straight-450ml/p/BP_38505,4/18/2026
P892,Ellips Hair Vitamin Hair Vitality With Ginseng & Honey 50's Jar,ELLIPS,Hair Vitamin,,108,"Water, Glycerin, Propylene Glycol, Butylene Glycol, PEG-40 Hydrogenated Castor Oil, Phenoxyethanol, Hydroxyacetophenone, Zingiber Officinale (Ginger) Root Extract, Anemarrhena Asphodeloides Root Extract, Panax Ginseng Root Extract, Disodium EDTA, Fragrance, Ethylhexylglycerin, Niacinamide, Caffeine, Angelica Polymorpha Sinensis Root Extract, Biota Orientalis Leaf Extract, Polygonum Multiflorum Root Extract, 1,2-Hexanediol, Caprylyl Glycol, Yeast Extract, Aesculus Hippocastanum (Horse Chestnut) Seed Extract, Cyclodextrin, Arginine, Ammonium Glycyrrhizate, Chlorphenesin, Panthenol, Zinc Gluconate, Sodium Citrate, Citric Acid, Biotin, Chrysin, Oleanolic Acid, Palmitoyl Tripeptide-1, Oxothiazolidinecarboxylic Acid, Diaminopyrimidine Oxide.",https://www.watsons.co.id/id/ellips-ellips-hair-vitamin-hair-vitality-with-ginseng-honey-50-s-jar/p/BP_39562,4/18/2026
P893,L'Oreal Total Repair 5 Hair Spa Mask 200ml,L'OREAL,,200ml,125.7,"AQUA/WATER, CETEARYL ALCOHOL, BEHENTRIMONIUM CHLORIDE, GLYCERIN, CETYL ESTERS, HYDROXYPROPYLTRIMONIUM HYDROLYZED WHEAT PROTEIN, DODOCENE, PHENOXYETHANOL, ARGININE, CHLORHEXIDINE DIGLUCONATE, POLOXAMEN 407, LIMONENE, LINALOOL, BENZYL SALICYLATE, ISOPROPYL MYRISTATE, 2-OLEAMIDO-1,3-OCTADECANDEDIOL, SERINE, BHT, CITRIC ACID, BUTYLPHENYL METHYLPROPIONAL, LAURYL PEG/PPG-18/18 METHICONE, GLUTAMIC ACID, HEXYL CINNAMAL, GLYCERYL LINOLEATE, GLYCERYL OLEATE, GLYCERYL LINOLENATE, PARFUM/FRAGRANCE (F.I.L. C37037/1/",https://www.watsons.co.id/id/l-oreal-l-oreal-total-repair-5-hair-spa-mask-200ml/p/BP_48665,4/18/2026
P894,Argan Repairing Hair Oil 100ml,NATURALS BY WATSONS,Hair Oil,100ml,54.9,,https://www.watsons.co.id/id/naturals-by-watsons-argan-repairing-hair-oil-100ml/p/BP_49596,4/18/2026
P895,Hair Mask Smooth&Shiny 20Gr,ELLIPS,Hair Mask,20Gr,10.4,,https://www.watsons.co.id/id/ellips-hair-mask-smooth-shiny-20gr/p/BP_70341,4/18/2026
P896,L'Oreal Elseve Extraordinary Oil Pink 100ml,L'OREAL,,100ml,212.5,"AQUA / WATER, SODIUM LAURETH SULFATE, COCO-BETAINE, COCAMIDE MIPA, SODIUM CHLORIDE, CI 17200 / RED 33, COCOS NUCIFERA OIL / COCONUT OIL, LACTIC ACID, TOCOPHEROL, SODIUM BENZOATE, HYDROXYCITRONELLAL, HYDROLYZED SILKSODIUM ACETATESODIUM HYDROXIDE, PPG-5-CETETH-20, PEG-55 PROPYLENE GLYCOL OLEATE, POLYQUATERNIUM-10, SALICYLIC ACID, BENZYL SALICYLATE, BENZYL ALCOHOL, LINALOOL, LINUM USITATISSIMUM, FLOWEREXTRACT /LINSEED FLOWER EXTRACT, AMODIMETHICONE, PROPYLENE GLYCOL, ISOPROPYL ALCOHOL, CAPRYLIC/CAPRIC TRIGLYCERIDE, GERANIOL, GARDENIA TAHITENSIS FLOWER EXTRACT, ROSA CANINA FLOWER EXTRACT, DISODIUM EDTA, CITRIC ACID, CITRONELLOL,LAURETH-5 CARBOXYLIC ACID, HEXYL CINNAMAL, GLYCOLIC ACID, PARFUM / FRAGRANCE",https://www.watsons.co.id/id/l-oreal-l-oreal-elseve-extraordinary-oil-pink-100ml/p/BP_17184,4/18/2026
P897,Ellips Vitamin Hair Mist Fresh & Smooth 100ml,ELLIPS,Hair Mist,100ml,32.7,,https://www.watsons.co.id/id/ellips-ellips-vitamin-hair-mist-fresh-smooth-100ml/p/BP_31330,4/18/2026
P898,Keratin Deep Smoothening Hair Mask Perawatan Rambut Rusak & Anti Kusut 180ML,TRESEMME,Hair Mask,180ML,71.5,"AQUA, GLYCERIN, DIMETHICONE, ISOPENTYLDIOL, HYDROGENATED RAPESEED ALCOHOL, BEHENTRIMONIUM CHLORIDE, STEARYL ALCOHOL, SORBITOL, ISOPROPYL ALCOHOL, CETYL ALCOHOL, AMINOPROPYL DIMETHICONE, PHENOXYETHANOL, FRAGRANCE, HYDROXYETHYL UREA, HYDROXYPROPYL ARGININE LAURYL/MYRISTYL ETHER HCl, SODIUM BENZOATE, OCTYLDODECANOL, STEARTRIMONIUM CHLORIDE, ALCOHOL, LACTIC ACID, CITRIC ACID, AMMONIUM LACTATE, LAURTRIMONIUM CHLORIDE, CAMELLIA JAPONICA SEED OIL, SODIUM CHLORIDE, BUTYLENE GLYCOL, PHYTOSTERYL/OCTYL DODECYL LAUROYL GLUTAMATE, SODIUM DILAURAMIDOGLUTAMIDE LYSINE, DIPROPYLENE GLYCOL, AMINOMETHYL PROPANOL, ROYAL JELLY EXTRACT, CI 19140, AMODIMETHICONE, PPG-2-DECETH-12, CI 17200, GLYCINE SOJA (SOYBEAN) SEED EXTRACT, SODIUM ACETYLATED HYALURONATE, HYDROLYZED CONCHIOLIN PROTEIN, TOCOPHEROL.",https://www.watsons.co.id/id/tresemme-keratin-deep-smoothening-hair-mask-perawatan-rambut-rusak-anti-kusut-180ml/p/BP_27796,4/18/2026
P899,Emeron Hijab Hair Vitamin Clean & Fresh,EMERON,Hair Vitamin,,8.5,,https://www.watsons.co.id/id/emeron-emeron-hijab-hair-vitamin-clean-fresh/p/BP_36584,4/18/2026
P900,Hair Repair Mask 15ml,MAKARIZO,Hair Mask,15ml,7.8,,https://www.watsons.co.id/id/makarizo-hair-repair-mask-15ml/p/BP_71054,4/18/2026
P901,Wonderlux Set The Oil Free! Sensitive & Oily Care Scalp Serum 75ml,WONDERLUX,Scalp Serum,75ml,137,"aqua, Caprylic/Capric Triglyceride, Lactobacillus ferment, butylene glycol, Lactococcus ferment, Saccharomyces ferment, PROPANEDIOL, Maltodextrin, Farnesyl acetate, Farnesol, Panthenyl triacetate, Panthenol, chlorphenesin, Phenoxyethanol, Polyacrylate Crosspolymer-6, Propylene Glycol, 1,2-hexanediol, schinus terebinthifolius seed extract, Pelvetia canaliculata extract, Aloe Barbadensis Extract, Laminaria Digitata Extract, ceramide 3, Glycine, Tocopherol, Parfum, apium graveolens seed extract, Serine, Glutamic Acid, Aspartic Acid, Leucine, Alanine, Lysine, Arginine, Tyrosine, phenylalanine, Threonine, Proline, Valine, Isoleucine, Histidine",https://www.watsons.co.id/id/wonderlux-wonderlux-set-the-oil-free-sensitive-oily-care-scalp-serum-75ml/p/BP_39912,4/18/2026
P902,Hair Vitamin Hair Repair - Lotso 30'S,ELLIPS,Hair Vitamin,,71.5,,https://www.watsons.co.id/id/ellips-hair-vitamin-hair-repair-lotso-30-s/p/BP_61719,4/18/2026
P903,Tsubaki Premium Moist & Repair Treatment 160g,TSUBAKI,Conditioner,160g,72.5,"AQUA, GLYCERIN, DIMETHICONE, ISOPENTYLDIOL, HYDROGENATED RAPESEED ALCOHOL, BEHENTRIMONIUM CHLORIDE, STEARYL ALCOHOL, SORBITOL, ISOPROPYL ALCOHOL, CETYL ALCOHOL, FRAGRANCE, AMINOPROPYL DIMETHICONE, PHENOXYETHANOL, HYDROXYETHYL UREA, HYDROXYPROPYL ARGININE LAURYL/MYRISTYL ETHER HCL, SODIUM BENZOATE, OCTYLDODECANOL, STEARTRIMONIUM CHLORIDE, ALCOHOL, LACTIC ACID, CITRIC ACID, AMMONIUM LACTATE, LAURTRIMONIUM CHLORIDE, SQUALANE, CAMELLIA JAPONICA SEED OIL, BUTYLENE GLYCOL, SODIUM DILAURAMIDOGLUTAMIDE LYSINE, DIPROPYLENE GLYCOL, PHYTOSTERYL/OCTYLDODECYL LAUROYL GLUTAMATE, PHYTOSTERYL MACADAMIATE, AMINOMETHYL PROPANOL, AMODIMETHICONE, GLYCINE SOJA (SOYBEAN) SEED EXTRACT, PPG-2-DECETH-12, SODIUM ACETYLATED HYALURONATE, HYDROLYZED CONCHIOLIN PROTEIN, TOCOPHEROL.",https://www.watsons.co.id/id/tsubaki-tsubaki-premium-moist-repair-treatment-160g/p/BP_45149,4/18/2026
P904,Hair Reactive Tonic 200ml,NR,Hair Tonic,200ml,109.5,,https://www.watsons.co.id/id/nr-hair-reactive-tonic-200ml/p/BP_72453,4/18/2026
P905,Hair Vitamin Smooth & Shiny - Aliens 30'S,ELLIPS,Hair Vitamin,,71.5,,https://www.watsons.co.id/id/ellips-hair-vitamin-smooth-shiny-aliens-30-s/p/BP_61718,4/18/2026
P906,Hair Energy Scentsations Ocean Breeze 100ml,MAKARIZO,Hair Mist,100ml,29.9,,https://www.watsons.co.id/id/makarizo-hair-energy-scentsations-ocean-breeze-100ml/p/BP_72235,4/18/2026
P907,Intensive Hair Tonic 200ml,MYLEA,Hair Tonic,200ml,54,,https://www.watsons.co.id/id/mylea-intensive-hair-tonic-200ml/p/BP_72456,4/18/2026
P908,Olive Deep Moisturising Hair Oil 100ml,NATURALS BY WATSONS,Hair Oil,100ml,54.9,,https://www.watsons.co.id/id/naturals-by-watsons-olive-deep-moisturising-hair-oil-100ml/p/BP_48182,4/18/2026
P909,Figo Hair Boost Fragrance Fairy Blush 100ml,CBD,Hair Mist,100ml,25,,https://www.watsons.co.id/id/cbd-figo-hair-boost-fragrance-fairy-blush-100ml/p/BP_48343,4/18/2026
P910,Ellips Package Jar 2'S + Blister 1'S,ELLIPS,,,202,,https://www.watsons.co.id/id/ellips-ellips-package-jar-2-s-blister-1-s/p/BP_41632,4/18/2026
P911,Creambath Biotin Haifall Control 300g,DOVE,Creambath,300g,60,"Water, Cetearyl Alcohol, Behentrimonium Chloride, Glycerin, Dimethicone, Perfume , Dipropylene Glycol, Citric Acid, Sodium Benzoate, Amodimethicone, Sodium Gluconate, Sodium Citrate, Disodium EDTA, Cetrimonium Chloride, Phenoxyethanol, PEG-7 Propylheptyl Ether, Zinc Sulfate Heptahydrate, Ceramide NG, Urea, Hydrolyzed Yeast Protein, Biotin, Disodium Phosphate, Potassium Sorbate",https://www.watsons.co.id/id/dove-creambath-biotin-haifall-control-300g/p/BP_66723,4/18/2026
P912,Tresemme Keratin Smooth Shine Serum with Marula Oil for Dry Hair - Smooth & Shiny 97ML,TRESEMME,Hair Serum,97ML,135,"sodiumpeg-12 dimethicone sulfosuccinate, aminomethyl Propanol, Panthenol, Argania Spinosa Kernel Oil, Camellia sinensis seed oil, Sunflower (Helianthus Annuus) Seed Oil, magnolia officinalis bark extract, zingiber officinale root extract.",https://www.watsons.co.id/id/tresemme-tresemme-keratin-smooth-shine-serum-with-marula-oil-for-dry-hair-smooth-shiny-97ml/p/BP_27801,4/18/2026
P913,Miracles Intensive Bond Repair Hair Mask 300 ml,PANTENE,Hair Mask,300 ml,74.5,,https://www.watsons.co.id/id/pantene-miracles-intensive-bond-repair-hair-mask-300-ml/p/BP_67033,4/18/2026
P914,Coconut Hair Butter 150ml,NATURALS BY WATSONS,,150ml,51.9,"Aqua, Ammonium Lauryl Sulfate, Glycerin, Cocamidopropyl Betaine, Cocamide MEA, Phenoxyethanol, Sodium Chloride, Parfum, Polysorbate 20, Chlorphenesin, Polyquaternium-10, Polyquaternium-7, Sodium Benzoate, Butyl Methoxydibenzoylmethane, Trisodium Ethylenediamine Disuccinate, Citric Acid, Butyrospermum Parkii (Shea) Butter*, Cocos Nucifera (Coconut) Oil*, Crambe Abyssinica (Abyssinian) Seed Oil, Panthenol, Sodium Hyaluronate, Linoleic Acid, Oleic Acid, Cocos Nucifera (Coconut) Fruit Extract*, Lavandula Angustifolia (Lavender) Oil, Palmitic Acid, Stearic Acid, Linolenic Acid, Tocopherol, Hexyl Cinnamal *ingredients from certified organic agriculture",https://www.watsons.co.id/id/naturals-by-watsons-coconut-hair-butter-150ml/p/BP_59973,4/18/2026
P915,Sunsilk Multivitamin Hair Perfume 100ml,SUNSILK,Hair Mist,100ml,26.5,"Water, Cyclopentasiloxane, Phenyl Trimethicone, Glycerin, Dimethicone, Perfume, Citric Acid, Sodium Benzoate, PEG/PPG-18/18 Dimethicone, Cetrimonium Chloride, Polyquaternium-16, Disodium EDTA, Benzophenone-4, Panthenol, Tocopheryl Acetate, Niacinamide.",https://www.watsons.co.id/id/sunsilk-sunsilk-multivitamin-hair-perfume-100ml/p/BP_44622,4/18/2026
P916,Extra Fresh And Hydrate 450ml,MOIST DIANE,,450ml,137.9,"aqua, cetearyl alcohol, Dimethicone, Steartrimonium Chloride, Glycerin, Fragrance, sorbitol, Phenoxyethanol, Isopropyl Alcohol, amodimethicone, ethylhexyl palmitate, hydroxyethylcellulose, Menthol, dicocodimonium chloride, Salicylic Acid, o-cymen-5-ol, Citric Acid, Alcohol, butylene glycol, behenyl alcohol, glyceryl stearate se, hydrolyzed keratin, adansonia digitata seed oil, Argania Spinosa Kernel Oil, lupinus albus seed oil, melaleuca alternifolia leaf oil, prunus domestica seed extract, Rosmarinus Officinalis (Rosemary) Leaf Oil, Simmondsia Chinensis (Jojoba) Seed Oil, Oenothera Biennis (Evening Primrose) Oil, Mango (Mangifera Indica) Seed Oil, theobroma grandiflorum seed butter, mentha piperita leaf extract, gardenia florida fruit extract, leontopodium alpinum extract, althaea officinalis root extract, sanguisorba officinalis root extract, gentiana lutea root extract, rosa canina fruit extract, rosmarinus officinalis leaf extract, hamamelis virginiana leaf extract, humulus lupulus flower extract, symphytum officinale leaf extract, zizyphus jujuba fruit extract, centaurea cyanus flower extract, foeniculum vulgare fruit extract, sophora angustifolia root extract, lilium candidum bulb extract, crataegus oxyacantha fruit extract, arctium lappa root extract, Vitis Vinifera Leaf Extract, angelica archangelica root extract, artemisia absinthium extract, carbenia benedicta extract, centella asiatica extract, echinacea purpurea root extract, inula helenium extract, lavandula angustifolia flower extract, melia azadirachta leaf extract, rosa centifolia flower extract, rosa damascena flower extract, salvia officinalis leaf extract, thymus vulgaris flower/leaf extract, trifolium pratense flower extract, calendula officinalis flower extract, perilla ocymoides leaf extract, rosa multiflora fruit extract, cymbopogon schoenanthus leaf extract, malva sylvestris flower extract, sambucus nigra flower extract, anthemis nobilis flower extract, zingiber officinale root extract, equisetum arvense extract, aspalathus linearis extract, melilotus officinalis extract, saponaria officinalis leaf extract, crataegus cuneata fruit extract, alpinia speciosa leaf extract, luffa cylindrica fruit/leaf/stem extract, eucalyptus globulus leaf extract",https://www.watsons.co.id/id/moist-diane-extra-fresh-and-hydrate-450ml/p/BP_45676,4/18/2026
P917,Hair Scentsations Ocean Breeze 30 ml,MAKARIZO,Hair Mist,30 ml,17.2,,https://www.watsons.co.id/id/makarizo-hair-scentsations-ocean-breeze-30-ml/p/BP_72231,4/18/2026
P918,Powershot Creambath Silky Gloss 30g,SUNSILK,Creambath,30g,9.7,"Water, Cetearyl Alcohol, Behentrimonium Chloride, Perfume, Dimethicone, Dipropylene Glycol, Lactic Acid, Amodimethicone, Sodium Benzoate, Disodium EDTA, Helianthus Annuus (Sunflower) Seed Oil, Phenoxyethanol, PEG-7 Propylheptyl Ether, Cetrimonium Chloride, Ceramide NG, Sodium Ascorbyl Phosphate, Hydrolyzed Collagen.",https://www.watsons.co.id/id/sunsilk-powershot-creambath-silky-gloss-30g/p/BP_51928,4/18/2026
P919,Hair Mask Treatment 20g,ELLIPS,Hair Mask,20g,10.4,"Aqua, cetearyl alcohol, dimethicone, dimethiconol, cetyl ester, amodimethicone, cyclotetrasiloxane, trideceth-12 cetrimonium chloride, cyclotetrasiloxane, sodium benzoate, dimethyl palmitamine, steatrimonium chloride, isopropyl alcohol, potato starch m",https://www.watsons.co.id/id/ellips-hair-mask-treatment-20g/p/BP_70338,4/18/2026
P920,Twin Pack Shampoo & Tonic,INTENSE,Shampoo,,217.6,"Aqua, Fragrance, PEG – 40 Hydrogenated Castor Oil, Sodium Salicylate, Propylene Glycol, Panthenol, Linoleic Acid, Retinyl Palmitate, Ethoxydiglycol, Butylene Glycol, Glucose, Citric Acid, Chamomilla Recutita (Matricaria) Flower Extract, Lysine, Methionine, Lactic Acid, Glycine, Equisetum Arvense Extract, Histidine, Arginine, Leucine, Proline, Valine, Sodium Benzoate, Betula Alba Leaf Extract, Calcium Pantothenate, Tussilago Farfara Leaf Extract, Urtica Dioica Extract, Phenoxyethanol, Serine, Potassium Sorbate, Caramel, Inositol, CI 17200, Tartaric Acid, Triticum Vulgare Germ Oil, Methylparaben, CI 42090, Biotin, Riboflavin",https://www.watsons.co.id/id/intense-twin-pack-shampoo-tonic/p/BP_46784,4/18/2026
P921,Ellips Package Blister 10'S + 1'S Hair Mist Sweet Silky,ELLIPS,Hair Mist,,149.9,,https://www.watsons.co.id/id/ellips-ellips-package-blister-10-s-1-s-hair-mist-sweet-silky/p/BP_41631,4/18/2026
P922,Hair Tonic Anti Dandruf 200ml,MYLEA,Hair Tonic,200ml,78.5,,https://www.watsons.co.id/id/mylea-hair-tonic-anti-dandruf-200ml/p/BP_72454,4/18/2026
P923,NR Reactive Tonic 50ml,NR,Hair Tonic,50ml,50,"Aqua, Fragrance, PEG – 40 Hydrogenated Castor Oil, Sodium Salicylate, Propylene Glycol, Panthenol, Linoleic Acid, Retinyl Palmitate, Ethoxydiglycol, Butylene Glycol, Glucose, Citric Acid, Chamomilla Recutita (Matricaria) Flower Extract, Lysine, Methionine, Lactic Acid, Glycine, Equisetum Arvense Extract, Histidine, Arginine, Leucine, Proline, Valine, Sodium Benzoate, Betula Alba Leaf Extract, Calcium Pantothenate, Tussilago Farfara Leaf Extract, Urtica Dioica Extract, Phenoxyethanol, Serine, Potassium Sorbate, Caramel, Inositol, CI 17200, Tartaric Acid, Triticum Vulgare Germ Oil, Methylparaben, CI 42090, Biotin, Riboflavin",https://www.watsons.co.id/id/nr-nr-reactive-tonic-50ml/p/BP_42060,4/18/2026
P924,CBD Keratin Pro Daily Hair Mask 250g,CBD,Hair Mask,250g,70.5,"Aqua, Cyclopentasiloxane, Behentrimonium Chloride, Hydroxypropyl Starch Phosphate, Cetearyl Alcohol, Perfume, Cetyl Alcohol, Glyceryl Stearate, Cetrimonium Chloride, Dimethiconol, Isopropanol, PEG-100 Stearate, Phenoxyethanol, Panthenol, Sodium PCA, Sorbitan Caprylate, BHT, Disodium EDTA, Hydrolyzed Keratin, Benzotriazolyl Dodecyl p-Cresol, Sodium Metabisulfite, Citric Acid",https://www.watsons.co.id/id/cbd-cbd-keratin-pro-daily-hair-mask-250g/p/BP_35462,4/18/2026
P925,Hair Energy Scentsations White Musk 100ml,MAKARIZO,Hair Mist,100ml,29.9,,https://www.watsons.co.id/id/makarizo-hair-energy-scentsations-white-musk-100ml/p/BP_73145,4/18/2026
P926,Collagen Repair Hair Mask 35g,CBD,Hair Mask,35g,9.5,,https://www.watsons.co.id/id/cbd-collagen-repair-hair-mask-35g/p/BP_48352,4/18/2026
P927,Hair Vitamin Smooth & Silky Blisters 6S,ELLIPS,Hair Vitamin,,16,,https://www.watsons.co.id/id/ellips-hair-vitamin-smooth-silky-blisters-6s/p/BP_71765,4/18/2026
P928,Perfect Beauty Extra Hair Fall Control Shampoo 450 ml,MOIST DIANE,Shampoo,450 ml,105,"AQUA, SODIUM C14-16 OLEFIN SULFONATE, COCAMIDOPROPYL BETAINE,COCAMIDE METHYL MEA, TEA-COCOYL GLUTAMATE, BUTYLENE GLYCOL, DIPROPYLENEGLYCOL, GLYCERIN, PUNICA GRANATUM FRUIT EXTRACT, MALUS DOMESTICA FRUIT CELLCULTURE EXTRACT, KERATIN, CITRUS RETICULATA PEEL EXTRACT, PANAX GINSENG ROOTEXTRACT, PISUM SATIVUM SPROUT EXTRACT, SASA VEITCHII LEAF EXTRACT, PRUNUS LANNESIANA FLOWER EXTRACT, PAEONIA ALBIFLORA ROOT EXTRACT, ROSA CENTIFOLIA FLOWER EXTRACT, ROSA DAMASCENA FLOWER EXTRACT, CITRUS JUNOS SEED EXTRACT, HYDROLYZED CONCHIOLIN PROTEIN, ROSA HYBRID FLOWER EXTRACT, CAMELLIA SINENSIS LEAF EXTRACT, PRUNUS YEDOENSIS LEAF EXTRACT, ISOMALT, POLYQUATERNIUM-10,HYDROLYZED KERATIN, ARGANIA SPINOSA KERNEL OIL, MANGIFERA INDICA SEED OIL, SODIUM CHLORIDE, ARGANIA SPINOSA CALLUS CULTURE EXTRACT, SALICYLIC ACID, O-CYMEN-5-OL, WASABIA JAPONICA LEAF EXTRACT, XANTHAN GUM, SODIUM COCOAMPHOACETATE, SODIUM METHYL COCOYL TAURATE, POTASSIUM COCOYL HYDROLYZED COLLAGEN, LECITHIN, ALCOHOL, CITRIC ACID, MALIC ACID, ASCORBIC ACID, DISODIUM EDTA, SODIUM BENZOATE, PHENOXYETHANOL, FRAGRANCE",https://www.watsons.co.id/id/moist-diane-perfect-beauty-extra-hair-fall-control-shampoo-450-ml/p/BP_61723,4/18/2026
P929,Color Shield Hair Mask Sachet 35g,CBD,Hair Mask,35g,10.8,,https://www.watsons.co.id/id/cbd-color-shield-hair-mask-sachet-35g/p/BP_48353,4/18/2026
P930,Aloe Vera Hair & Scalp Tonic 120ml,NATURALS BY WATSONS,Hair Tonic,120ml,54.9,"Aqua, Glycerin, Propanediol, Polysorbate 20, Propylene Glycol, Chlorphenesin, Parfum, Climbazole, Citric Acid, Trisodium Ethylenediamine Disuccinate, Aloe Barbadensis (Aloe Vera) Leaf Juice*, Crambe Abyssinica (Abyssinian) Seed Oil, Persea Gratissima (Avocado) Oil*, Helianthus Annuus (Sunflower) Seed Oil*, Butylene Glycol, Arginine, Lactic Acid, Laminaria Digitata (Brown Algae) Extract, Glycine Soja (Soybean) Germ Extract, Triticum Vulgare (Wheat) Germ Extract, Phenoxyethanol, Camellia Sinensis (Green Tea) Leaf Extract, Cucumis Sativus (Cucumber) Fruit Extract, Gluconolactone, Scutellaria Baicalensis (Chinese Skullcap) Root Extract, Aloe Barbadensis (Aloe Vera) Extract*, Sodium Benzoate, Ethylhexylglycerin, Copper Tripeptide-1, Calcium Gluconate, Linalool, Limonene *ingredients from certified organic agriculture",https://www.watsons.co.id/id/naturals-by-watsons-aloe-vera-hair-scalp-tonic-120ml/p/BP_60120,4/18/2026
P931,Elseve Extraordinary Oil Refill Mask 250ml,L'OREAL,,250ml,136.5,"Water, Cetearyl Alcohol, Amodimethicone, Behentrimonium Chloride, Cetyl Esters, Fragrance, Isopropanol, Trideceth-6, Phenoxyethanol, Mica, Caramel, Cetrimonium Chloride, Glycerin, Titanium Oxide, Chlorhexidine 2HCl, Limonene, Iron Oxide, Lavender Oil, Honey Extract, Arginine, Oleamidooctadecanediol, Hypophaea Ramnoides Seed Oil, Lactic Acid, Yellow 4, Hydroxypropyltrimonium Hydrolyzed Wheat Protein, Acetyl Dipeptide-1 Cetyl, Red 504, Citric Acid.",https://www.watsons.co.id/id/l-oreal-elseve-extraordinary-oil-refill-mask-250ml/p/BP_61191,4/18/2026
P932,Bio+Peptide Complex Hair Serum Roller 10ml,CBD,Hair Serum,10ml,29,,https://www.watsons.co.id/id/cbd-bio-peptide-complex-hair-serum-roller-10ml/p/BP_48347,4/18/2026
P933,Emeron Hair Vitamin Damage Care,EMERON,Hair Vitamin,,8.5,,https://www.watsons.co.id/id/emeron-emeron-hair-vitamin-damage-care/p/BP_36581,4/18/2026
P934,Anti Dandruff Scalp Tonic Anti Ketombe Apek 75ml,CLEAR,Hair Tonic,75ml,76.9,"Alcohol, Water, Polysorbate 20, Glycerin, Pircotone Olamine, Citric Acid, Perfume, Niacinamide, Trehalose, Sodium Hyaluronate, Tocopheryl Acetate, Sodium Hydroxide, Denatonium Benzoate",https://www.watsons.co.id/id/clear-anti-dandruff-scalp-tonic-anti-ketombe-apek-75ml/p/BP_61240,4/18/2026
P935,Bio+Peptide Complex Hair Mask 500ml,CBD,Hair Mask,500ml,92,,https://www.watsons.co.id/id/cbd-bio-peptide-complex-hair-mask-500ml/p/BP_48351,4/18/2026
P936,Hair Energy Easy Straight Strong 120ml,MAKARIZO,,120ml,49.4,,https://www.watsons.co.id/id/makarizo-hair-energy-easy-straight-strong-120ml/p/BP_73915,4/18/2026
P937,Hair Mask Nutri Color 20Gr,ELLIPS,Hair Mask,20Gr,10.4,,https://www.watsons.co.id/id/ellips-hair-mask-nutri-color-20gr/p/BP_70340,4/18/2026
P938,Natur Conditioner Ginseng 160ml,NATUR,Conditioner,160ml,43.9,,https://www.watsons.co.id/id/natur-natur-conditioner-ginseng-160ml/p/BP_19366,4/18/2026
P939,Scalperfect BHA & Allantoin Scalp Exfoliating Gel 65g,ERHA,Scalp Serum,65g,89,,https://www.watsons.co.id/id/erha-scalperfect-bha-allantoin-scalp-exfoliating-gel-65g/p/BP_60917,4/18/2026
P940,Hair Vitamin Smooth&Shine Jar,ELLIPS,Hair Vitamin,,108,"AQUA / WATER, SODIUM LAURETH SULFATE, COCO-BETAINE, COCAMIDE MIPA, SODIUM CHLORIDE, CI 17200 / RED 33, COCOS NUCIFERA OIL / COCONUT OIL, LACTIC ACID, TOCOPHEROL, SODIUM BENZOATE, HYDROXYCITRONELLAL, HYDROLYZED SILKSODIUM ACETATESODIUM HYDROXIDE, PPG-5-CETETH-20, PEG-55 PROPYLENE GLYCOL OLEATE, POLYQUATERNIUM-10, SALICYLIC ACID, BENZYL SALICYLATE, BENZYL ALCOHOL, LINALOOL, LINUM USITATISSIMUM, FLOWEREXTRACT /LINSEED FLOWER EXTRACT, AMODIMETHICONE, PROPYLENE GLYCOL, ISOPROPYL ALCOHOL, CAPRYLIC/CAPRIC TRIGLYCERIDE, GERANIOL, GARDENIA TAHITENSIS FLOWER EXTRACT, ROSA CANINA FLOWER EXTRACT, DISODIUM EDTA, CITRIC ACID, CITRONELLOL,LAURETH-5 CARBOXYLIC ACID, HEXYL CINNAMAL, GLYCOLIC ACID, PARFUM / FRAGRANCE",https://www.watsons.co.id/id/ellips-hair-vitamin-smooth-shine-jar/p/BP_41186,4/18/2026
P941,Elseve Aminexil Serum - Anti Hair-Fall Serum 102ml,L'OREAL,Hair Serum,102ml,170.5,,https://www.watsons.co.id/id/l-oreal-elseve-aminexil-serum-anti-hair-fall-serum-102ml/p/BP_59845,4/18/2026
P942,Hair Vitamin Hair Treatment Blister 6s,ELLIPS,Hair Vitamin,,16,"AQUA, GLYCERIN, STEARYL ALCOHOL, BEHENYL ALCOHOL, STEARTRIMONIUM CHLORIDE, SORBITOL, ISOPROPYL MYRISTATE, HYDROGENATED POLYDECENE, FRAGRANCE, ISOPROPYL ALCOHOL, AMODIMETHICONE, PHENOXYETHANOL, METHYLPARABEN, PPG-2-DECETH-12, LAURTRIMONIUM CHLORIDE, SQUALANE, CAMELLIA JAPONICA SEED OIL, POLYQUATERNIUM-11, LACTIC ACID, ASPARTIC ACID, CITRIC ACID, BUTYLENE GLYCOL, SODIUM DILAURAMIDOGLUTAMIDE LYSINE, PHYTOSTERYL/OCTYLDODECYL LAUROYL GLUTAMATE, PHYTOSTERYL MACADAMIATE, TAURINE, GLYCINE SOJA (SOYBEAN) SEED EXTRACT, TOCOPHEROL, HYDROXYPROPYL ARGININE LAURYL/MYRISTYL ETHER HCL, ALCOHOL.",https://www.watsons.co.id/id/ellips-hair-vitamin-hair-treatment-blister-6s/p/BP_41185,4/18/2026
P943,Lavender Balancing Hair Oil 100ml,NATURALS BY WATSONS,Hair Oil,100ml,54.9,,https://www.watsons.co.id/id/naturals-by-watsons-lavender-balancing-hair-oil-100ml/p/BP_48179,4/18/2026
P944,Hair Mask Volume Miracle 20Gr,ELLIPS,Hair Mask,20Gr,,,https://www.watsons.co.id/id/ellips-hair-mask-volume-miracle-20gr/p/BP_70339,4/18/2026
P945,Ellips Hair Vitamin Hair Vitality With Ginseng & Honey 6's Blister,ELLIPS,Hair Vitamin,,16,"Water, Glycerin, Propylene Glycol, Butylene Glycol, PEG-40 Hydrogenated Castor Oil, Phenoxyethanol, Hydroxyacetophenone, Zingiber Officinale (Ginger) Root Extract, Anemarrhena Asphodeloides Root Extract, Panax Ginseng Root Extract, Disodium EDTA, Fragrance, Ethylhexylglycerin, Niacinamide, Caffeine, Angelica Polymorpha Sinensis Root Extract, Biota Orientalis Leaf Extract, Polygonum Multiflorum Root Extract, 1,2-Hexanediol, Caprylyl Glycol, Yeast Extract, Aesculus Hippocastanum (Horse Chestnut) Seed Extract, Cyclodextrin, Arginine, Ammonium Glycyrrhizate, Chlorphenesin, Panthenol, Zinc Gluconate, Sodium Citrate, Citric Acid, Biotin, Chrysin, Oleanolic Acid, Palmitoyl Tripeptide-1, Oxothiazolidinecarboxylic Acid, Diaminopyrimidine Oxide.",https://www.watsons.co.id/id/ellips-ellips-hair-vitamin-hair-vitality-with-ginseng-honey-6-s-blister/p/BP_39563,4/18/2026
P946,Hair Energy Scentsations Cherry Blossoms 30ml,MAKARIZO,Hair Mist,30ml,17.2,,https://www.watsons.co.id/id/makarizo-hair-energy-scentsations-cherry-blossoms-30ml/p/BP_72233,4/18/2026
P947,Natur Hair Vit Arganoil & Oliveoil Vit E 80ml,NATUR,Hair Vitamin,80ml,34.5,,https://www.watsons.co.id/id/natur-natur-hair-vit-arganoil-oliveoil-vit-e-80ml/p/BP_73919,4/18/2026
P948,Lucido-L Hair Vitamin Spray Dry 200ml,LUCIDO L,Hair Vitamin,200ml,50.6,,https://www.watsons.co.id/id/lucido-l-lucido-l-hair-vitamin-spray-dry-200ml/p/BP_71025,4/18/2026
P949,Mylea Intensive Hair Mask 25g,MYLEA,Hair Mask,25g,8.9,"AQUA / WATER, CETEARYL ALOCHOL, PARAFFINUM LIQUIDUM/ MINERAL OIL, DIPALMITOYLETHYL HYDROXYETHYLMONIUM METHOSULFATE, CETYL ESTERS, LACTIC ACOD, PHENOXYETHANOL, ARGNNINE, TRIDECETH-6 CHLORHEXIDINE DIGLUCONATE, LIMONENE, LINALOOL, BENZYL ALCOHOL, BENZYL SALICYLATE, AMODIMETHICONE, FRAGRANCE, CITRIC ACID, AITRONELLOL",https://www.watsons.co.id/id/mylea-mylea-intensive-hair-mask-25g/p/BP_37464,4/18/2026
P950,Ellips Hair Vitamin Pro Keratin Hair Repair Jar 50'S,ELLIPS,Hair Vitamin,,108,,https://www.watsons.co.id/id/ellips-ellips-hair-vitamin-pro-keratin-hair-repair-jar-50-s/p/BP_70247,4/18/2026
P951,Makarizo Vitaglitz Hair Serum Shine Reflect Enhancer 8Ml,MAKARIZO,Hair Serum,8Ml,19.5,"Water, Cyclopentasiloxane, Phenyl Trimethicone, Glycerin, Dimethicone, Perfume, Citric Acid, Sodium Benzoate, PEG/PPG-18/18 Dimethicone, Cetrimonium Chloride, Polyquaternium-16, Disodium EDTA, Benzophenone-4, Panthenol, Tocopheryl Acetate, Niacinamide.",https://www.watsons.co.id/id/makarizo-makarizo-vitaglitz-hair-serum-shine-reflect-enhancer-8ml/p/BP_29521,4/18/2026
P952,Hair Mask Pro Keratin Hair Repair Tube 120g,ELLIPS,Hair Mask,120g,58.5,,https://www.watsons.co.id/id/ellips-hair-mask-pro-keratin-hair-repair-tube-120g/p/BP_72506,4/18/2026
P953,Fall Repair 3X Mask Treatment 200ml,L'OREAL,,200ml,125.6,"AQUA / WATER, CETEARYL ALOCHOL, PARAFFINUM LIQUIDUM/ MINERAL OIL, DIPALMITOYLETHYL HYDROXYETHYLMONIUM METHOSULFATE, CETYL ESTERS, LACTIC ACOD, PHENOXYETHANOL, ARGNNINE, TRIDECETH-6 CHLORHEXIDINE DIGLUCONATE, LIMONENE, LINALOOL, BENZYL ALCOHOL, BENZYL SALICYLATE, AMODIMETHICONE, FRAGRANCE, CITRIC ACID, AITRONELLOL",https://www.watsons.co.id/id/l-oreal-fall-repair-3x-mask-treatment-200ml/p/BP_70736,4/18/2026
P954,NR Hair Tonic 50ml,NR,Hair Tonic,50ml,47.9,"AQUA/WATER, CETEARYL ALCOHOL, BEHENTRIMONIUM CHLORIDE, GLYCERIN, CETYL ESTERS, HYDROXYPROPYLTRIMONIUM HYDROLYZED WHEAT PROTEIN, DODOCENE, PHENOXYETHANOL, ARGININE, CHLORHEXIDINE DIGLUCONATE, POLOXAMEN 407, LIMONENE, LINALOOL, BENZYL SALICYLATE, ISOPROPYL MYRISTATE, 2-OLEAMIDO-1,3-OCTADECANDEDIOL, SERINE, BHT, CITRIC ACID, BUTYLPHENYL METHYLPROPIONAL, LAURYL PEG/PPG-18/18 METHICONE, GLUTAMIC ACID, HEXYL CINNAMAL, GLYCERYL LINOLEATE, GLYCERYL OLEATE, GLYCERYL LINOLENATE, PARFUM/FRAGRANCE (F.I.L. C37037/1/",https://www.watsons.co.id/id/nr-nr-hair-tonic-50ml/p/BP_36030,4/18/2026
P955,Hair Spray Non Aerosol Strong New 200ml,RUDY HADISUWARNO,,200ml,48.6,"Ginseng Extract, Panthenol / Provit. B5, UV Protection, Hair Fixative",https://www.watsons.co.id/id/rudy-hadisuwarno-hair-spray-non-aerosol-strong-new-200ml/p/BP_61457,4/18/2026
P956,Hair Growth Serum New 6x9ml,RUDY HADISUWARNO,Hair Serum,9ml,94.5,"Sophora Root Extract, Biotin Peptide, Soybean Protein, Hydrolized Sericin",https://www.watsons.co.id/id/rudy-hadisuwarno-hair-growth-serum-new-6x9ml/p/BP_61454,4/18/2026
P957,Perfect Beauty Extra Hair Fall Control Treatment / Conditioner 450 ml,MOIST DIANE,Conditioner,450 ml,137.9,"AQUA, ETHYLHEXYL PALMITATE, CETEARYL ALCOHOL, GLYCERIN, BUTYLENEGLYCOL, PUNICA GRANATUM FRUIT EXTRACT, MALUS DOMESTICA FRUIT CELL CULTUREEXTRACT, KERATIN, CITRUS RETICULATA PEEL EXTRACT, PANAX GINSENG ROOT EXTRACT,PISUM SATIVUM SPROUT EXTRACT, SASA VEITCHII LEAF EXTRACT, PRUNUS LANNESIANAFLOWER EXTRACT, PAEONIA ALBIFLORA ROOT EXTRACT, ROSA CENTIFOLIA FLOWEREXTRACT, ROSA DAMASCENA FLOWER EXTRACT, CITRUS JUNOS SEED EXTRACT,HYDROLYZED CONCHIOLIN PROTEIN, ROSA HYBRID FLOWER EXTRACT, CAMELLIA SINENSISLEAF EXTRACT, PRUNUS YEDOENSIS LEAF EXTRACT, ISOMALT, POLYQUATERNIUM-10,HYDROLYZED KERATIN, ARGANIA SPINOSA KERNEL OIL, MANGIFERA INDICA SEED OIL,BIS-BEHENYL/ISOSTEARYL/PHYTOSTERYL DIMER DILINOLEYL DIMER DILINOLEATE, ARGANIA SPINOSA CALLUS CULTURE EXTRACT, SALICYLIC ACID, O-CYMEN-5-OL, WASABIA JAPONICA LEAF EXTRACT, XANTHAN GUM, GLYCERYL TRI-HYDROGENATED ROSINATE, LECITHIN, STEARTRIMONIUM CHLORIDE, CETRIMONIUM CHLORIDE, DICOCODIMONIUM CHLORIDE, ISOPROPYL ALCOHOL, ALCOHOL, MALIC ACID, ASCORBIC ACID, DISODIUM EDTA, PHENOXYETHANOL, FRAGRANCE, CITRIC ACID",https://www.watsons.co.id/id/moist-diane-perfect-beauty-extra-hair-fall-control-treatment-conditioner-450-ml/p/BP_61724,4/18/2026
